Time,Mean_Levels,Mean_Level_Errors,Cleaned_Area,wsc,rws,rws_err,Hypsometry,RMSE,AreaunitinHypsometry_and_RMSE,LakeID,FileName,MethodUsed,rws_wSediAdj,rws_err_wSediAdj
1993213,42.2787784443969,0.316091534646181,266.372,0,0,0.0845271653383443,Area=0+6.300371245359423*x,-99,km2,683,ID683Takla30m_GEE1992_2020_monthlyVolume_ICESat2Levelrange.csv,SimpleLinear,NA,NA
1994182,41.8651520248554,0.316091534646181,263.766,-0.10963954140145,-0.10963954140145,0.0835227983968876,NA,NA,NA,683,ID683Takla30m_GEE1992_2020_monthlyVolume_ICESat2Levelrange.csv,SimpleLinear,NA,NA
1994213,42.1911645596742,0.316091534646181,265.82,0.0863258371322747,-0.0233137042691753,0.0843083673540543,NA,NA,NA,683,ID683Takla30m_GEE1992_2020_monthlyVolume_ICESat2Levelrange.csv,SimpleLinear,NA,NA
1995182,42.158468073709,0.316091534646181,265.614,-0.00868801216123865,-0.0320017164304139,0.0842275525205837,NA,NA,NA,683,ID683Takla30m_GEE1992_2020_monthlyVolume_ICESat2Levelrange.csv,SimpleLinear,NA,NA
1995213,41.6026278122993,0.316091534646181,262.112,-0.146665678896344,-0.178667395326757,0.0829225593738199,NA,NA,NA,683,ID683Takla30m_GEE1992_2020_monthlyVolume_ICESat2Levelrange.csv,SimpleLinear,NA,NA
1996183,41.9921286693807,0.316091534646181,264.566,0.102570766202967,-0.0760966291237909,0.0838234352791756,NA,NA,NA,683,ID683Takla30m_GEE1992_2020_monthlyVolume_ICESat2Levelrange.csv,SimpleLinear,NA,NA
1996214,41.9681618277266,0.316091534646181,264.415,-0.00633900193251393,-0.0824356310563049,0.0837661715417762,NA,NA,NA,683,ID683Takla30m_GEE1992_2020_monthlyVolume_ICESat2Levelrange.csv,SimpleLinear,NA,NA
1997182,44.3245309085066,0.316091534646181,279.261,0.640550658181084,0.55811502712478,0.090594667022147607,NA,NA,NA,683,ID683Takla30m_GEE1992_2020_monthlyVolume_ICESat2Levelrange.csv,SimpleLinear,NA,NA
1997213,41.0069486286695,0.316091534646181,258.359,-0.891799292643011,-0.333684265518232,0.0816650927996527,NA,NA,NA,683,ID683Takla30m_GEE1992_2020_monthlyVolume_ICESat2Levelrange.csv,SimpleLinear,NA,NA
1998182,41.7059550567819,0.316091534646181,262.763,0.182133813915395,-0.151550451602837,0.0831553962857971,NA,NA,NA,683,ID683Takla30m_GEE1992_2020_monthlyVolume_ICESat2Levelrange.csv,SimpleLinear,NA,NA
1998213,41.8061078851511,0.316091534646181,263.394,0.0263480558581052,-0.125202395744731,0.0833853021163818,NA,NA,NA,683,ID683Takla30m_GEE1992_2020_monthlyVolume_ICESat2Levelrange.csv,SimpleLinear,NA,NA
1999182,42.0100641204199,0.316091534646181,264.679,0.0538518905135592,-0.0713505052311721,0.0838664465411736,NA,NA,NA,683,ID683Takla30m_GEE1992_2020_monthlyVolume_ICESat2Levelrange.csv,SimpleLinear,NA,NA
1999213,41.8413439040071,0.316091534646181,263.616,-0.0445670233648985,-0.115917528596071,0.083467181186865,NA,NA,NA,683,ID683Takla30m_GEE1992_2020_monthlyVolume_ICESat2Levelrange.csv,SimpleLinear,NA,NA
2000183,41.3985128562244,0.316091534646181,260.826,-0.116119600180613,-0.232037128776684,0.0824755017047744,NA,NA,NA,683,ID683Takla30m_GEE1992_2020_monthlyVolume_ICESat2Levelrange.csv,SimpleLinear,NA,NA
2000214,42.0952971930578,0.316091534646181,265.216,0.183268913058255,-0.0487682157184295,0.0840727012520903,NA,NA,NA,683,ID683Takla30m_GEE1992_2020_monthlyVolume_ICESat2Levelrange.csv,SimpleLinear,NA,NA
2001182,41.7505556031711,0.316091534646181,263.044,-0.0910565961367952,-0.139824811855225,0.083257264242889,NA,NA,NA,683,ID683Takla30m_GEE1992_2020_monthlyVolume_ICESat2Levelrange.csv,SimpleLinear,NA,NA
2001213,41.7334137561602,0.316091534646181,262.936,-0.00450813434538657,-0.144332946200611,0.0832180144807495,NA,NA,NA,683,ID683Takla30m_GEE1992_2020_monthlyVolume_ICESat2Levelrange.csv,SimpleLinear,NA,NA
2002182,42.0089530747805,0.316091534646181,264.672,0.0726883744093105,-0.0716445717913007,0.0838637781872905,NA,NA,NA,683,ID683Takla30m_GEE1992_2020_monthlyVolume_ICESat2Levelrange.csv,SimpleLinear,NA,NA
2002213,41.3074071137778,0.316091534646181,260.252,-0.184129156016689,-0.25577372780799,0.0822814393898244,NA,NA,NA,683,ID683Takla30m_GEE1992_2020_monthlyVolume_ICESat2Levelrange.csv,SimpleLinear,NA,NA
2003182,43.3468107456611,0.316091534646181,273.101,0.543861022637917,0.288087294829927,0.0874621617239581,NA,NA,NA,683,ID683Takla30m_GEE1992_2020_monthlyVolume_ICESat2Levelrange.csv,SimpleLinear,NA,NA
2003213,41.9121333833298,0.316091534646181,264.062,-0.38532779799098,-0.0972405031610529,0.0836332455107664,NA,NA,NA,683,ID683Takla30m_GEE1992_2020_monthlyVolume_ICESat2Levelrange.csv,SimpleLinear,NA,NA
2004183,42.1256128669379,0.316091534646181,265.407,0.0565153843532551,-0.0407251188077978,0.0841468030100943,NA,NA,NA,683,ID683Takla30m_GEE1992_2020_monthlyVolume_ICESat2Levelrange.csv,SimpleLinear,NA,NA
2004214,42.0811710413541,0.316091534646181,265.127,-0.0117889497471424,-0.0525140685549402,0.0840383051546762,NA,NA,NA,683,ID683Takla30m_GEE1992_2020_monthlyVolume_ICESat2Levelrange.csv,SimpleLinear,NA,NA
2005182,42.1898947932289,0.316091534646181,265.812,0.028862840048321,-0.0236512285066193,0.0843052204254957,NA,NA,NA,683,ID683Takla30m_GEE1992_2020_monthlyVolume_ICESat2Levelrange.csv,SimpleLinear,NA,NA
2005213,41.9118159417185,0.316091534646181,264.06,-0.0736730986037517,-0.097324327110371,0.0836324961431787,NA,NA,NA,683,ID683Takla30m_GEE1992_2020_monthlyVolume_ICESat2Levelrange.csv,SimpleLinear,NA,NA
2006213,42.1425959931435,0.316091534646181,265.514,0.0611075574766641,-0.0362167696337069,0.0841884858667795,NA,NA,NA,683,ID683Takla30m_GEE1992_2020_monthlyVolume_ICESat2Levelrange.csv,SimpleLinear,NA,NA
2007182,42.5322555710307,0.316091534646181,267.969,0.103938380294995,0.0677216106612882,0.085178706235292,NA,NA,NA,683,ID683Takla30m_GEE1992_2020_monthlyVolume_ICESat2Levelrange.csv,SimpleLinear,NA,NA
2007213,42.0210158560103,0.316091534646181,264.748,-0.136173043633245,-0.0684514329719564,0.0838927767425845,NA,NA,NA,683,ID683Takla30m_GEE1992_2020_monthlyVolume_ICESat2Levelrange.csv,SimpleLinear,NA,NA
2008183,42.0479983929717,0.316091534646181,264.918,0.00714586621110926,-0.0613055667608471,0.0839578642308084,NA,NA,NA,683,ID683Takla30m_GEE1992_2020_monthlyVolume_ICESat2Levelrange.csv,SimpleLinear,NA,NA
2008214,42.1252954253268,0.316091534646181,265.405,0.0204961970448243,-0.0408093697160228,0.0841460250565698,NA,NA,NA,683,ID683Takla30m_GEE1992_2020_monthlyVolume_ICESat2Levelrange.csv,SimpleLinear,NA,NA
2009182,42.0073658667238,0.316091534646181,264.662,-0.0312552836700107,-0.0720646533860334,0.0838599671559843,NA,NA,NA,683,ID683Takla30m_GEE1992_2020_monthlyVolume_ICESat2Levelrange.csv,SimpleLinear,NA,NA
2009213,42.489083511892,0.316091534646181,267.697,0.128223361932034,0.0561587085460009,0.0850657807148144,NA,NA,NA,683,ID683Takla30m_GEE1992_2020_monthlyVolume_ICESat2Levelrange.csv,SimpleLinear,NA,NA
2010182,41.8888014248982,0.316091534646181,263.915,-0.159558580415455,-0.103399871869454,0.0835782795378445,NA,NA,NA,683,ID683Takla30m_GEE1992_2020_monthlyVolume_ICESat2Levelrange.csv,SimpleLinear,NA,NA
2010213,42.0056199378616,0.316091534646181,264.651,0.0308731470615039,-0.0725267248079502,0.0838557762482118,NA,NA,NA,683,ID683Takla30m_GEE1992_2020_monthlyVolume_ICESat2Levelrange.csv,SimpleLinear,NA,NA
2011213,41.5800894578958,0.316091534646181,261.97,-0.112046643445035,-0.184573368252985,0.0828723566568087,NA,NA,NA,683,ID683Takla30m_GEE1992_2020_monthlyVolume_ICESat2Levelrange.csv,SimpleLinear,NA,NA
2012183,42.064664077566,0.316091534646181,265.023,0.127683716271925,-0.0568896519810605,0.0839982189682314,NA,NA,NA,683,ID683Takla30m_GEE1992_2020_monthlyVolume_ICESat2Levelrange.csv,SimpleLinear,NA,NA
2012214,42.0891070816372,0.316091534646181,265.177,0.00647984037926054,-0.0504098116017999,0.0840576184047532,NA,NA,NA,683,ID683Takla30m_GEE1992_2020_monthlyVolume_ICESat2Levelrange.csv,SimpleLinear,NA,NA
2013182,41.5713598135849,0.316091534646181,261.915,-0.136450221506109,-0.186860033107909,0.0828529680819015,NA,NA,NA,683,ID683Takla30m_GEE1992_2020_monthlyVolume_ICESat2Levelrange.csv,SimpleLinear,NA,NA
2013213,41.3867675166061,0.316091534646181,260.752,-0.0482401510424924,-0.235100184150401,0.0824502942007353,NA,NA,NA,683,ID683Takla30m_GEE1992_2020_monthlyVolume_ICESat2Levelrange.csv,SimpleLinear,NA,NA
2014182,41.5950092136277,0.316091534646181,262.064,0.0544360455350092,-0.180664138615392,0.0829055660518406,NA,NA,NA,683,ID683Takla30m_GEE1992_2020_monthlyVolume_ICESat2Levelrange.csv,SimpleLinear,NA,NA
2014213,41.9043560638524,0.316091534646181,264.013,0.0813701314628443,-0.0992940071525478,0.0836148981684201,NA,NA,NA,683,ID683Takla30m_GEE1992_2020_monthlyVolume_ICESat2Levelrange.csv,SimpleLinear,NA,NA
2015182,42.1581506320977,0.316091534646181,265.612,0.0672079741034349,-0.0320860330491129,0.0842267701386206,NA,NA,NA,683,ID683Takla30m_GEE1992_2020_monthlyVolume_ICESat2Levelrange.csv,SimpleLinear,NA,NA
2015213,41.4550174630383,0.316091534646181,261.182,-0.185203167330727,-0.21728920037984,0.0825975547931882,NA,NA,NA,683,ID683Takla30m_GEE1992_2020_monthlyVolume_ICESat2Levelrange.csv,SimpleLinear,NA,NA
2016183,41.4823174416115,0.316091534646181,261.354,0.00713261080185829,-0.210156589577981,0.0826569906706225,NA,NA,NA,683,ID683Takla30m_GEE1992_2020_monthlyVolume_ICESat2Levelrange.csv,SimpleLinear,NA,NA
2016214,41.4854918577246,0.316091534646181,261.374,8.2967809298357e-4,-0.209326911484998,0.082663921577301,NA,NA,NA,683,ID683Takla30m_GEE1992_2020_monthlyVolume_ICESat2Levelrange.csv,SimpleLinear,NA,NA
2017182,41.8694374866079,0.316091534646181,263.793,0.100817787041888,-0.10850912444311,0.0835328346631157,NA,NA,NA,683,ID683Takla30m_GEE1992_2020_monthlyVolume_ICESat2Levelrange.csv,SimpleLinear,NA,NA
2017213,42.0060961002785,0.316091534646181,264.654,0.0361084172091761,-0.0724007072339335,0.0838569190956198,NA,NA,NA,683,ID683Takla30m_GEE1992_2020_monthlyVolume_ICESat2Levelrange.csv,SimpleLinear,NA,NA
2018182,41.554217966574,0.316091534646181,261.807,-0.118948107074087,-0.19134881430802,0.08281498709138,NA,NA,NA,683,ID683Takla30m_GEE1992_2020_monthlyVolume_ICESat2Levelrange.csv,SimpleLinear,NA,NA
2018213,42.2556052067712,0.316091534646181,266.226,0.185177804301515,-0.00617101000650494,0.0844689762044738,NA,NA,NA,683,ID683Takla30m_GEE1992_2020_monthlyVolume_ICESat2Levelrange.csv,SimpleLinear,NA,NA
2019182,43.089683040497,0.316091534646181,271.481,0.224244744869603,0.218073734863098,0.0867097500869102,NA,NA,NA,683,ID683Takla30m_GEE1992_2020_monthlyVolume_ICESat2Levelrange.csv,SimpleLinear,NA,NA
2019213,44.4754743946862,0.316091534646181,280.212,0.382265694783357,0.600339429646455,0.0911170419376795,NA,NA,NA,683,ID683Takla30m_GEE1992_2020_monthlyVolume_ICESat2Levelrange.csv,SimpleLinear,NA,NA
2020183,42.2532243946862,0.316091534646181,266.211,-0.607144255875009,-0.00680482622855383,0.0844630108647034,NA,NA,NA,683,ID683Takla30m_GEE1992_2020_monthlyVolume_ICESat2Levelrange.csv,SimpleLinear,NA,NA
2020214,43.1160306942361,0.316091534646181,271.647,0.232033635331655,0.225228809103102,0.0867854986397162,NA,NA,NA,683,ID683Takla30m_GEE1992_2020_monthlyVolume_ICESat2Levelrange.csv,SimpleLinear,NA,NA
1993213,346.377840966447,2.58378358292012,116.022,0,0,0.310803157630115,Area=0+0.3349579166966362*x,-99,km2,1449,ID1449Unknown30m_GEE1992_2020_monthlyVolume_ICESat2Levelrange.csv,SimpleLinear,NA,NA
1994182,346.733109476515,2.58378358292012,116.141,0.0412401015513613,0.0412401015513613,0.311362824815837,NA,NA,NA,1449,ID1449Unknown30m_GEE1992_2020_monthlyVolume_ICESat2Levelrange.csv,SimpleLinear,NA,NA
1994213,346.446506308729,2.58378358292012,116.045,-0.0332726215576858,0.0079674799936755,0.310911098364042,NA,NA,NA,1449,ID1449Unknown30m_GEE1992_2020_monthlyVolume_ICESat2Levelrange.csv,SimpleLinear,NA,NA
1995182,346.637575087253,2.58378358292012,116.109,0.0221786906046675,0.030146170598343,0.311212035748154,NA,NA,NA,1449,ID1449Unknown30m_GEE1992_2020_monthlyVolume_ICESat2Levelrange.csv,SimpleLinear,NA,NA
1996214,346.930149154367,2.58378358292012,116.207,0.0339848184878482,0.0641309890861912,0.311674501998442,NA,NA,NA,1449,ID1449Unknown30m_GEE1992_2020_monthlyVolume_ICESat2Levelrange.csv,SimpleLinear,NA,NA
1997182,348.192994362421,2.58378358292012,116.63,0.147018544853827,0.211149533940018,0.313693665986719,NA,NA,NA,1449,ID1449Unknown30m_GEE1992_2020_monthlyVolume_ICESat2Levelrange.csv,SimpleLinear,NA,NA
1997213,344.392516939602,2.58378358292012,115.357,-0.440830677943766,-0.229681144003748,0.307729900050422,NA,NA,NA,1449,ID1449Unknown30m_GEE1992_2020_monthlyVolume_ICESat2Levelrange.csv,SimpleLinear,NA,NA
1998182,345.92106716779,2.58378358292012,115.869,0.176720277531487,-0.0529608664722607,0.310087923591462,NA,NA,NA,1449,ID1449Unknown30m_GEE1992_2020_monthlyVolume_ICESat2Levelrange.csv,SimpleLinear,NA,NA
1998213,344.840334389266,2.58378358292012,115.507,-0.125027813681826,-0.177988680154087,0.308415081078634,NA,NA,NA,1449,ID1449Unknown30m_GEE1992_2020_monthlyVolume_ICESat2Levelrange.csv,SimpleLinear,NA,NA
1999182,347.252577718125,2.58378358292012,116.315,0.279605536491396,0.101616856337309,0.312186480241867,NA,NA,NA,1449,ID1449Unknown30m_GEE1992_2020_monthlyVolume_ICESat2Levelrange.csv,SimpleLinear,NA,NA
1999213,348.076561825508,2.58378358292012,116.591,0.095955421257021,0.19757227759433,0.313505937184015,NA,NA,NA,1449,ID1449Unknown30m_GEE1992_2020_monthlyVolume_ICESat2Levelrange.csv,SimpleLinear,NA,NA
2000183,314.23051897987,2.58378358292012,105.254,-3.75428768754529,-3.55671540995096,0.271953557236674,NA,NA,NA,1449,ID1449Unknown30m_GEE1992_2020_monthlyVolume_ICESat2Levelrange.csv,SimpleLinear,NA,NA
2000214,345.724027489937,2.58378358292012,115.803,3.48093025535498,-0.0757851545959767,0.309780897020209,NA,NA,NA,1449,ID1449Unknown30m_GEE1992_2020_monthlyVolume_ICESat2Levelrange.csv,SimpleLinear,NA,NA
2001182,347.001799946313,2.58378358292012,116.231,0.148243327071368,0.072458172475391,0.31178806453024,NA,NA,NA,1449,ID1449Unknown30m_GEE1992_2020_monthlyVolume_ICESat2Levelrange.csv,SimpleLinear,NA,NA
2001213,345.479220617454,2.58378358292012,115.721,-0.176582660243715,-0.104124487768324,0.309400703330045,NA,NA,NA,1449,ID1449Unknown30m_GEE1992_2020_monthlyVolume_ICESat2Levelrange.csv,SimpleLinear,NA,NA
2002182,344.488051328864,2.58378358292012,115.389,-0.114534567143105,-0.218659054911429,0.307875679756207,NA,NA,NA,1449,ID1449Unknown30m_GEE1992_2020_monthlyVolume_ICESat2Levelrange.csv,SimpleLinear,NA,NA
2002213,344.947810577186,2.58378358292012,115.543,0.0530865613667384,-0.16557249354469,0.308580220323177,NA,NA,NA,1449,ID1449Unknown30m_GEE1992_2020_monthlyVolume_ICESat2Levelrange.csv,SimpleLinear,NA,NA
2003182,348.59005916779,2.58378358292012,116.763,0.423058100544416,0.257485606999726,0.314336261527315,NA,NA,NA,1449,ID1449Unknown30m_GEE1992_2020_monthlyVolume_ICESat2Levelrange.csv,SimpleLinear,NA,NA
2003213,345.92106716779,2.58378358292012,115.869,-0.310446473471987,-0.0529608664722609,0.310087923591462,NA,NA,NA,1449,ID1449Unknown30m_GEE1992_2020_monthlyVolume_ICESat2Levelrange.csv,SimpleLinear,NA,NA
2004183,347.198839624165,2.58378358292012,116.297,0.148327660053462,0.0953667935812012,0.312100981435637,NA,NA,NA,1449,ID1449Unknown30m_GEE1992_2020_monthlyVolume_ICESat2Levelrange.csv,SimpleLinear,NA,NA
2004214,349.572272107387,2.58378358292012,117.092,0.276966516913312,0.372333310494513,0.315941745920364,NA,NA,NA,1449,ID1449Unknown30m_GEE1992_2020_monthlyVolume_ICESat2Levelrange.csv,SimpleLinear,NA,NA
2005182,347.843696751682,2.58378358292012,116.513,-0.201901922984714,0.170431387509799,0.3131314335489,NA,NA,NA,1449,ID1449Unknown30m_GEE1992_2020_monthlyVolume_ICESat2Levelrange.csv,SimpleLinear,NA,NA
2005213,346.864469261749,2.58378358292012,116.185,-0.113932139226216,0.0564992482835837,0.311570508610986,NA,NA,NA,1449,ID1449Unknown30m_GEE1992_2020_monthlyVolume_ICESat2Levelrange.csv,SimpleLinear,NA,NA
2006213,347.604860778528,2.58378358292012,116.433,0.0861141969250254,0.142613445208609,0.312748648160347,NA,NA,NA,1449,ID1449Unknown30m_GEE1992_2020_monthlyVolume_ICESat2Levelrange.csv,SimpleLinear,NA,NA
2007182,347.858624000005,2.58378358292012,116.518,0.0295571981030799,0.172170643311689,0.313155402044006,NA,NA,NA,1449,ID1449Unknown30m_GEE1992_2020_monthlyVolume_ICESat2Levelrange.csv,SimpleLinear,NA,NA
2007213,347.61978802685,2.58378358292012,116.438,-0.027819136481056,0.144351506830633,0.312772533068196,NA,NA,NA,1449,ID1449Unknown30m_GEE1992_2020_monthlyVolume_ICESat2Levelrange.csv,SimpleLinear,NA,NA
2008183,346.270364778528,2.58378358292012,115.986,-0.156819174534044,-0.0124676677034109,0.310634428331021,NA,NA,NA,1449,ID1449Unknown30m_GEE1992_2020_monthlyVolume_ICESat2Levelrange.csv,SimpleLinear,NA,NA
2009213,346.610706040273,2.58378358292012,116.1,0.0394942210366663,0.0270265533332554,0.311169664809189,NA,NA,NA,1449,ID1449Unknown30m_GEE1992_2020_monthlyVolume_ICESat2Levelrange.csv,SimpleLinear,NA,NA
2010182,348.013867382555,2.58378358292012,116.57,0.163236774754367,0.190263328087622,0.313404984167272,NA,NA,NA,1449,ID1449Unknown30m_GEE1992_2020_monthlyVolume_ICESat2Levelrange.csv,SimpleLinear,NA,NA
2010213,346.243495731548,2.58378358292012,115.977,-0.205847308163316,-0.0155839800756934,0.310592288220028,NA,NA,NA,1449,ID1449Unknown30m_GEE1992_2020_monthlyVolume_ICESat2Levelrange.csv,SimpleLinear,NA,NA
2013182,348.428844885911,2.58378358292012,116.709,0.254250076665995,0.238666096590301,0.31407491189416,NA,NA,NA,1449,ID1449Unknown30m_GEE1992_2020_monthlyVolume_ICESat2Levelrange.csv,SimpleLinear,NA,NA
2014182,346.643545986582,2.58378358292012,116.111,-0.207826644870896,0.0308394517194049,0.311221453806826,NA,NA,NA,1449,ID1449Unknown30m_GEE1992_2020_monthlyVolume_ICESat2Levelrange.csv,SimpleLinear,NA,NA
2014213,346.309175624166,2.58378358292012,115.999,-0.0388053524101818,-0.00796590069077687,0.310695327189222,NA,NA,NA,1449,ID1449Unknown30m_GEE1992_2020_monthlyVolume_ICESat2Levelrange.csv,SimpleLinear,NA,NA
2015213,345.786721932891,2.58378358292012,115.824,-0.0605583910362111,-0.068524291726988,0.309878488882936,NA,NA,NA,1449,ID1449Unknown30m_GEE1992_2020_monthlyVolume_ICESat2Levelrange.csv,SimpleLinear,NA,NA
2016214,344.607469315441,2.58378358292012,115.429,-0.13635285277155,-0.204877144498538,0.308058203510577,NA,NA,NA,1449,ID1449Unknown30m_GEE1992_2020_monthlyVolume_ICESat2Levelrange.csv,SimpleLinear,NA,NA
2017182,345.935994416112,2.58378358292012,115.874,0.153645920680221,-0.051231223818317,0.31011122015249,NA,NA,NA,1449,ID1449Unknown30m_GEE1992_2020_monthlyVolume_ICESat2Levelrange.csv,SimpleLinear,NA,NA
2017213,345.688202093964,2.58378358292012,115.791,-0.0287024041551458,-0.0799336279734628,0.309725171473867,NA,NA,NA,1449,ID1449Unknown30m_GEE1992_2020_monthlyVolume_ICESat2Levelrange.csv,SimpleLinear,NA,NA
2018182,347.819813154367,2.58378358292012,116.505,0.247582361443658,0.167648733470195,0.31309309482492,NA,NA,NA,1449,ID1449Unknown30m_GEE1992_2020_monthlyVolume_ICESat2Levelrange.csv,SimpleLinear,NA,NA
2019182,346.909251006716,2.58378358292012,116.2,-0.105946182284567,0.0617025511856284,0.311641402237393,NA,NA,NA,1449,ID1449Unknown30m_GEE1992_2020_monthlyVolume_ICESat2Levelrange.csv,SimpleLinear,NA,NA
2019213,347.109276134233,2.58378358292012,116.267,0.0232496206592135,0.084952171844842,0.311958633750439,NA,NA,NA,1449,ID1449Unknown30m_GEE1992_2020_monthlyVolume_ICESat2Levelrange.csv,SimpleLinear,NA,NA
2020183,349.133411006716,2.58378358292012,116.945,0.236026270940785,0.320978442785626,0.315221600932435,NA,NA,NA,1449,ID1449Unknown30m_GEE1992_2020_monthlyVolume_ICESat2Levelrange.csv,SimpleLinear,NA,NA
2020214,344.473124080541,2.58378358292012,115.384,-0.541359900635589,-0.220381457849962,0.30785288765717,NA,NA,NA,1449,ID1449Unknown30m_GEE1992_2020_monthlyVolume_ICESat2Levelrange.csv,SimpleLinear,NA,NA
1993182,119.666160695625,0.375550228611958,359.506,0,0,0.136902560885349,Area=0+3.004241114699215*x,-99,km2,494,ID494Stuart30m_GEE1992_2020_monthlyVolume_ICESat2Levelrange.csv,SimpleLinear,NA,NA
1993213,119.671486499843,0.375550228611958,359.522,0.00191470117756483,0.00191470117756483,0.136915635511512,NA,NA,NA,494,ID494Stuart30m_GEE1992_2020_monthlyVolume_ICESat2Levelrange.csv,SimpleLinear,NA,NA
1994182,119.529021237016,0.375550228611958,359.094,-0.0511889086556966,-0.0492742074781317,0.136570444948148,NA,NA,NA,494,ID494Stuart30m_GEE1992_2020_monthlyVolume_ICESat2Levelrange.csv,SimpleLinear,NA,NA
1994213,119.227114710419,0.375550228611958,358.187,-0.108275907652218,-0.15755011513035,0.13587022359981,NA,NA,NA,494,ID494Stuart30m_GEE1992_2020_monthlyVolume_ICESat2Levelrange.csv,SimpleLinear,NA,NA
1995182,118.771092724268,0.375550228611958,356.817,-0.163028772092782,-0.320578887223132,0.134893176389205,NA,NA,NA,494,ID494Stuart30m_GEE1992_2020_monthlyVolume_ICESat2Levelrange.csv,SimpleLinear,NA,NA
1995213,119.416180760151,0.375550228611958,358.755,0.230803468006422,-0.0897754192167104,0.136303753613547,NA,NA,NA,494,ID494Stuart30m_GEE1992_2020_monthlyVolume_ICESat2Levelrange.csv,SimpleLinear,NA,NA
1996183,119.987373262512,0.375550228611958,360.471,0.205408249351501,0.11563283013479,0.13771476976462,NA,NA,NA,494,ID494Stuart30m_GEE1992_2020_monthlyVolume_ICESat2Levelrange.csv,SimpleLinear,NA,NA
1996214,118.812367706956,0.375550228611958,356.941,-0.421481542811279,-0.305848712676489,0.134977618830304,NA,NA,NA,494,ID494Stuart30m_GEE1992_2020_monthlyVolume_ICESat2Levelrange.csv,SimpleLinear,NA,NA
1997182,119.477094645893,0.375550228611958,358.938,0.237932028159501,-0.0679166845169889,0.136446981926185,NA,NA,NA,494,ID494Stuart30m_GEE1992_2020_monthlyVolume_ICESat2Levelrange.csv,SimpleLinear,NA,NA
1997213,119.087645212465,0.375550228611958,357.768,-0.139560372817188,-0.207477057334177,0.135561108202562,NA,NA,NA,494,ID494Stuart30m_GEE1992_2020_monthlyVolume_ICESat2Levelrange.csv,SimpleLinear,NA,NA
1998182,119.25474231979901,0.375550228611958,358.27,0.059823939270622,-0.147653118063555,0.135932533418351,NA,NA,NA,494,ID494Stuart30m_GEE1992_2020_monthlyVolume_ICESat2Levelrange.csv,SimpleLinear,NA,NA
1998213,116.799879438149,0.375550228611958,350.895,-0.87045141773246,-1.01810453579602,0.131778697468793,NA,NA,NA,494,ID494Stuart30m_GEE1992_2020_monthlyVolume_ICESat2Levelrange.csv,SimpleLinear,NA,NA
1999182,119.396541857098,0.375550228611958,358.696,0.921284141262015,-0.0968203945339997,0.136257945210316,NA,NA,NA,494,ID494Stuart30m_GEE1992_2020_monthlyVolume_ICESat2Levelrange.csv,SimpleLinear,NA,NA
1999213,119.708434266604,0.375550228611958,359.633,0.112020681314043,0.0152002867800437,0.137006704859325,NA,NA,NA,494,ID494Stuart30m_GEE1992_2020_monthlyVolume_ICESat2Levelrange.csv,SimpleLinear,NA,NA
2000214,119.329303578848,0.375550228611958,358.494,-0.136131991702935,-0.120931704922891,0.136102472388969,NA,NA,NA,494,ID494Stuart30m_GEE1992_2020_monthlyVolume_ICESat2Levelrange.csv,SimpleLinear,NA,NA
2001182,117.639692190746,0.375550228611958,353.418,-0.601427311263269,-0.72235901618616,0.132886734108524,NA,NA,NA,494,ID494Stuart30m_GEE1992_2020_monthlyVolume_ICESat2Levelrange.csv,SimpleLinear,NA,NA
2001213,117.840408437205,0.375550228611958,354.021,0.0709972503393627,-0.651361765846797,0.133199431534666,NA,NA,NA,494,ID494Stuart30m_GEE1992_2020_monthlyVolume_ICESat2Levelrange.csv,SimpleLinear,NA,NA
2002182,119.652846185081,0.375550228611958,359.466,0.64657538570914,-0.00478638013765753,0.136869932183457,NA,NA,NA,494,ID494Stuart30m_GEE1992_2020_monthlyVolume_ICESat2Levelrange.csv,SimpleLinear,NA,NA
2002213,116.967642271011,0.375550228611958,351.399,-0.954408740187576,-0.959195120325233,0.13197434756323,NA,NA,NA,494,ID494Stuart30m_GEE1992_2020_monthlyVolume_ICESat2Levelrange.csv,SimpleLinear,NA,NA
2003182,119.439814016368,0.375550228611958,358.826,0.87789908892315,-0.081296031402083,0.136359117543673,NA,NA,NA,494,ID494Stuart30m_GEE1992_2020_monthlyVolume_ICESat2Levelrange.csv,SimpleLinear,NA,NA
2003213,119.235103416746,0.375550228611958,358.211,-0.0733925371106987,-0.154688568512782,0.135888204295973,NA,NA,NA,494,ID494Stuart30m_GEE1992_2020_monthlyVolume_ICESat2Levelrange.csv,SimpleLinear,NA,NA
2004183,119.511379510545,0.375550228611958,359.041,0.0990797904148309,-0.0556087780979507,0.136528358101195,NA,NA,NA,494,ID494Stuart30m_GEE1992_2020_monthlyVolume_ICESat2Levelrange.csv,SimpleLinear,NA,NA
2004214,119.445472683349,0.375550228611958,358.843,-0.0236567283672804,-0.0792655064652311,0.136372412361603,NA,NA,NA,494,ID494Stuart30m_GEE1992_2020_monthlyVolume_ICESat2Levelrange.csv,SimpleLinear,NA,NA
2005182,119.575289161158,0.375550228611958,359.233,0.0466090485596952,-0.0326564579055358,0.136681513308319,NA,NA,NA,494,ID494Stuart30m_GEE1992_2020_monthlyVolume_ICESat2Levelrange.csv,SimpleLinear,NA,NA
2005213,119.553985944287,0.375550228611958,359.169,-0.00765213680337861,-0.0403085947089145,0.136630249886076,NA,NA,NA,494,ID494Stuart30m_GEE1992_2020_monthlyVolume_ICESat2Levelrange.csv,SimpleLinear,NA,NA
2006182,118.277124383066,0.375550228611958,355.333,-0.456160069607858,-0.496468664316773,0.133944132697463,NA,NA,NA,494,ID494Stuart30m_GEE1992_2020_monthlyVolume_ICESat2Levelrange.csv,SimpleLinear,NA,NA
2006213,119.016745443815,0.375550228611958,357.555,0.263633489377764,-0.232835174939009,0.135407447406532,NA,NA,NA,494,ID494Stuart30m_GEE1992_2020_monthlyVolume_ICESat2Levelrange.csv,SimpleLinear,NA,NA
2007182,119.165202236387,0.375550228611958,358.001,0.053114574332583,-0.179720600606426,0.135731882806078,NA,NA,NA,494,ID494Stuart30m_GEE1992_2020_monthlyVolume_ICESat2Levelrange.csv,SimpleLinear,NA,NA
2007213,119.907819062008,0.375550228611958,360.232,0.266685955258404,0.0869653546519784,0.137509132855981,NA,NA,NA,494,ID494Stuart30m_GEE1992_2020_monthlyVolume_ICESat2Levelrange.csv,SimpleLinear,NA,NA
2008183,119.503723666982,0.375550228611958,359.018,-0.145322806436447,-0.0583574517844684,0.136510139170487,NA,NA,NA,494,ID494Stuart30m_GEE1992_2020_monthlyVolume_ICESat2Levelrange.csv,SimpleLinear,NA,NA
2008214,118.868621514007,0.375550228611958,357.11,-0.22740721730265,-0.285764669087119,0.135093984239836,NA,NA,NA,494,ID494Stuart30m_GEE1992_2020_monthlyVolume_ICESat2Levelrange.csv,SimpleLinear,NA,NA
2009182,119.256073770853,0.375550228611958,358.274,0.138588572655685,-0.147176096431434,0.135935545296305,NA,NA,NA,494,ID494Stuart30m_GEE1992_2020_monthlyVolume_ICESat2Levelrange.csv,SimpleLinear,NA,NA
2009213,119.393878954989,0.375550228611958,358.688,0.049400540214308,-0.0977755562171262,0.136251747755381,NA,NA,NA,494,ID494Stuart30m_GEE1992_2020_monthlyVolume_ICESat2Levelrange.csv,SimpleLinear,NA,NA
2010182,119.567966180359,0.375550228611958,359.211,0.062488522502924,-0.0352870337142022,0.136663867631255,NA,NA,NA,494,ID494Stuart30m_GEE1992_2020_monthlyVolume_ICESat2Levelrange.csv,SimpleLinear,NA,NA
2010213,119.090308114574,0.375550228611958,357.776,-0.171237311806707,-0.206524345520909,0.135566925188444,NA,NA,NA,494,ID494Stuart30m_GEE1992_2020_monthlyVolume_ICESat2Levelrange.csv,SimpleLinear,NA,NA
2011182,119.335627971357,0.375550228611958,358.513,0.0878599574477,-0.118664388073209,0.136117006196939,NA,NA,NA,494,ID494Stuart30m_GEE1992_2020_monthlyVolume_ICESat2Levelrange.csv,SimpleLinear,NA,NA
2011213,118.353682818697,0.375550228611958,355.563,-0.350591733415275,-0.469256121488484,0.134083791578909,NA,NA,NA,494,ID494Stuart30m_GEE1992_2020_monthlyVolume_ICESat2Levelrange.csv,SimpleLinear,NA,NA
2012183,117.134406515581,0.375550228611958,351.9,-0.43129643561575,-0.900552557104234,0.132181499362614,NA,NA,NA,494,ID494Stuart30m_GEE1992_2020_monthlyVolume_ICESat2Levelrange.csv,SimpleLinear,NA,NA
2012214,118.820689276047,0.375550228611958,356.966,0.59767425764014,-0.302878299464094,0.134994739688837,NA,NA,NA,494,ID494Stuart30m_GEE1992_2020_monthlyVolume_ICESat2Levelrange.csv,SimpleLinear,NA,NA
2013182,119.756366504564,0.375550228611958,359.777,0.335320051899671,0.0324417524355776,0.137125797256657,NA,NA,NA,494,ID494Stuart30m_GEE1992_2020_monthlyVolume_ICESat2Levelrange.csv,SimpleLinear,NA,NA
2013213,118.24616814605,0.375550228611958,355.24,-0.539908749854925,-0.507466997419348,0.133888434608132,NA,NA,NA,494,ID494Stuart30m_GEE1992_2020_monthlyVolume_ICESat2Levelrange.csv,SimpleLinear,NA,NA
2014182,119.044040190432,0.375550228611958,357.637,0.284392314691318,-0.223074682728029,0.13546632562248,NA,NA,NA,494,ID494Stuart30m_GEE1992_2020_monthlyVolume_ICESat2Levelrange.csv,SimpleLinear,NA,NA
2014213,119.280372752597,0.375550228611958,358.347,0.0846051665946502,-0.138469516133379,0.135990657362053,NA,NA,NA,494,ID494Stuart30m_GEE1992_2020_monthlyVolume_ICESat2Levelrange.csv,SimpleLinear,NA,NA
2015182,119.059019014794,0.375550228611958,357.682,-0.0792478477627278,-0.217717363896107,0.135498784516293,NA,NA,NA,494,ID494Stuart30m_GEE1992_2020_monthlyVolume_ICESat2Levelrange.csv,SimpleLinear,NA,NA
2015213,117.935607187599,0.375550228611958,354.307,-0.399928431716375,-0.617645795612482,0.133354243060204,NA,NA,NA,494,ID494Stuart30m_GEE1992_2020_monthlyVolume_ICESat2Levelrange.csv,SimpleLinear,NA,NA
2016183,118.453541647781,0.375550228611958,355.863,0.18391075779397,-0.433735037818512,0.13427004787534,NA,NA,NA,494,ID494Stuart30m_GEE1992_2020_monthlyVolume_ICESat2Levelrange.csv,SimpleLinear,NA,NA
2016214,119.532682727416,0.375550228611958,359.105,0.385775669712099,-0.0479593681064134,0.136579198146868,NA,NA,NA,494,ID494Stuart30m_GEE1992_2020_monthlyVolume_ICESat2Levelrange.csv,SimpleLinear,NA,NA
2017182,119.232773377401,0.375550228611958,358.204,-0.107563837975123,-0.155523206081536,0.13588295685036,NA,NA,NA,494,ID494Stuart30m_GEE1992_2020_monthlyVolume_ICESat2Levelrange.csv,SimpleLinear,NA,NA
2017213,119.238432044382,0.375550228611958,358.221,0.00202700524607103,-0.153496200835465,0.135895705041002,NA,NA,NA,494,ID494Stuart30m_GEE1992_2020_monthlyVolume_ICESat2Levelrange.csv,SimpleLinear,NA,NA
2018182,119.646521792572,0.375550228611958,359.447,0.146436476702064,-0.00705972413340081,0.136854462508467,NA,NA,NA,494,ID494Stuart30m_GEE1992_2020_monthlyVolume_ICESat2Levelrange.csv,SimpleLinear,NA,NA
2018213,118.905902143532,0.375550228611958,357.222,-0.26538957162897,-0.27244929576237,0.135171914915021,NA,NA,NA,494,ID494Stuart30m_GEE1992_2020_monthlyVolume_ICESat2Levelrange.csv,SimpleLinear,NA,NA
2019182,119.398871896444,0.375550228611958,358.703,0.176464685176646,-0.0959846105857244,0.136263370697334,NA,NA,NA,494,ID494Stuart30m_GEE1992_2020_monthlyVolume_ICESat2Levelrange.csv,SimpleLinear,NA,NA
2019213,117.515867242682,0.375550228611958,353.046,-0.670113339655098,-0.766097950240823,0.132703079286548,NA,NA,NA,494,ID494Stuart30m_GEE1992_2020_monthlyVolume_ICESat2Levelrange.csv,SimpleLinear,NA,NA
2020183,119.630877242682,0.375550228611958,359.4,0.753415207229993,-0.0126827430108296,0.136816275553718,NA,NA,NA,494,ID494Stuart30m_GEE1992_2020_monthlyVolume_ICESat2Levelrange.csv,SimpleLinear,NA,NA
1993213,466.517483344525,0.541316873967938,255.187,0,0,0.139512395232981,Area=0+0.5470041512067905*x,-99,km2,694,ID694Unknown30m_GEE1992_2020_monthlyVolume_ICESat2Levelrange.csv,SimpleLinear,NA,NA
1994182,466.08055795836,0.541316873967938,254.948,-0.111445465935656,-0.111445465935656,0.139059641801253,NA,NA,NA,694,ID694Unknown30m_GEE1992_2020_monthlyVolume_ICESat2Levelrange.csv,SimpleLinear,NA,NA
1994213,464.685687374075,0.541316873967938,254.185,-0.355087322594258,-0.466532788529914,0.137903274243035,NA,NA,NA,694,ID694Unknown30m_GEE1992_2020_monthlyVolume_ICESat2Levelrange.csv,SimpleLinear,NA,NA
1995182,467.157332236399,0.541316873967938,255.537,0.629925881256688,0.163393092726774,0.140252819925076,NA,NA,NA,694,ID694Unknown30m_GEE1992_2020_monthlyVolume_ICESat2Levelrange.csv,SimpleLinear,NA,NA
1995213,465.433396507722,0.541316873967938,254.594,-0.439716528602956,-0.276323435876181,0.138468271506099,NA,NA,NA,694,ID694Unknown30m_GEE1992_2020_monthlyVolume_ICESat2Levelrange.csv,SimpleLinear,NA,NA
1996183,465.212191605103,0.541316873967938,254.473,-0.0563040580807389,-0.33262749395692,0.138287897013454,NA,NA,NA,694,ID694Unknown30m_GEE1992_2020_monthlyVolume_ICESat2Levelrange.csv,SimpleLinear,NA,NA
1996214,464.873985762255,0.541316873967938,254.288,-0.0860329714065012,-0.418660465363421,0.138033594902562,NA,NA,NA,694,ID694Unknown30m_GEE1992_2020_monthlyVolume_ICESat2Levelrange.csv,SimpleLinear,NA,NA
1997182,464.978189724646,0.541316873967938,254.345,0.0265007870014137,-0.392159678362008,0.138109177850057,NA,NA,NA,694,ID694Unknown30m_GEE1992_2020_monthlyVolume_ICESat2Levelrange.csv,SimpleLinear,NA,NA
1998182,464.760641101409,0.541316873967938,254.226,-0.0553194604342498,-0.447479138796257,0.137954183849467,NA,NA,NA,694,ID694Unknown30m_GEE1992_2020_monthlyVolume_ICESat2Levelrange.csv,SimpleLinear,NA,NA
1998213,464.941626930824,0.541316873967938,254.325,0.046020262267535,-0.401458876528722,0.138082376529281,NA,NA,NA,694,ID694Unknown30m_GEE1992_2020_monthlyVolume_ICESat2Levelrange.csv,SimpleLinear,NA,NA
1999182,464.50470154466,0.541316873967938,254.086,-0.111068836252724,-0.512527712781446,0.137785612192188,NA,NA,NA,694,ID694Unknown30m_GEE1992_2020_monthlyVolume_ICESat2Levelrange.csv,SimpleLinear,NA,NA
1999213,464.26521524513,0.541316873967938,253.955,-0.0608344295497532,-0.5733621423312,0.137641367613344,NA,NA,NA,694,ID694Unknown30m_GEE1992_2020_monthlyVolume_ICESat2Levelrange.csv,SimpleLinear,NA,NA
2000183,465.060456010744,0.541316873967938,254.39,0.202128333498179,-0.371233808833021,0.138170591277151,NA,NA,NA,694,ID694Unknown30m_GEE1992_2020_monthlyVolume_ICESat2Levelrange.csv,SimpleLinear,NA,NA
2000214,463.716773337809,0.541316873967938,253.655,-0.341325631785592,-0.712559440618613,0.137360167592837,NA,NA,NA,694,ID694Unknown30m_GEE1992_2020_monthlyVolume_ICESat2Levelrange.csv,SimpleLinear,NA,NA
2001182,464.33468455339,0.541316873967938,253.993,0.156840696383629,-0.555718744234984,0.137681866523474,NA,NA,NA,694,ID694Unknown30m_GEE1992_2020_monthlyVolume_ICESat2Levelrange.csv,SimpleLinear,NA,NA
2001213,464.985502283411,0.541316873967938,254.349,0.165418993256966,-0.390299750978018,0.138114574562792,NA,NA,NA,694,ID694Unknown30m_GEE1992_2020_monthlyVolume_ICESat2Levelrange.csv,SimpleLinear,NA,NA
2002182,465.519319073202,0.541316873967938,254.641,0.135853703917916,-0.254446047060102,0.138541327105183,NA,NA,NA,694,ID694Unknown30m_GEE1992_2020_monthlyVolume_ICESat2Levelrange.csv,SimpleLinear,NA,NA
2002213,463.036705372732,0.541316873967938,253.283,-0.630489540598642,-0.884935587658744,0.137106361789221,NA,NA,NA,694,ID694Unknown30m_GEE1992_2020_monthlyVolume_ICESat2Levelrange.csv,SimpleLinear,NA,NA
2003182,464.8648450638,0.541316873967938,254.283,0.463950775218174,-0.42098481244057,0.138027082539137,NA,NA,NA,694,ID694Unknown30m_GEE1992_2020_monthlyVolume_ICESat2Levelrange.csv,SimpleLinear,NA,NA
2003213,463.623538213565,0.541316873967938,253.604,-0.315221806122563,-0.736206618563133,0.137319162453233,NA,NA,NA,694,ID694Unknown30m_GEE1992_2020_monthlyVolume_ICESat2Levelrange.csv,SimpleLinear,NA,NA
2004183,465.177456950973,0.541316873967938,254.454,0.394740422944879,-0.341466195618254,0.138260582503266,NA,NA,NA,694,ID694Unknown30m_GEE1992_2020_monthlyVolume_ICESat2Levelrange.csv,SimpleLinear,NA,NA
2004214,465.298114170583,0.541316873967938,254.52,0.0307056938470481,-0.310760501771206,0.138356641104344,NA,NA,NA,694,ID694Unknown30m_GEE1992_2020_monthlyVolume_ICESat2Levelrange.csv,SimpleLinear,NA,NA
2005182,465.888603290798,0.541316873967938,254.843,0.150386654869895,-0.160373846901311,0.138874350692886,NA,NA,NA,694,ID694Unknown30m_GEE1992_2020_monthlyVolume_ICESat2Levelrange.csv,SimpleLinear,NA,NA
2005213,464.016588247145,0.541316873967938,253.819,-0.476111458067353,-0.636485304968664,0.13750541673491,NA,NA,NA,694,ID694Unknown30m_GEE1992_2020_monthlyVolume_ICESat2Levelrange.csv,SimpleLinear,NA,NA
2006182,466.809985695096,0.541316873967938,255.347,0.711151502491842,0.0746661975231782,0.139839491939356,NA,NA,NA,694,ID694Unknown30m_GEE1992_2020_monthlyVolume_ICESat2Levelrange.csv,SimpleLinear,NA,NA
2006213,465.746008394894,0.541316873967938,254.765,-0.27137379428019,-0.196707596757012,0.13874209855342,NA,NA,NA,694,ID694Unknown30m_GEE1992_2020_monthlyVolume_ICESat2Levelrange.csv,SimpleLinear,NA,NA
2007182,464.735047145734,0.541316873967938,254.212,-0.257278011857,-0.453985608614013,0.137936656480219,NA,NA,NA,694,ID694Unknown30m_GEE1992_2020_monthlyVolume_ICESat2Levelrange.csv,SimpleLinear,NA,NA
2007213,465.168316252517,0.541316873967938,254.449,0.110193548562725,-0.343792060051288,0.138253439999724,NA,NA,NA,694,ID694Unknown30m_GEE1992_2020_monthlyVolume_ICESat2Levelrange.csv,SimpleLinear,NA,NA
2008183,465.162831833444,0.541316873967938,254.446,-0.00139549672210957,-0.345187556773398,0.138249163603297,NA,NA,NA,694,ID694Unknown30m_GEE1992_2020_monthlyVolume_ICESat2Levelrange.csv,SimpleLinear,NA,NA
2008214,464.444372934854,0.541316873967938,254.053,-0.182667815736979,-0.527855372510376,0.137748046761493,NA,NA,NA,694,ID694Unknown30m_GEE1992_2020_monthlyVolume_ICESat2Levelrange.csv,SimpleLinear,NA,NA
2009182,464.921517394223,0.541316873967938,254.314,0.121282248687937,-0.406573123822439,0.138067765279474,NA,NA,NA,694,ID694Unknown30m_GEE1992_2020_monthlyVolume_ICESat2Levelrange.csv,SimpleLinear,NA,NA
2009213,466.091526796507,0.541316873967938,254.954,0.297924174141067,-0.108648949681372,0.139070481254553,NA,NA,NA,694,ID694Unknown30m_GEE1992_2020_monthlyVolume_ICESat2Levelrange.csv,SimpleLinear,NA,NA
2010182,465.058627871053,0.541316873967938,254.389,-0.263049918693641,-0.371698868375013,0.138169209832148,NA,NA,NA,694,ID694Unknown30m_GEE1992_2020_monthlyVolume_ICESat2Levelrange.csv,SimpleLinear,NA,NA
2010213,466.777079180657,0.541316873967938,255.329,0.43796278231431,0.0662639139392968,0.13980173506025,NA,NA,NA,694,ID694Unknown30m_GEE1992_2020_monthlyVolume_ICESat2Levelrange.csv,SimpleLinear,NA,NA
2011213,465.140894157151,0.541316873967938,254.434,-0.417033293068676,-0.350769379129379,0.13823212631363,NA,NA,NA,694,ID694Unknown30m_GEE1992_2020_monthlyVolume_ICESat2Levelrange.csv,SimpleLinear,NA,NA
2012183,463.380395634653,0.541316873967938,253.471,-0.447083001034727,-0.797852380164106,0.137221513960118,NA,NA,NA,694,ID694Unknown30m_GEE1992_2020_monthlyVolume_ICESat2Levelrange.csv,SimpleLinear,NA,NA
2012214,463.947118938884,0.541316873967938,253.781,0.143735764758922,-0.654116615405184,0.137469942771237,NA,NA,NA,694,ID694Unknown30m_GEE1992_2020_monthlyVolume_ICESat2Levelrange.csv,SimpleLinear,NA,NA
2013182,463.296301208864,0.541316873967938,253.425,-0.165049328786257,-0.819165944191442,0.137190863566876,NA,NA,NA,694,ID694Unknown30m_GEE1992_2020_monthlyVolume_ICESat2Levelrange.csv,SimpleLinear,NA,NA
2013213,465.486412558763,0.541316873967938,254.623,0.556340845546711,-0.262825098644731,0.138513150607591,NA,NA,NA,694,ID694Unknown30m_GEE1992_2020_monthlyVolume_ICESat2Levelrange.csv,SimpleLinear,NA,NA
2014182,463.760648690395,0.541316873967938,253.679,-0.438604612909525,-0.701429711554256,0.137380147490928,NA,NA,NA,694,ID694Unknown30m_GEE1992_2020_monthlyVolume_ICESat2Levelrange.csv,SimpleLinear,NA,NA
2014213,465.731383277366,0.541316873967938,254.757,0.50099620523049,-0.200433506323765,0.138728794376725,NA,NA,NA,694,ID694Unknown30m_GEE1992_2020_monthlyVolume_ICESat2Levelrange.csv,SimpleLinear,NA,NA
2015182,465.778914909334,0.541316873967938,254.783,0.0121096338765487,-0.188323872447217,0.138772209955146,NA,NA,NA,694,ID694Unknown30m_GEE1992_2020_monthlyVolume_ICESat2Levelrange.csv,SimpleLinear,NA,NA
2015213,463.506537273337,0.541316873967938,253.54,-0.577550908531546,-0.765874780978763,0.137270498405528,NA,NA,NA,694,ID694Unknown30m_GEE1992_2020_monthlyVolume_ICESat2Levelrange.csv,SimpleLinear,NA,NA
2016183,465.245098119542,0.541316873967938,254.491,0.441621402629306,-0.324253378349457,0.138314026557259,NA,NA,NA,694,ID694Unknown30m_GEE1992_2020_monthlyVolume_ICESat2Levelrange.csv,SimpleLinear,NA,NA
2016214,466.179277501678,0.541316873967938,255.002,0.23797892797122,-0.0862744503782364,0.139158174485211,NA,NA,NA,694,ID694Unknown30m_GEE1992_2020_monthlyVolume_ICESat2Levelrange.csv,SimpleLinear,NA,NA
2017182,464.00927568838,0.541316873967938,253.815,-0.55206690631833,-0.638341356696567,0.137501630964756,NA,NA,NA,694,ID694Unknown30m_GEE1992_2020_monthlyVolume_ICESat2Levelrange.csv,SimpleLinear,NA,NA
2017213,467.919666487574,0.541316873967938,255.954,0.996698003657201,0.358356646960634,0.141254174098368,NA,NA,NA,694,ID694Unknown30m_GEE1992_2020_monthlyVolume_ICESat2Levelrange.csv,SimpleLinear,NA,NA
2018182,464.398669442578,0.541316873967938,254.028,-0.897822557500683,-0.539465910540049,0.137720139135176,NA,NA,NA,694,ID694Unknown30m_GEE1992_2020_monthlyVolume_ICESat2Levelrange.csv,SimpleLinear,NA,NA
2018213,467.179269912692,0.541316873967938,255.549,0.70846502287964,0.168999112339591,0.140279830082429,NA,NA,NA,694,ID694Unknown30m_GEE1992_2020_monthlyVolume_ICESat2Levelrange.csv,SimpleLinear,NA,NA
2019182,466.55953055742,0.541316873967938,255.21,-0.158268726679636,0.0107303856599556,0.139558232817274,NA,NA,NA,694,ID694Unknown30m_GEE1992_2020_monthlyVolume_ICESat2Levelrange.csv,SimpleLinear,NA,NA
2019213,466.250574949629,0.541316873967938,255.041,-0.0788224539154118,-0.0680920682554562,0.139230704320314,NA,NA,NA,694,ID694Unknown30m_GEE1992_2020_monthlyVolume_ICESat2Levelrange.csv,SimpleLinear,NA,NA
2020183,463.83743055742,0.541316873967938,253.721,-0.613858083634635,-0.681950151890091,0.137416164915246,NA,NA,NA,694,ID694Unknown30m_GEE1992_2020_monthlyVolume_ICESat2Levelrange.csv,SimpleLinear,NA,NA
2020214,465.707617461382,0.541316873967938,254.744,0.47546229206155,-0.206487859828541,0.138707278358512,NA,NA,NA,694,ID694Unknown30m_GEE1992_2020_monthlyVolume_ICESat2Levelrange.csv,SimpleLinear,NA,NA
1993213,98.7699415775778,0.297306183695918,248.153,0,0,0.0737812300299229,Area=0+2.512434411081338*x,-99,km2,707,ID707Eutsuk30m_GEE1992_2020_monthlyVolume_ICESat2Levelrange.csv,SimpleLinear,NA,NA
1994182,100.201222722327,0.297306183695918,251.749,0.357750153411198,0.357750153411198,0.07534904722527,NA,NA,NA,707,ID707Eutsuk30m_GEE1992_2020_monthlyVolume_ICESat2Levelrange.csv,SimpleLinear,NA,NA
1994213,100.884225626774,0.297306183695918,253.465,0.172531314683584,0.530281468094782,0.0763955053030947,NA,NA,NA,707,ID707Eutsuk30m_GEE1992_2020_monthlyVolume_ICESat2Levelrange.csv,SimpleLinear,NA,NA
1995182,100.304309990539,0.297306183695918,252.008,-0.146565848197192,0.38371561989759,0.0754945983069298,NA,NA,NA,707,ID707Eutsuk30m_GEE1992_2020_monthlyVolume_ICESat2Levelrange.csv,SimpleLinear,NA,NA
1995213,100.953481166036,0.297306183695918,253.639,0.164125728688101,0.547841348585691,0.0765124115409839,NA,NA,NA,707,ID707Eutsuk30m_GEE1992_2020_monthlyVolume_ICESat2Levelrange.csv,SimpleLinear,NA,NA
1996183,101.162441844844,0.297306183695918,254.164,0.0530554297904012,0.600896778376092,0.0768771758700145,NA,NA,NA,707,ID707Eutsuk30m_GEE1992_2020_monthlyVolume_ICESat2Levelrange.csv,SimpleLinear,NA,NA
1996214,100.227492064806,0.297306183695918,251.815,-0.236532477376833,0.364364300999259,0.0753857192342524,NA,NA,NA,707,ID707Eutsuk30m_GEE1992_2020_monthlyVolume_ICESat2Levelrange.csv,SimpleLinear,NA,NA
1998182,99.7610122256383,0.297306183695918,250.643,-0.11719326351427,0.247171037484989,0.0747770294132876,NA,NA,NA,707,ID707Eutsuk30m_GEE1992_2020_monthlyVolume_ICESat2Levelrange.csv,SimpleLinear,NA,NA
1998213,99.2917462440867,0.297306183695918,249.464,-0.117341601117924,0.129829436367065,0.074255354046474,NA,NA,NA,707,ID707Eutsuk30m_GEE1992_2020_monthlyVolume_ICESat2Levelrange.csv,SimpleLinear,NA,NA
1999182,99.4481682379374,0.297306183695918,249.857,0.0390523931957625,0.168881829562828,0.0744191769283143,NA,NA,NA,707,ID707Eutsuk30m_GEE1992_2020_monthlyVolume_ICESat2Levelrange.csv,SimpleLinear,NA,NA
1999213,100.604417327342,0.297306183695918,252.762,0.290576380533664,0.459458210096492,0.0759434114228604,NA,NA,NA,707,ID707Eutsuk30m_GEE1992_2020_monthlyVolume_ICESat2Levelrange.csv,SimpleLinear,NA,NA
2000183,99.4386157497634,0.297306183695918,249.833,-0.292963021941496,0.166495188154996,0.0744088842997292,NA,NA,NA,707,ID707Eutsuk30m_GEE1992_2020_monthlyVolume_ICESat2Levelrange.csv,SimpleLinear,NA,NA
2000214,99.494736617786,0.297306183695918,249.974,0.0140248013418901,0.180519989496886,0.0744698909309574,NA,NA,NA,707,ID707Eutsuk30m_GEE1992_2020_monthlyVolume_ICESat2Levelrange.csv,SimpleLinear,NA,NA
2001182,99.8867866532637,0.297306183695918,250.959,0.0981954002109811,0.278715389707867,0.0749322816767324,NA,NA,NA,707,ID707Eutsuk30m_GEE1992_2020_monthlyVolume_ICESat2Levelrange.csv,SimpleLinear,NA,NA
2001213,100.581730167928,0.297306183695918,252.705,0.175009015184959,0.453724404892826,0.0759081776196192,NA,NA,NA,707,ID707Eutsuk30m_GEE1992_2020_monthlyVolume_ICESat2Levelrange.csv,SimpleLinear,NA,NA
2002182,99.9090757923366,0.297306183695918,251.015,-0.169414731036473,0.284309673856353,0.0749604768918173,NA,NA,NA,707,ID707Eutsuk30m_GEE1992_2020_monthlyVolume_ICESat2Levelrange.csv,SimpleLinear,NA,NA
2002213,100.872683036897,0.297306183695918,253.436,0.243046319062846,0.527355992919199,0.0763762140489616,NA,NA,NA,707,ID707Eutsuk30m_GEE1992_2020_monthlyVolume_ICESat2Levelrange.csv,SimpleLinear,NA,NA
2003182,99.1763203453168,0.297306183695918,249.174,-0.426304426207546,0.101051566711653,0.0741409018674073,NA,NA,NA,707,ID707Eutsuk30m_GEE1992_2020_monthlyVolume_ICESat2Levelrange.csv,SimpleLinear,NA,NA
2003213,99.8107647682118,0.297306183695918,250.768,0.158592706835501,0.259644273547153,0.0748376609502547,NA,NA,NA,707,ID707Eutsuk30m_GEE1992_2020_monthlyVolume_ICESat2Levelrange.csv,SimpleLinear,NA,NA
2004183,99.7610122256383,0.297306183695918,250.643,-0.0124732360621643,0.247171037484989,0.0747770294132876,NA,NA,NA,707,ID707Eutsuk30m_GEE1992_2020_monthlyVolume_ICESat2Levelrange.csv,SimpleLinear,NA,NA
2004214,100.256547549669,0.297306183695918,251.888,0.124510930960235,0.371681968445224,0.0754266138368274,NA,NA,NA,707,ID707Eutsuk30m_GEE1992_2020_monthlyVolume_ICESat2Levelrange.csv,SimpleLinear,NA,NA
2005182,99.831063805581607,0.297306183695918,250.819,-0.106946828269469,0.264735140175755,0.0748626923875554,NA,NA,NA,707,ID707Eutsuk30m_GEE1992_2020_monthlyVolume_ICESat2Levelrange.csv,SimpleLinear,NA,NA
2005213,100.408591319773,0.297306183695918,252.27,0.145273869793458,0.410009009969214,0.0756463179212203,NA,NA,NA,707,ID707Eutsuk30m_GEE1992_2020_monthlyVolume_ICESat2Levelrange.csv,SimpleLinear,NA,NA
2006182,99.4493622989592,0.297306183695918,249.86,-0.240828834110569,0.169180175858645,0.0744204661450467,NA,NA,NA,707,ID707Eutsuk30m_GEE1992_2020_monthlyVolume_ICESat2Levelrange.csv,SimpleLinear,NA,NA
2007213,100.971790101703,0.297306183695918,253.685,0.383305453966251,0.552485629824895,0.0765436496958375,NA,NA,NA,707,ID707Eutsuk30m_GEE1992_2020_monthlyVolume_ICESat2Levelrange.csv,SimpleLinear,NA,NA
2008214,99.3908533088929,0.297306183695918,249.713,-0.397920209813429,0.154565420011467,0.0743579837795341,NA,NA,NA,707,ID707Eutsuk30m_GEE1992_2020_monthlyVolume_ICESat2Levelrange.csv,SimpleLinear,NA,NA
2009182,100.104503779564,0.297306183695918,251.506,0.178847587629777,0.333413007641243,0.0752164921973484,NA,NA,NA,707,ID707Eutsuk30m_GEE1992_2020_monthlyVolume_ICESat2Levelrange.csv,SimpleLinear,NA,NA
2009213,100.100921596499,0.297306183695918,251.497,-9.0092441417018e-4,0.332512083227073,0.0752116571804247,NA,NA,NA,707,ID707Eutsuk30m_GEE1992_2020_monthlyVolume_ICESat2Levelrange.csv,SimpleLinear,NA,NA
2011182,99.8525569039732,0.297306183695918,250.873,-0.062385485292178,0.270126597934895,0.0748893818921713,NA,NA,NA,707,ID707Eutsuk30m_GEE1992_2020_monthlyVolume_ICESat2Levelrange.csv,SimpleLinear,NA,NA
2011213,100.394262587512,0.297306183695918,252.234,0.136267960663961,0.406394558598857,0.0756252037302691,NA,NA,NA,707,ID707Eutsuk30m_GEE1992_2020_monthlyVolume_ICESat2Levelrange.csv,SimpleLinear,NA,NA
2012183,99.7836993850519,0.297306183695918,250.7,-0.153536496832912,0.252858061765944,0.0748045505605053,NA,NA,NA,707,ID707Eutsuk30m_GEE1992_2020_monthlyVolume_ICESat2Levelrange.csv,SimpleLinear,NA,NA
2012214,100.055945298013,0.297306183695918,251.384,0.0683451584815868,0.321203220247531,0.075151403144197,NA,NA,NA,707,ID707Eutsuk30m_GEE1992_2020_monthlyVolume_ICESat2Levelrange.csv,SimpleLinear,NA,NA
2013182,99.7474795340584,0.297306183695918,250.609,-0.0774238271224559,0.243779393125075,0.0747607145109384,NA,NA,NA,707,ID707Eutsuk30m_GEE1992_2020_monthlyVolume_ICESat2Levelrange.csv,SimpleLinear,NA,NA
2014182,98.8726308254491,0.297306183695918,248.411,-0.218283501285108,0.0254958918399675,0.0738657728372764,NA,NA,NA,707,ID707Eutsuk30m_GEE1992_2020_monthlyVolume_ICESat2Levelrange.csv,SimpleLinear,NA,NA
2014213,99.7295686187319,0.297306183695918,250.564,0.213795267701666,0.239291159541634,0.0747392375359278,NA,NA,NA,707,ID707Eutsuk30m_GEE1992_2020_monthlyVolume_ICESat2Levelrange.csv,SimpleLinear,NA,NA
2015182,99.8800203074736,0.297306183695918,250.942,0.0377262123070395,0.277017371848673,0.0749237630680872,NA,NA,NA,707,ID707Eutsuk30m_GEE1992_2020_monthlyVolume_ICESat2Levelrange.csv,SimpleLinear,NA,NA
2015213,99.6471784082307,0.297306183695918,250.357,-0.0583617056242795,0.218655666224394,0.0746421488680528,NA,NA,NA,707,ID707Eutsuk30m_GEE1992_2020_monthlyVolume_ICESat2Levelrange.csv,SimpleLinear,NA,NA
2017182,99.4286652412486,0.297306183695918,249.808,-0.0546463190818061,0.164009347142587,0.0743982027051206,NA,NA,NA,707,ID707Eutsuk30m_GEE1992_2020_monthlyVolume_ICESat2Levelrange.csv,SimpleLinear,NA,NA
2018182,99.7068814593188,0.297306183695918,250.507,0.0695978735718851,0.233607220714473,0.0747122234932783,NA,NA,NA,707,ID707Eutsuk30m_GEE1992_2020_monthlyVolume_ICESat2Levelrange.csv,SimpleLinear,NA,NA
2019213,100.315454560075,0.297306183695918,252.036,0.152917075886802,0.386524296601274,0.075510597432299,NA,NA,NA,707,ID707Eutsuk30m_GEE1992_2020_monthlyVolume_ICESat2Levelrange.csv,SimpleLinear,NA,NA
2020183,99.4620989498578,0.297306183695918,249.892,-0.214161537362676,0.172362759238598,0.0744342542731606,NA,NA,NA,707,ID707Eutsuk30m_GEE1992_2020_monthlyVolume_ICESat2Levelrange.csv,SimpleLinear,NA,NA
2020214,98.6326245600756,0.297306183695918,247.808,-0.206414701897316,-0.0340519426587177,0.0736748507693179,NA,NA,NA,707,ID707Eutsuk30m_GEE1992_2020_monthlyVolume_ICESat2Levelrange.csv,SimpleLinear,NA,NA
1993213,367.339500720385,10.1883964007795,1058.06,NA,0,10.8862743494285,Area=0+2.880332765534471*x,-99,km2,211,ID211Kenney30m_GEE1992_2020_monthlyVolume_ICESat2Levelrange.csv,SimpleLinear,-0.05807199814,10.8862897744493
1994182,378.081315128159,10.1883964007795,1089,NA,11.5316600211771,11.2433842891059,NA,NA,NA,211,ID211Kenney30m_GEE1992_2020_monthlyVolume_ICESat2Levelrange.csv,SimpleLinear,11.4155160248971,11.243444029368
1994213,392.635189076894,10.1883964007795,1130.92,NA,27.6858779493152,11.7402293934872,NA,NA,NA,211,ID211Kenney30m_GEE1992_2020_monthlyVolume_ICESat2Levelrange.csv,SimpleLinear,27.5697339530352,11.7402866055611
1995182,361.826248852401,10.1883964007795,1042.18,NA,-5.78957605160768,10.7059932214439,NA,NA,NA,211,ID211Kenney30m_GEE1992_2020_monthlyVolume_ICESat2Levelrange.csv,SimpleLinear,-5.96379204602768,10.7061343835155
1995213,374.682402295189,10.1883964007795,1079.21,NA,7.84688162438999,11.129532004274,NA,NA,NA,211,ID211Kenney30m_GEE1992_2020_monthlyVolume_ICESat2Levelrange.csv,SimpleLinear,7.67266562996999,11.1296677944334
1996183,367.457542636955,10.1883964007795,1058.4,NA,0.124915497371216,10.8901561538149,NA,NA,NA,211,ID211Kenney30m_GEE1992_2020_monthlyVolume_ICESat2Levelrange.csv,SimpleLinear,-0.107372495188784,10.8904028635557
1996214,374.682402295189,10.1883964007795,1079.21,NA,7.84688162438999,11.129532004274,NA,NA,NA,211,ID211Kenney30m_GEE1992_2020_monthlyVolume_ICESat2Levelrange.csv,SimpleLinear,7.61459363182999,11.1297734078565
1997182,372.505570480814,10.1883964007795,1072.94,NA,5.50444732973718,11.0570352831425,NA,NA,NA,211,ID211Kenney30m_GEE1992_2020_monthlyVolume_ICESat2Levelrange.csv,SimpleLinear,5.21408733903718,11.0574149469493
1997213,372.300733037356,10.1883964007795,1072.35,NA,5.28472947019916,11.0502301374035,NA,NA,NA,211,ID211Kenney30m_GEE1992_2020_monthlyVolume_ICESat2Levelrange.csv,SimpleLinear,4.99436947949916,11.050610035013399
1998182,378.959685860275,10.1883964007795,1091.53,NA,12.4893168874276,11.2729381648198,NA,NA,NA,211,ID211Kenney30m_GEE1992_2020_monthlyVolume_ICESat2Levelrange.csv,SimpleLinear,12.1408848985876,11.2734744062781
1998213,377.077958837323,10.1883964007795,1086.11,NA,10.4404548702973,11.2096913987044,NA,NA,NA,211,ID211Kenney30m_GEE1992_2020_monthlyVolume_ICESat2Levelrange.csv,SimpleLinear,10.0920228814573,11.2102306655726
1999182,368.072054967328,10.1883964007795,1060.17,NA,0.775859191250532,10.9103793557899,NA,NA,NA,211,ID211Kenney30m_GEE1992_2020_monthlyVolume_ICESat2Levelrange.csv,SimpleLinear,0.369355204270532,10.9111334863849
1999213,379.633219148933,10.1883964007795,1093.47,NA,13.2251520052863,11.2956368764123,NA,NA,NA,211,ID211Kenney30m_GEE1992_2020_monthlyVolume_ICESat2Levelrange.csv,SimpleLinear,12.8186480183063,11.2963652877476
2000183,363.058745334224,10.1883964007795,1045.73,NA,-4.50290518692629,10.7461230741291,NA,NA,NA,211,ID211Kenney30m_GEE1992_2020_monthlyVolume_ICESat2Levelrange.csv,SimpleLinear,-4.96748117204629,10.7471231047481
2000214,371.859811760761,10.1883964007795,1071.08,NA,4.8121875242527,11.0355914814256,NA,NA,NA,211,ID211Kenney30m_GEE1992_2020_monthlyVolume_ICESat2Levelrange.csv,SimpleLinear,4.3476115391327,11.0365652831483
2001182,370.169034896964,10.1883964007795,1066.21,NA,3.00534728264078,10.9795798268025,NA,NA,NA,211,ID211Kenney30m_GEE1992_2020_monthlyVolume_ICESat2Levelrange.csv,SimpleLinear,2.48269929938079,10.9808185667432
2001213,375.668399480646,10.1883964007795,1082.05,NA,8.91237976291124,11.1624768902019,NA,NA,NA,211,ID211Kenney30m_GEE1992_2020_monthlyVolume_ICESat2Levelrange.csv,SimpleLinear,8.38973177965124,11.1636953356358
2002182,372.182691120788,10.1883964007795,1072.01,NA,5.15816728809229,11.0463098282852,NA,NA,NA,211,ID211Kenney30m_GEE1992_2020_monthlyVolume_ICESat2Levelrange.csv,SimpleLinear,4.57744730669229,11.0478298795695
2002213,379.879718445297,10.1883964007795,1094.18,NA,13.4947790981323,11.3039521545582,NA,NA,NA,211,ID211Kenney30m_GEE1992_2020_monthlyVolume_ICESat2Levelrange.csv,SimpleLinear,12.9140591167323,11.3054375650825
2003182,376.932142352149,10.1883964007795,1085.69,NA,10.2821127490471,11.2048007171328,NA,NA,NA,211,ID211Kenney30m_GEE1992_2020_monthlyVolume_ICESat2Levelrange.csv,SimpleLinear,9.64332076950712,11.2066139410367
2003213,379.404078957946,10.1883964007795,1092.81,NA,12.9746696969111,11.2879110370976,NA,NA,NA,211,ID211Kenney30m_GEE1992_2020_monthlyVolume_ICESat2Levelrange.csv,SimpleLinear,12.3358777173711,11.2897109127829
2004183,376.362763695758,10.1883964007795,1084.05,NA,9.66441092608785,11.185717978029,NA,NA,NA,211,ID211Kenney30m_GEE1992_2020_monthlyVolume_ICESat2Levelrange.csv,SimpleLinear,8.96754694840785,11.1878795117141
2004214,367.322141615008,10.1883964007795,1058.01,NA,-0.0183665410582297,10.8857035739794,NA,NA,NA,211,ID211Kenney30m_GEE1992_2020_monthlyVolume_ICESat2Levelrange.csv,SimpleLinear,-0.71523051873823,10.8879246684195
2005182,377.268908996479,10.1883964007795,1086.66,NA,10.6479002589516,11.2160981096656,NA,NA,NA,211,ID211Kenney30m_GEE1992_2020_monthlyVolume_ICESat2Levelrange.csv,SimpleLinear,9.89296428313157,11.2186279975153
2005213,381.876015563743,10.1883964007795,1099.93,NA,15.6848268334083,11.3714532250372,NA,NA,NA,211,ID211Kenney30m_GEE1992_2020_monthlyVolume_ICESat2Levelrange.csv,SimpleLinear,14.9298908575883,11.3739485575678
2006182,376.0016943039,10.1883964007795,1083.01,NA,9.27318140792808,11.1736284297398,NA,NA,NA,211,ID211Kenney30m_GEE1992_2020_monthlyVolume_ICESat2Levelrange.csv,SimpleLinear,8.46017343396808,11.1765735969369
2006213,379.695711928293,10.1883964007795,1093.65,NA,13.2934916090836,11.2977445680835,NA,NA,NA,211,ID211Kenney30m_GEE1992_2020_monthlyVolume_ICESat2Levelrange.csv,SimpleLinear,12.4804836351236,11.3006573882902
2007182,364.284298173895,10.1883964007795,1049.26,NA,-3.21914471513504,10.7861246658056,NA,NA,NA,211,ID211Kenney30m_GEE1992_2020_monthlyVolume_ICESat2Levelrange.csv,SimpleLinear,-4.09022468723504,10.7896269543268
2007213,386.010954464731,10.1883964007795,1111.84,NA,20.257593739928,11.5121781040656,NA,NA,NA,211,ID211Kenney30m_GEE1992_2020_monthlyVolume_ICESat2Levelrange.csv,SimpleLinear,19.386513767828,11.5154595742837
2008183,374.810859674984,10.1883964007795,1079.58,NA,7.98553787785431,11.1338203093079,NA,NA,NA,211,ID211Kenney30m_GEE1992_2020_monthlyVolume_ICESat2Levelrange.csv,SimpleLinear,7.05638590761431,11.1376806516023
2008214,365.957715932314,10.1883964007795,1054.08,NA,-1.45926146113857,10.8409031318479,NA,NA,NA,211,ID211Kenney30m_GEE1992_2020_monthlyVolume_ICESat2Levelrange.csv,SimpleLinear,-2.38841343137857,10.8448677415278
2009182,376.359291874682,10.1883964007795,1084.04,NA,9.66064731580988,11.185601689173,NA,NA,NA,211,ID211Kenney30m_GEE1992_2020_monthlyVolume_ICESat2Levelrange.csv,SimpleLinear,8.67342334742988,11.1899393903785
2009213,380.192182342098,10.1883964007795,1095.08,NA,13.8368114534867,11.3144988349117,NA,NA,NA,211,ID211Kenney30m_GEE1992_2020_monthlyVolume_ICESat2Levelrange.csv,SimpleLinear,12.8495874851067,11.3187871389444
2010182,373.501983129499,10.1883964007795,1075.81,NA,6.57496816916814,11.0901792074783,NA,NA,NA,211,ID211Kenney30m_GEE1992_2020_monthlyVolume_ICESat2Levelrange.csv,SimpleLinear,5.52967220264814,11.0950839449011
2011213,389.420282760928,10.1883964007795,1121.66,NA,24.0649611147059,11.6291447704456,NA,NA,NA,211,ID211Kenney30m_GEE1992_2020_monthlyVolume_ICESat2Levelrange.csv,SimpleLinear,22.9615931500459,11.6343563270948
2012183,368.953897520519,10.1883964007795,1062.71,NA,1.71188215091013,10.9394442727691,NA,NA,NA,211,ID211Kenney30m_GEE1992_2020_monthlyVolume_ICESat2Levelrange.csv,SimpleLinear,0.550442188110132,10.9455825746632
2012214,366.374334461381,10.1883964007795,1055.28,NA,-1.01986223090252,10.854569586777,NA,NA,NA,211,ID211Kenney30m_GEE1992_2020_monthlyVolume_ICESat2Levelrange.csv,SimpleLinear,-2.18130219370252,10.8607558584076
2013182,375.581603953758,10.1883964007795,1081.8,NA,8.818473512482,11.159574109077,NA,NA,NA,211,ID211Kenney30m_GEE1992_2020_monthlyVolume_ICESat2Levelrange.csv,SimpleLinear,7.598961551542,11.1662079834723
2013213,363.593405779859,10.1883964007795,1047.27,NA,-3.94338303056887,10.7635621592067,NA,NA,NA,211,ID211Kenney30m_GEE1992_2020_monthlyVolume_ICESat2Levelrange.csv,SimpleLinear,-5.16289499150887,10.7704399533764
2014182,370.606484352485,10.1883964007795,1067.47,NA,3.47203585976796,10.9940529829614,NA,NA,NA,211,ID211Kenney30m_GEE1992_2020_monthlyVolume_ICESat2Levelrange.csv,SimpleLinear,2.19445190068796,11.0014430254981
2014213,378.310455319146,10.1883964007795,1089.66,NA,11.7812693054249,11.251088762932,NA,NA,NA,211,ID211Kenney30m_GEE1992_2020_monthlyVolume_ICESat2Levelrange.csv,SimpleLinear,10.5036853463449,11.2583100864425
2015182,378.952742218124,10.1883964007795,1091.51,NA,12.4817377631466,11.2727043242791,NA,NA,NA,211,ID211Kenney30m_GEE1992_2020_monthlyVolume_ICESat2Levelrange.csv,SimpleLinear,11.1460818059266,11.2805816931214
2015213,381.17470770648,10.1883964007795,1097.91,NA,14.9141456029054,11.3477074681979,NA,NA,NA,211,ID211Kenney30m_GEE1992_2020_monthlyVolume_ICESat2Levelrange.csv,SimpleLinear,13.5784896456854,11.3555328072424
2016214,376.102377115091,10.1883964007795,1083.3,NA,9.38223649828397,11.1769986419496,NA,NA,NA,211,ID211Kenney30m_GEE1992_2020_monthlyVolume_ICESat2Levelrange.csv,SimpleLinear,7.98850854292397,11.185649010257
2017182,376.053771620034,10.1883964007795,1083.16,NA,9.32958556787262,11.1753715549578,NA,NA,NA,211,ID211Kenney30m_GEE1992_2020_monthlyVolume_ICESat2Levelrange.csv,SimpleLinear,7.87778561437262,11.1847588619668
2017213,390.503490936502,10.1883964007795,1124.78,NA,25.281642201674,11.6664868244496,NA,NA,NA,211,ID211Kenney30m_GEE1992_2020_monthlyVolume_ICESat2Levelrange.csv,SimpleLinear,23.829842248174,11.6754792721344
2018182,375.637153090967,10.1883964007795,1081.96,NA,8.87857101304595,11.1614318287852,NA,NA,NA,211,ID211Kenney30m_GEE1992_2020_monthlyVolume_ICESat2Levelrange.csv,SimpleLinear,7.36869906140595,11.1715974610875
2018213,364.652311207904,10.1883964007795,1050.32,NA,-2.83280831216228,10.7981556180368,NA,NA,NA,211,ID211Kenney30m_GEE1992_2020_monthlyVolume_ICESat2Levelrange.csv,SimpleLinear,-4.34268026380228,10.8086629198665
2019182,302.704954938848,10.1883964007795,871.891,NA,-62.3707531328117,8.88317795527408,NA,NA,NA,211,ID211Kenney30m_GEE1992_2020_monthlyVolume_ICESat2Levelrange.csv,SimpleLinear,-63.9386970825917,8.89694776811166
2019213,302.130715732951,10.1883964007795,870.237,NA,-62.870952232457,8.86631951862518,NA,NA,NA,211,ID211Kenney30m_GEE1992_2020_monthlyVolume_ICESat2Levelrange.csv,SimpleLinear,-64.438896182237,8.88011547277362
2020183,304.203045732951,10.1883964007795,876.206,NA,-61.0613491213621,8.9272234349013,NA,NA,NA,211,ID211Kenney30m_GEE1992_2020_monthlyVolume_ICESat2Levelrange.csv,SimpleLinear,-62.6873650692821,8.94195831929904
2020214,304.231861847878,10.1883964007795,876.289,NA,-61.0360990726976,8.92807158341311,NA,NA,NA,211,ID211Kenney30m_GEE1992_2020_monthlyVolume_ICESat2Levelrange.csv,SimpleLinear,-62.6621150206176,8.9428050703333
