"date","year","month","swei_basin_avg","swe_raw_mm","swe_smoothed_mm"
1950-01-01,1950,1,NA,146.559288627223,NA
1950-02-01,1950,2,-0.869989425006719,191.248320099106,197.40697196253
1950-03-01,1950,3,-0.44302796205712,254.413307161259,244.455926699148
1950-04-01,1950,4,0.0334951179835448,287.706152837079,252.286227823001
1950-05-01,1950,5,0.359824007443583,214.739223470664,199.576422484995
1950-06-01,1950,6,0.626794578661881,96.2838911472407,112.536165449354
1950-07-01,1950,7,0.653669700861875,26.5853817301585,42.2425728194795
1950-08-01,1950,8,-0.397503932733633,3.85844558103939,10.2781727598823
1950-09-01,1950,9,0.558715826842413,0.390690968448954,6.63320880784725
1950-10-01,1950,10,0.512940761565641,15.6504898740534,27.9512421329916
1950-11-01,1950,11,0.571752760433489,67.8125455564724,77.1048222368921
1950-12-01,1950,12,0.50532672392746,147.85143128015,142.55496433803
1951-01-01,1951,1,0.367702426004683,212.000916177468,206.626566629561
1951-02-01,1951,2,0.203608371297688,260.027352431065,256.685348182493
1951-03-01,1951,3,0.0798544547869772,298.027775938947,281.726727210788
1951-04-01,1951,4,-0.0741307945223521,287.125053262352,249.36082189842
1951-05-01,1951,5,-0.142868562540703,162.92963649396,174.003445315381
1951-06-01,1951,6,-0.18855613944182,71.9556461898307,83.3643289436971
1951-07-01,1951,7,-0.167780168548806,15.2077041473006,29.2078096267076
1951-08-01,1951,8,0.305815848105724,0.46007854299139,5.58019421353575
1951-09-01,1951,9,1.09824616339592,1.07279995031524,4.4110635966187
1951-10-01,1951,10,0.139150955608973,11.7003122965495,17.8443144636545
1951-11-01,1951,11,-0.275083113566354,40.7598311440986,48.8879344019177
1951-12-01,1951,12,-0.76343247390546,94.2036597651049,92.6350356144216
1952-01-01,1952,1,-0.650954585105835,142.941615934061,154.086049238442
1952-02-01,1952,2,-0.485896479851944,225.112872016161,208.425733778212
1952-03-01,1952,3,-0.144024633461484,257.222713384413,258.271497393411
1952-04-01,1952,4,0.041044857884799,292.47890677966,250.924081332303
1952-05-01,1952,5,0.256003757226108,203.070623832836,196.842750909434
1952-06-01,1952,6,0.398746695518736,94.9787221158059,111.006667042336
1952-07-01,1952,7,0.400887467101792,34.9706551783664,44.5055479593046
1952-08-01,1952,8,0.180395373063024,3.56726658374146,12.9530858077302
1952-09-01,1952,9,-2.18532361510507,0.321335661082638,1.35919822686497
1952-10-01,1952,10,-0.642695162690316,0.188992435770824,11.9521265340628
1952-11-01,1952,11,-0.907417974990456,35.346051505335,42.6539466494606
1952-12-01,1952,12,-0.997719696677455,92.4267960072759,92.6468565549667
1953-01-01,1953,1,-0.923120321941415,150.167722152289,155.36960364384
1953-02-01,1953,2,-0.803758776721978,223.514292771954,209.235685311862
1953-03-01,1953,3,-0.572040703388208,254.025041011342,248.065969997779
1953-04-01,1953,4,-0.503070356576644,266.658576210041,228.091836672777
1953-05-01,1953,5,-0.364624742550001,163.591892796949,164.520148147417
1953-06-01,1953,6,-0.207004263207024,63.3099754352617,81.126001942825
1953-07-01,1953,7,-0.307725442412204,16.4761375962642,26.8083785908762
1953-08-01,1953,8,0.445535806451544,0.639022741102634,6.12710731270518
1953-09-01,1953,9,-0.0993332838228394,1.2661616007487,5.26055198165906
1953-10-01,1953,10,-0.337549744052858,13.8764716031259,25.3009230471096
1953-11-01,1953,11,0.232943670819845,60.7601359374541,79.0838729170032
1953-12-01,1953,12,0.252091158543097,162.61501121043,152.258719218803
1954-01-01,1954,1,0.247629406815016,233.401010508525,232.028510636256
1954-02-01,1954,2,0.258847110091906,300.069510189812,298.753600570691
1954-03-01,1954,3,0.486190918823897,362.790281013737,352.523477453935
1954-04-01,1954,4,0.819256401272352,394.710641158255,360.811928659055
1954-05-01,1954,5,0.977291817627906,324.934863805173,294.761526255978
1954-06-01,1954,6,1.24143388492946,164.639073804506,194.203789869546
1954-07-01,1954,7,1.2288684558115,93.037431998958,101.208070565385
1954-08-01,1954,8,1.23500267369668,45.9477058926919,52.9097845480655
1954-09-01,1954,9,-0.478287105800988,19.7442157525467,29.8532734538678
1954-10-01,1954,10,-1.68503416543892,23.8678987163649,31.2139862462094
1954-11-01,1954,11,-1.18758901980286,50.0298442697166,65.1284670371659
1954-12-01,1954,12,-0.88117959166685,121.487658125416,124.33686132917
1955-01-01,1955,1,-0.605797667442485,201.493081592378,196.711390438733
1955-02-01,1955,2,-0.307616594204207,267.153431598405,259.321131901434
1955-03-01,1955,3,-0.00652429719121705,309.31688251352,304.012266715168
1955-04-01,1955,4,0.491403470620861,335.566486033581,313.031056371448
1955-05-01,1955,5,0.864785908715995,294.209800567245,269.476274699097
1955-06-01,1955,6,1.2709777080125,178.652537496466,186.015969629375
1955-07-01,1955,7,1.63264183094859,85.1855708244152,102.893529778833
1955-08-01,1955,8,1.33628349123965,44.8424810156189,51.7767294307699
1955-09-01,1955,9,0.905220059287809,25.3021364522757,38.2749725603121
1955-10-01,1955,10,1.07138971793321,44.6803002130418,58.3509291423393
1955-11-01,1955,11,1.06064781763004,105.0703507617,109.836586336345
1955-12-01,1955,12,0.919120543563483,179.759108034292,173.581259591239
1956-01-01,1956,1,0.673575643173288,235.914319977724,233.012444791738
1956-02-01,1956,2,0.479777768266609,283.363906363198,281.398220269403
1956-03-01,1956,3,0.394107226927069,324.916434467287,312.052248315006
1956-04-01,1956,4,0.355936271576611,327.876404114534,284.518290083908
1956-05-01,1956,5,0.321053737568269,200.762031669904,205.020728864168
1956-06-01,1956,6,0.309407308060118,86.4237508080657,109.817731948126
1956-07-01,1956,7,-0.175201085370037,42.2674133664086,48.9681884459684
1956-08-01,1956,8,0.71603755196592,18.213401163431,23.6845896855532
1956-09-01,1956,9,1.37270562506202,10.57295452682,21.5605801109881
1956-10-01,1956,10,0.277701617881186,35.8953846427134,42.6990716977227
1956-11-01,1956,11,0.376118147187158,81.6288759236348,93.6837905431252
1956-12-01,1956,12,0.378776455366147,163.527111063027,166.83318401837
1957-01-01,1957,1,0.336765421001093,255.343565068448,236.141454605829
1957-02-01,1957,2,0.30457589873017,289.553687686012,289.22260415086
1957-03-01,1957,3,0.268961362020461,322.770559698119,315.226836909626
1957-04-01,1957,4,0.0942794321422869,333.356263344748,281.150694777792
1957-05-01,1957,5,0.0205407330189642,187.32526129051,197.984432915199
1957-06-01,1957,6,-0.243725589138282,73.2717741103399,99.3034351638883
1957-07-01,1957,7,-0.534791516779743,37.3132700908154,41.6971089547141
1957-08-01,1957,8,-0.446719316355077,14.5062826629868,19.6274057864744
1957-09-01,1957,9,-0.101525402521135,7.06266460562111,10.1234265536991
1957-10-01,1957,10,-0.749971004235172,8.8013323924894,16.0885626012918
1957-11-01,1957,11,-0.330988792529479,32.401690805765,55.5789926795035
1957-12-01,1957,12,-0.0101788519327698,125.533954840256,127.415770177754
1958-01-01,1958,1,0.414122452602498,224.311664887239,213.516978293334
1958-02-01,1958,2,0.674266551013392,290.705315152505,285.542149093615
1958-03-01,1958,3,0.728473582687978,341.609467241101,324.322432005714
1958-04-01,1958,4,0.637218297428861,340.652513623536,294.656524482925
1958-05-01,1958,5,0.402994382810093,201.707592584137,196.31126311389
1958-06-01,1958,6,0.169476739988553,46.5736831339977,85.3110435313748
1958-07-01,1958,7,-0.722682250389179,7.65185487599002,18.9508937654041
1958-08-01,1958,8,0.316466382354151,2.62714328622459,4.6696284460643
1958-09-01,1958,9,0.0742999633252578,3.72988717597828,5.77690129292041
1958-10-01,1958,10,-0.724031915030005,10.9736734165584,17.5104436021899
1958-11-01,1958,11,-0.700539915850375,37.827770214033,50.385944825366
1958-12-01,1958,12,-0.43589032358718,102.356390845507,112.379077681921
1959-01-01,1959,1,-0.142908712001469,196.953071986225,186.004084552838
1959-02-01,1959,2,0.0827934793561647,258.702790826783,253.269388362977
1959-03-01,1959,3,0.133128323483736,304.152302275923,292.18982514881
1959-04-01,1959,4,0.335935859298764,313.714382343722,287.459119320314
1959-05-01,1959,5,0.410683949840801,244.510673341297,223.468181383839
1959-06-01,1959,6,0.630330286603265,112.179488466497,133.65283924635
1959-07-01,1959,7,0.514499469251169,44.2683559312558,56.120082549284
1959-08-01,1959,8,0.6691463924637,11.9124032500991,20.6075455610615
1959-09-01,1959,9,0.600512629399447,5.64187750182952,9.83232085467779
1959-10-01,1959,10,0.549654923485428,11.9426818121047,25.776982207844
1959-11-01,1959,11,0.664840882002647,59.7463873095978,77.465253764625
1959-12-01,1959,12,0.549753315308146,160.706692172172,146.181232847566
1960-01-01,1960,1,0.368085258078272,218.090619060927,216.269327385185
1960-02-01,1960,2,0.126038121070797,270.010670922454,263.371249687303
1960-03-01,1960,3,0.0843071609347239,302.012459078528,294.977398046176
1960-04-01,1960,4,0.147983966621327,312.909064137547,281.11141566545
1960-05-01,1960,5,0.312997172810818,228.412723780276,232.128035753293
1960-06-01,1960,6,0.505997311494947,155.062319342056,148.635949905255
1960-07-01,1960,7,1.4473073790977,62.4328065934337,78.0490892771989
1960-08-01,1960,8,1.39752263876248,16.6521418961068,29.0851091083727
1960-09-01,1960,9,-0.438615067006704,8.17037883557771,12.007446814898
1960-10-01,1960,10,0.0644045756237127,11.1998197130093,25.3666417242192
1960-11-01,1960,11,-0.0421328890377341,56.7297266240706,61.8774124056275
1960-12-01,1960,12,-0.101392433970522,117.702690879803,122.381858060832
1961-01-01,1961,1,-0.18919303244461,192.713156678623,190.034616162803
1961-02-01,1961,2,-0.03214873424804,259.688000929983,254.822246213704
1961-03-01,1961,3,0.0679111449192905,312.065581032507,293.204268118493
1961-04-01,1961,4,0.145779454248241,307.859222392988,276.809944943179
1961-05-01,1961,5,0.0704001974886437,210.505031404041,197.636838544879
1961-06-01,1961,6,0.124881137254526,74.5462618376079,102.763382713299
1961-07-01,1961,7,-0.188201235303252,23.2388548982472,34.1798468440796
1961-08-01,1961,8,0.51957964523111,4.75442379638366,10.9032995021632
1961-09-01,1961,9,0.834417619231792,4.71661981185875,8.24860801473696
1961-10-01,1961,10,0.301271745145716,15.2747804359685,28.0354793806721
1961-11-01,1961,11,0.0469386023504185,64.1150378941892,67.7674926114062
1961-12-01,1961,12,0.121322879325712,123.912659504061,134.63240458553
1962-01-01,1962,1,0.168420827907653,215.86951635834,209.215208004192
1962-02-01,1962,2,0.144103802044522,287.863448150176,267.103621834203
1962-03-01,1962,3,-0.0477939103072592,297.577900994093,289.462731695215
1962-04-01,1962,4,0.029973495433397,282.946845941376,273.795611876294
1962-05-01,1962,5,0.151020024622917,240.862088693413,217.767909455518
1962-06-01,1962,6,0.534889146155568,129.494793731766,141.475010635261
1962-07-01,1962,7,1.03614566559348,54.0681494806046,65.4443830077411
1962-08-01,1962,8,0.997554600849156,12.7702058108528,23.4822613454004
1962-09-01,1962,9,-0.252672828909417,3.60842874474394,9.62305467329926
1962-10-01,1962,10,-0.348949773339843,12.490529464301,19.2306625315221
1962-11-01,1962,11,-0.110867092576778,41.5930293855213,60.3545666139327
1962-12-01,1962,12,0.00199397018918942,126.980140991976,125.243984069442
1963-01-01,1963,1,-0.00984119306987786,207.158781830828,195.839106289665
1963-02-01,1963,2,-0.0631088573997615,253.378396046192,247.582652714219
1963-03-01,1963,3,-0.0796483163906166,282.210780265636,276.32653045973
1963-04-01,1963,4,0.0449990554113758,293.390415067362,261.795476166128
1963-05-01,1963,5,0.183226065939214,209.785233165387,196.342315689763
1963-06-01,1963,6,0.271726902017968,85.8512988365384,107.666929463297
1963-07-01,1963,7,0.31634298308254,27.3642563879639,39.3959250964019
1963-08-01,1963,8,0.0755581507929447,4.97222006470338,11.5454876134071
1963-09-01,1963,9,-0.586853132860556,2.29998638755397,5.17666529095362
1963-10-01,1963,10,0.351151088052234,8.25778942060351,26.7745323149284
1963-11-01,1963,11,0.383791885838024,69.7658211366276,76.6650369591581
1963-12-01,1963,12,0.628680075353093,151.971500320243,158.512201922679
1964-01-01,1964,1,0.789296338107077,253.799284311165,247.731881233285
1964-02-01,1964,2,0.98567040712464,337.424859068447,328.332685886469
1964-03-01,1964,3,1.11557980967238,393.773914279794,383.251231216647
1964-04-01,1964,4,1.35852620260844,418.5549203017,394.344917415278
1964-05-01,1964,5,1.46610133812937,370.705917664339,319.144098780607
1964-06-01,1964,6,1.79787483169773,168.171458375783,206.376984005883
1964-07-01,1964,7,1.56837888983648,80.2535759775262,96.0756419794502
1964-08-01,1964,8,1.20970559047613,39.8018915850417,46.6627636449777
1964-09-01,1964,9,-0.263815188390801,19.9328233723652,28.1298286036441
1964-10-01,1964,10,0.270551551232047,24.6547708535254,40.4739439636842
1964-11-01,1964,11,0.348968239046526,76.834237665162,81.5977098151058
1964-12-01,1964,12,0.358733437839162,143.30412092663,141.36396693307
1965-01-01,1965,1,0.386986534981656,203.953542207417,210.069848381686
1965-02-01,1965,2,0.386152337379649,282.951882011012,270.038952106422
1965-03-01,1965,3,0.455512589099506,323.211432100836,311.737265304017
1965-04-01,1965,4,0.742266921744597,329.048481800204,308.214817827905
1965-05-01,1965,5,0.901086681311489,272.384539582676,237.523861297888
1965-06-01,1965,6,1.09258483353755,111.138562510784,142.312999158077
1965-07-01,1965,7,0.78521369036267,43.4158953807706,55.9095770693264
1965-08-01,1965,8,0.273091972285695,13.174273316424,20.4865651620659
1965-09-01,1965,9,0.163250621133844,4.86952678900315,12.5673890810961
1965-10-01,1965,10,-0.335340312305261,19.6583671378611,25.6246301464568
1965-11-01,1965,11,-0.230338364194632,52.3459965125062,66.0455690987825
1965-12-01,1965,12,0.0551958224414065,126.13234364598,131.633713131859
1966-01-01,1966,1,0.488395535013837,216.422799237091,214.978019296874
1966-02-01,1966,2,0.799903268294123,302.378915007551,288.859680481722
1966-03-01,1966,3,0.772551569983908,347.777327200524,330.876328094661
1966-04-01,1966,4,0.754856129508898,342.472742075908,311.109454012355
1966-05-01,1966,5,0.67343531985299,243.078292760634,238.386300771358
1966-06-01,1966,6,0.719642401262652,129.607867477532,142.480329961307
1966-07-01,1966,7,0.958702878097939,54.7548296457544,67.298652534198
1966-08-01,1966,8,0.73807084301342,17.533260479308,26.3729780638527
1966-09-01,1966,9,1.29766302569397,6.83084406649558,17.5198855356266
1966-10-01,1966,10,1.121430801166,28.1955520610762,45.0481253060681
1966-11-01,1966,11,1.22936949604379,100.117979790633,105.888679013615
1966-12-01,1966,12,1.25769349836726,189.352505189136,190.770446806026
1967-01-01,1967,1,1.36438037063744,282.840855438309,283.778051585084
1967-02-01,1967,2,1.4841371666909,379.140794127806,362.78906601513
1967-03-01,1967,3,1.59816861116856,426.385548479276,418.723360936445
1967-04-01,1967,4,1.7104412059595,450.643740202251,410.129086614751
1967-05-01,1967,5,1.7456471808419,353.357971162724,314.054291947444
1967-06-01,1967,6,1.79717566263326,138.161164477355,181.152796685546
1967-07-01,1967,7,1.11655610392453,51.939254416559,68.7559780321623
1967-08-01,1967,8,0.343194392536253,16.1675152025725,24.6548979304289
1967-09-01,1967,9,0.370874945766164,5.85792417215524,13.1361259454075
1967-10-01,1967,10,-0.275162548889222,17.3829384614949,25.4066151783879
1967-11-01,1967,11,-0.234980857510946,52.9789829015134,63.1971996629248
1967-12-01,1967,12,-0.00312031658385165,119.229677625766,129.966829454491
1968-01-01,1968,1,0.206448815546234,217.691827836192,208.136552158952
1968-02-01,1968,2,0.308596597830492,287.488151014897,273.234446644285
1968-03-01,1968,3,0.419080017949547,314.523361081766,315.771677739041
1968-04-01,1968,4,0.589332151508327,345.303521120459,307.621322877226
1968-05-01,1968,5,0.716444082050401,263.037086429453,239.826229879432
1968-06-01,1968,6,0.804697207948036,111.138082088384,139.332866907717
1968-07-01,1968,7,0.549649465947897,43.8234322053149,55.3729484354145
1968-08-01,1968,8,0.520934016626226,11.1573310125442,20.181583780593
1968-09-01,1968,9,1.23788159208355,5.56398812392003,15.0450365485603
1968-10-01,1968,10,0.4209378040464,28.4137905092168,37.5526913425379
1968-11-01,1968,11,0.344174981510111,78.6802953944768,90.4668188134929
1968-12-01,1968,12,0.106139746280992,164.306370536785,153.190191327878
1969-01-01,1969,1,-0.0485167854368039,216.583908052373,211.873450872793
1969-02-01,1969,2,-0.232983152445214,254.73007402922,248.146336777766
1969-03-01,1969,3,-0.500250290149255,273.125028251705,259.661977253263
1969-04-01,1969,4,-0.554255794592689,251.130829478864,234.180058851378
1969-05-01,1969,5,-0.613079613075162,178.284318823563,162.573220437033
1969-06-01,1969,6,-0.42383263738257,58.3045130086722,83.1036647360028
1969-07-01,1969,7,-0.532277877716183,12.7221623757728,25.4399423909964
1969-08-01,1969,8,-0.608695646444679,5.29315178854424,7.40347410503187
1969-09-01,1969,9,-0.421156672593225,4.19510815077856,5.77480472319307
1969-10-01,1969,10,-0.728201705761829,7.83615423025643,17.4668458669307
1969-11-01,1969,11,-0.826526849414705,40.3692752197572,53.1093614143238
1969-12-01,1969,12,-0.80883575089087,111.122654792958,105.53585138536
1970-01-01,1970,1,-0.849745925234972,165.115624143366,161.634893744014
1970-02-01,1970,2,-0.931932839747163,208.666402295717,201.008664834669
1970-03-01,1970,3,-0.875773629812862,229.243968064922,227.69800543088
1970-04-01,1970,4,-0.609386420217956,245.183645931999,225.817960007746
1970-05-01,1970,5,-0.306405405308835,203.026266026318,181.823639244264
1970-06-01,1970,6,0.053545071886855,97.2610057744765,112.363744001142
1970-07-01,1970,7,0.371970611520265,36.8039602026306,48.4886448285733
1970-08-01,1970,8,0.629216936301089,11.4009685086128,18.1088523259239
1970-09-01,1970,9,-0.553884267927093,6.12162826652814,8.9865507637349
1970-10-01,1970,10,-0.348339252983204,9.43705551606372,18.4959329558893
1970-11-01,1970,11,-0.149355364744924,39.929115085076,51.8939592684919
1970-12-01,1970,12,-0.332424542536452,106.315707204336,102.158894216208
1971-01-01,1971,1,-0.117767529679865,160.231860359211,175.911110644552
1971-02-01,1971,2,0.041352580423556,261.185764370108,242.628867166084
1971-03-01,1971,3,0.368916770932737,306.468976768933,298.409669919122
1971-04-01,1971,4,0.377594630578153,327.574268618323,276.858897834593
1971-05-01,1971,5,0.412230177275975,196.533448116522,200.704749863448
1971-06-01,1971,6,0.194354294645537,78.0065328555,101.34988838967
1971-07-01,1971,7,0.0968680731703594,29.5096841969884,37.6255346918066
1971-08-01,1971,8,0.388662085243621,5.36038702293147,13.34868298039
1971-09-01,1971,9,0.705995736361933,5.17597772125015,8.02160843073973
1971-10-01,1971,10,1.02368647178583,13.5284605480376,33.6236180916566
1971-11-01,1971,11,0.90092879527759,82.1664160056819,83.9744610097275
1971-12-01,1971,12,0.941097184438031,156.228506475463,156.851431082564
1972-01-01,1972,1,0.91438143923948,232.159370766546,232.519356529217
1972-02-01,1972,2,0.98568517460713,309.170192345641,304.791383177615
1972-03-01,1972,3,1.02127285481897,373.044586420657,354.884029331064
1972-04-01,1972,4,1.10381164734534,382.437309226894,351.284777610224
1972-05-01,1972,5,1.05110604583025,298.372437183122,268.269781480756
1972-06-01,1972,6,1.10301088982772,123.999598032251,159.227494309122
1972-07-01,1972,7,0.725964152622488,55.3104477119924,65.3725566720604
1972-08-01,1972,8,1.42795690538791,16.8076242719378,28.8047914019005
1972-09-01,1972,9,1.0909150695782,14.2963022217715,14.1776737413908
1972-10-01,1972,10,0.0802860729997263,11.4290947304632,23.4740535318602
1972-11-01,1972,11,-0.210784255565068,44.696763643346,56.0676758749443
1972-12-01,1972,12,0.184278581324669,112.077169251024,126.530053721136
1973-01-01,1973,1,0.407584866883971,222.816228269037,208.909012819193
1973-02-01,1973,2,0.617645880114315,291.833640937518,282.069382313001
1973-03-01,1973,3,0.663081738389232,331.558277732448,322.370030029475
1973-04-01,1973,4,0.659584180857631,343.71817141846,301.127240572159
1973-05-01,1973,5,0.698112393551984,228.105272565569,230.545691280636
1973-06-01,1973,6,0.606211165179842,119.813629857878,132.706366087261
1973-07-01,1973,7,0.865789118684709,50.2001958383355,61.2329612100931
1973-08-01,1973,8,0.989442606676025,13.6850579340655,23.5548230540085
1973-09-01,1973,9,0.627306899472527,6.77921538962457,15.5432513084826
1973-10-01,1973,10,0.315303135718755,26.1654806017577,33.1971057773931
1973-11-01,1973,11,0.569912363401338,66.6466213407971,81.8723018904378
1973-12-01,1973,12,0.677734970481648,152.804803728759,148.981748069438
1974-01-01,1974,1,0.981070432864235,227.493819138759,233.146540801925
1974-02-01,1974,2,1.15976092324717,319.140999538259,308.558891092426
1974-03-01,1974,3,1.28544509175517,379.041854600261,364.679699852353
1974-04-01,1974,4,1.32439893003438,395.856245418539,353.052041683978
1974-05-01,1974,5,1.38887432880439,284.258025033133,276.465237090861
1974-06-01,1974,6,1.32455071877766,149.281440820909,167.117506838283
1974-07-01,1974,7,1.54093533975342,67.8130546608067,80.3659561781855
1974-08-01,1974,8,1.42647344590209,24.0033730528408,33.3397816695466
1974-09-01,1974,9,-0.992729773745141,8.20291729499224,14.3678050889706
1974-10-01,1974,10,-1.00731826061887,10.8971249190787,16.2425073067546
1974-11-01,1974,11,-0.567897693246675,29.627479706193,47.9339075367353
1974-12-01,1974,12,-0.309607147150843,103.277117984934,109.7666342854
1975-01-01,1975,1,-0.225162763659951,196.395305165073,181.69821712905
1975-02-01,1975,2,-0.12694618029089,245.422228237143,243.494880328899
1975-03-01,1975,3,-0.0900823329951818,288.667107584482,275.419416483383
1975-04-01,1975,4,0.0488867379868203,292.168913628523,260.125128746829
1975-05-01,1975,5,0.19141982576186,199.539365027483,197.058059816671
1975-06-01,1975,6,0.299580317978852,99.4659007940077,110.593490632455
1975-07-01,1975,7,0.415316602747541,32.7752060758739,47.8290957814968
1975-08-01,1975,8,-0.196161513915287,11.2461804746088,17.0299722038913
1975-09-01,1975,9,0.400961975218166,7.06853006119119,11.6380888318259
1975-10-01,1975,10,1.84153005795244,16.5995559596776,61.6094848964248
1975-11-01,1975,11,1.95427257333669,161.160368668406,152.113135297197
1975-12-01,1975,12,2.04427810612503,278.579481263507,271.687782099572
1976-01-01,1976,1,2.09139838702408,375.323496366802,369.623794491926
1976-02-01,1976,2,2.10027908004154,454.96840584547,442.937626276996
1976-03-01,1976,3,2.08704122463958,498.520976618717,489.273164903709
1976-04-01,1976,4,1.93434263744436,514.330112246941,464.296862794244
1976-05-01,1976,5,1.94520249244204,380.039499517073,384.101161383148
1976-06-01,1976,6,1.73299754273657,257.933872385431,257.061585846202
1976-07-01,1976,7,2.42453206853206,133.211385636103,152.12202948536
1976-08-01,1976,8,2.27931019475414,65.2208304345458,78.4053005769836
1976-09-01,1976,9,-0.534239861419941,36.7836856603025,44.3602942783034
1976-10-01,1976,10,-1.1106628478458,31.0763667400618,43.8952310541419
1976-11-01,1976,11,-0.664925362714219,63.8256407620614,78.0622881456724
1976-12-01,1976,12,-0.686043800363491,139.284856934894,134.724559242166
1977-01-01,1977,1,-0.70581855353197,201.063180029542,195.835887937617
1977-02-01,1977,2,-0.622469274301098,247.159626848417,248.99715369407
1977-03-01,1977,3,-0.56173806778684,298.768654204251,279.881525955901
1977-04-01,1977,4,-0.539545176598372,293.716296815036,262.306718101278
1977-05-01,1977,5,-0.429170746792407,194.435203284548,199.864166820657
1977-06-01,1977,6,-0.433987085710159,111.441000362387,120.923149456257
1977-07-01,1977,7,0.183547413857577,56.8932447218357,63.4383446192283
1977-08-01,1977,8,0.01062114100349,21.9807887734626,29.8035031273252
1977-09-01,1977,9,-0.48208833311857,10.5364758866771,16.7914504494982
1977-10-01,1977,10,0.113326693399465,17.8570866883548,35.0620943800847
1977-11-01,1977,11,0.402753469608679,76.7927205652223,85.478523321319
1977-12-01,1977,12,0.176141128485014,161.78576271038,144.276476344568
1978-01-01,1978,1,-0.32288121773167,194.250945758103,191.223361637558
1978-02-01,1978,2,-0.76876059014602,217.633376444193,217.412310036999
1978-03-01,1978,3,-0.900991152628772,240.352607908703,233.878817673813
1978-04-01,1978,4,-0.884100325852517,243.650468668543,215.745697642926
1978-05-01,1978,5,-0.758118691620945,163.234016351533,159.028283137526
1978-06-01,1978,6,-0.623414571690551,70.2003643925029,83.8793568941784
1978-07-01,1978,7,-0.275159839568407,18.2036899384998,32.0452253521734
1978-08-01,1978,8,-0.28060398402802,7.73162172551741,10.9145360482964
1978-09-01,1978,9,-0.524588609655276,6.80829648087198,8.37164674088073
1978-10-01,1978,10,-0.170234292668246,10.5750220162528,26.7528491709366
1978-11-01,1978,11,-0.0246350559448529,62.875229015685,67.780099516624
1978-12-01,1978,12,-0.117492630264683,129.890047517934,126.776323979759
1979-01-01,1979,1,-0.128356054923998,187.563695405659,189.932016501749
1979-02-01,1979,2,-0.157504263223489,252.342306581655,241.727862043389
1979-03-01,1979,3,-0.102618339734017,285.277584142852,274.722789264064
1979-04-01,1979,4,-0.130850385048291,286.548477067684,250.694137468075
1979-05-01,1979,5,-0.0632249258354215,180.256351193689,183.97315343221
1979-06-01,1979,6,-0.0440935467317951,85.1146320352578,97.9289622135529
1979-07-01,1979,7,0.155906645986221,28.4159034117123,40.1627051402055
1979-08-01,1979,8,-0.216172104022166,6.95757997364627,13.5798792890837
1979-09-01,1979,9,-0.36876033440919,5.3661544818926,6.90930349784985
1979-10-01,1979,10,-2.00750881696796,8.40417603801068,10.9495965261308
1979-11-01,1979,11,-1.70779293327975,19.0784590584891,33.425521930258
1979-12-01,1979,12,-1.59804628928799,72.7939306942741,78.1874987316211
1980-01-01,1980,1,-1.56220748465186,142.6901064421,130.749044362565
1980-02-01,1980,2,-1.52216994270818,176.763095951319,175.775288141262
1980-03-01,1980,3,-1.53841440786631,207.872662030366,191.912757822545
1980-04-01,1980,4,-1.48299565450337,191.10251548595,165.017029595754
1980-05-01,1980,5,-1.34536921402502,96.0759112709447,107.180204606594
1980-06-01,1980,6,-1.78022436844921,34.3621870628873,45.803217461633
1980-07-01,1980,7,-1.44632993435112,6.971554051067,15.1620106390345
1980-08-01,1980,8,-0.661212519357565,4.15229080314923,4.96200053215824
1980-09-01,1980,9,-1.32743899935838,3.76215674225848,4.19086003761642
1980-10-01,1980,10,-1.59522375738371,4.65813256744155,10.9268246637152
1980-11-01,1980,11,-1.31393235618977,24.3601846814454,40.8868355460235
1980-12-01,1980,12,-1.25596919476777,93.6421893891834,91.2735149475965
1981-01-01,1981,1,-1.37920619541719,155.81817077216,143.424507370569
1981-02-01,1981,2,-1.52885180631526,180.813161950362,180.823091476683
1981-03-01,1981,3,-1.47542379718495,205.837941707525,205.778187677675
1981-04-01,1981,4,-1.35835708171674,230.683459375138,201.759923968399
1981-05-01,1981,5,-0.995043386107767,168.758370822534,156.699128816201
1981-06-01,1981,6,-0.851880032331472,70.6555562509331,87.116287266501
1981-07-01,1981,7,-0.370499888911301,21.9349347260363,31.0288873830236
1981-08-01,1981,8,-0.408207319488382,0.496171172101396,7.49746958414714
1981-09-01,1981,9,-0.623527789217278,0.0613028543037281,1.76334460775555
1981-10-01,1981,10,-0.126187950754062,4.73255979686154,20.0399599577251
1981-11-01,1981,11,-0.351344392617829,55.3260172220101,55.432495317961
1981-12-01,1981,12,-0.134907238427396,106.238908935011,118.022693229299
1982-01-01,1982,1,0.333575272729976,192.503153530876,196.527399813621
1982-02-01,1982,2,0.767743733994469,290.840136974975,276.528542103524
1982-03-01,1982,3,0.974328047483571,346.242335804722,330.835403754697
1982-04-01,1982,4,1.15185200135135,355.423738484395,320.384707566391
1982-05-01,1982,5,1.15007826147434,259.488048410057,229.839138518599
1982-06-01,1982,6,1.1331960198058,74.6056286613445,114.015083265185
1982-07-01,1982,7,0.315038913142925,7.95157272415352,27.5275279007659
1982-08-01,1982,8,-0.831409539412594,0.0253823167996897,2.67412987169666
1982-09-01,1982,9,-0.604163793874366,0.0454345741367579,1.93981459067081
1982-10-01,1982,10,-0.24865331392302,5.74862688107598,17.1655827795553
1982-11-01,1982,11,-0.344325975458043,45.7026868834531,49.2293123613324
1982-12-01,1982,12,-0.507139751236041,96.2366233194681,101.558489309516
1983-01-01,1983,1,-0.685724200056609,162.736157725628,155.354612552831
1983-02-01,1983,2,-0.765546478446036,207.091056613396,201.018482820133
1983-03-01,1983,3,-0.941293617854037,233.228234121375,215.151058601755
1983-04-01,1983,4,-1.11930183040562,205.133885070495,177.587311568615
1983-05-01,1983,5,-1.21193580834777,94.3998155139741,107.363512442325
1983-06-01,1983,6,-1.53747997075325,22.5568367425063,39.427664046897
1983-07-01,1983,7,-1.33922546601703,1.32633988421065,7.9611050853554
1983-08-01,1983,8,-0.49429136892332,0.000138629349252036,0.581864426309304
1983-09-01,1983,9,-0.636107209004512,0.41911476536801,2.17684687627985
1983-10-01,1983,10,-0.424130813631043,6.11128723412229,17.4729786221943
1983-11-01,1983,11,-0.989895526567647,45.8885338670927,41.9578791262213
1983-12-01,1983,12,-1.18596606555299,73.873816277449,85.474705835532
1984-01-01,1984,1,-1.31260415264455,136.661767362054,137.513860226076
1984-02-01,1984,2,-1.32084628648442,202.005997038724,188.218112378292
1984-03-01,1984,3,-1.24598016024371,225.986572734097,218.510507043442
1984-04-01,1984,4,-1.09974949051151,227.538951357504,213.813010512936
1984-05-01,1984,5,-0.941856633282415,187.913507447207,173.023594351938
1984-06-01,1984,6,-0.318000857170401,103.618324251103,110.589328166735
1984-07-01,1984,7,0.506042830151807,40.2361528018961,49.7245935967492
1984-08-01,1984,8,0.402407038011744,5.31930373724839,15.3785086514657
1984-09-01,1984,9,0.0446911753613018,0.580069415252609,3.97329202969072
1984-10-01,1984,10,0.480552431406383,6.02050293657116,19.8295692055048
1984-11-01,1984,11,0.402253667837489,52.8881352646907,62.8447118359202
1984-12-01,1984,12,0.234506753761843,129.625497306499,120.358587008471
1985-01-01,1985,1,-0.0627505695384425,178.562128454223,179.76745168866
1985-02-01,1985,2,-0.196792662486792,231.114729305258,231.060406120001
1985-03-01,1985,3,-0.166512973322867,283.504360600522,268.264011233273
1985-04-01,1985,4,0.0494700227701398,290.17294379404,264.221715648272
1985-05-01,1985,5,0.0854553155515881,218.987842550254,195.535225975782
1985-06-01,1985,6,0.194065712531252,77.4448915830531,106.151940131446
1985-07-01,1985,7,-0.0115447978063042,22.0230862610322,33.392305860145
1985-08-01,1985,8,-0.104410431268477,0.708939736349541,7.61284186826115
1985-09-01,1985,9,1.30012514496819,0.106499607401683,8.01212148260054
1985-10-01,1985,10,1.31862583093311,23.2209251040504,38.0438045351926
1985-11-01,1985,11,0.551608136001197,90.8039888941256,75.9990014129613
1985-12-01,1985,12,0.0328849692947501,113.972090240708,125.469000218008
1986-01-01,1986,1,-0.543552959704432,171.630921519191,168.005348546563
1986-02-01,1986,2,-0.588043764770349,218.413033879789,216.103109600351
1986-03-01,1986,3,-0.50885404083568,258.265373402072,249.481017527823
1986-04-01,1986,4,-0.204353648637837,271.764645301609,253.55911573571
1986-05-01,1986,5,-0.0439947116933301,230.647328503449,198.582250472398
1986-06-01,1986,6,0.315847779941506,93.3347776121364,116.41624278592
1986-07-01,1986,7,0.370546469384397,25.2666222421747,39.9185951889408
1986-08-01,1986,8,-0.237650515689147,1.15438571251126,8.82676569939456
1986-09-01,1986,9,-2.02377575081953,0.0592891434977825,0.594291272717112
1986-10-01,1986,10,-0.082999120663146,0.569198962142294,12.8660014797074
1986-11-01,1986,11,0.0829334262251334,37.969516333482,52.0983837800118
1986-12-01,1986,12,0.117366660920137,117.756436044411,114.9855102214
1987-01-01,1987,1,0.0495203389929747,189.230578286307,185.770493700988
1987-02-01,1987,2,-0.0193394828881117,250.324466772247,243.265042030124
1987-03-01,1987,3,-0.121183085346021,290.240081031818,273.118159725154
1987-04-01,1987,4,-0.188468090043193,278.789931371397,251.408849443708
1987-05-01,1987,5,-0.324444196221143,185.196535927909,184.139346120352
1987-06-01,1987,6,-0.507312520955712,88.4315710617486,99.5324532390139
1987-07-01,1987,7,0.0266173608780314,24.9692527273843,38.2001043461518
1987-08-01,1987,8,-0.53577498899349,1.19948924932265,8.74333672455777
1987-09-01,1987,9,-1.50834369735612,0.0612681969664151,1.03551383404903
1987-10-01,1987,10,-1.32379901123391,1.84578405585803,9.37134560287845
1987-11-01,1987,11,-1.33070865834697,26.2069845558109,35.8494270216353
1987-12-01,1987,12,-1.5170455381361,79.495512453237,75.7861213078575
1988-01-01,1988,1,-1.29136241317702,121.655866914524,134.885811068759
1988-02-01,1988,2,-1.03874734695042,203.506053838515,188.549190336401
1988-03-01,1988,3,-0.778046074214698,240.485650256164,224.772023477451
1988-04-01,1988,4,-0.890794198581105,230.324366337673,195.252391827933
1988-05-01,1988,5,-0.884886163231734,114.947158889962,133.569521015648
1988-06-01,1988,6,-1.24342819813336,55.4370378193102,62.0115470567542
1988-07-01,1988,7,-0.635767074446102,15.6504444609907,23.9119924100718
1988-08-01,1988,8,0.04855025466178,0.648494949914459,5.57506054565124
1988-09-01,1988,9,-0.589600383906159,0.42624222604852,2.05580552817387
1988-10-01,1988,10,0.0771870316902811,5.09267940855863,20.2291097457746
1988-11-01,1988,11,0.125819686434699,55.1684076027165,64.301654111373
1988-12-01,1988,12,0.224211596373043,132.643875322844,132.905742976699
1989-01-01,1989,1,0.241874630421198,210.904946004538,207.458568993666
1989-02-01,1989,2,0.224355497932547,278.826885653618,264.240765232988
1989-03-01,1989,3,0.162664371636678,302.990464040809,292.745158387505
1989-04-01,1989,4,-0.217606668645233,296.418125468089,244.24279722056
1989-05-01,1989,5,-0.366132990277909,133.319802152782,157.430662746318
1989-06-01,1989,6,-0.972670410928373,42.5540606180827,60.3042565093204
1989-07-01,1989,7,-0.994478140324281,5.0389067570966,15.8648028807931
1989-08-01,1989,8,-1.2438731389562,0.00144126719998238,1.68306666209285
1989-09-01,1989,9,-0.905698385239379,0.00885196198198132,2.78998098476987
1989-10-01,1989,10,-0.493610651456609,8.35964972512764,20.1381915991966
1989-11-01,1989,11,-0.429935804923744,52.0460731104801,61.1603588687447
1989-12-01,1989,12,-0.241551178132918,123.075353770627,130.587250367741
1990-01-01,1990,1,-0.0320382495759802,216.640324222115,209.688514894312
1990-02-01,1990,2,0.0830036820778839,289.349866690193,272.712878416057
1990-03-01,1990,3,-0.118856075103188,312.148444335861,290.787083762033
1990-04-01,1990,4,-0.406529210253689,270.862940260043,252.088139230446
1990-05-01,1990,5,-0.728584867607051,173.253033095434,169.943473293269
1990-06-01,1990,6,-0.76428516716583,65.7144465243309,84.4551530995763
1990-07-01,1990,7,-0.678584278920871,14.3979796789643,26.7827739890855
1990-08-01,1990,8,-1.43944821945376,0.235895763961295,4.87914161076621
1990-09-01,1990,9,1.78449921766631,0.00354938937309093,9.90392132012567
1990-10-01,1990,10,1.74896780813958,29.4723188070426,49.9818366870546
1990-11-01,1990,11,1.82528466412935,120.469641864748,129.923207419259
1990-12-01,1990,12,1.74324056786922,239.827661585987,219.748714115586
1991-01-01,1991,1,1.56121556633162,298.948838896022,297.039376563994
1991-02-01,1991,2,1.18292996759166,352.341629209973,340.725228302461
1991-03-01,1991,3,0.759530421944682,370.885216801388,353.754492132686
1991-04-01,1991,4,0.343049453512481,338.036630386697,301.35875278049
1991-05-01,1991,5,0.0249658345326775,195.154411153387,206.984079770476
1991-06-01,1991,6,-0.431502912053977,87.7611977713449,101.835150467722
1991-07-01,1991,7,0.0289017771071086,22.5898424784342,37.2289595448582
1991-08-01,1991,8,-0.338700337726298,1.33583838479561,8.00114148043551
1991-09-01,1991,9,0.389303947492954,0.0777435780766614,2.43630962961399
1991-10-01,1991,10,0.974878913437876,5.89534692596971,25.4754219437602
1991-11-01,1991,11,1.25955174961325,70.4531753272341,89.4479325341501
1991-12-01,1991,12,1.41233005214865,191.995275349247,184.14779095821
1992-01-01,1992,1,1.48430270876561,289.99492219815,284.326614692197
1992-02-01,1992,2,1.20599633770772,370.989646529195,343.184797785734
1992-03-01,1992,3,0.726733358409224,368.569824629858,351.079867895982
1992-04-01,1992,4,0.251730361221626,313.680132528893,304.303774757991
1992-05-01,1992,5,-0.166865145556102,230.661367115222,214.63612267248
1992-06-01,1992,6,0.0203746288655699,99.5668683733259,116.117935929581
1992-07-01,1992,7,0.4146758593941,18.1255723001963,39.400829707172
1992-08-01,1992,8,0.542748319091165,0.510048447993764,6.79155937711099
1992-09-01,1992,9,0.743609497407259,1.73905738314292,4.91243416603745
1992-10-01,1992,10,0.392602900654684,12.4881966669757,23.7157988169837
1992-11-01,1992,11,0.112159209759144,56.9201424008324,63.1978067638681
1992-12-01,1992,12,-0.0872908020906388,120.185081223796,118.632074386354
1993-01-01,1993,1,-0.541486163909237,178.790999534435,165.922394372467
1993-02-01,1993,2,-0.842052215270224,198.791102359169,199.930062768055
1993-03-01,1993,3,-1.19571231705507,222.208086410561,209.562004060674
1993-04-01,1993,4,-1.38994437966522,207.68682341229,181.137426355628
1993-05-01,1993,5,-1.45787825071619,113.517369244033,115.319063988146
1993-06-01,1993,6,-1.51031075519589,24.7529993081153,46.9571410763134
1993-07-01,1993,7,-1.03014478311295,2.60105467679208,9.11892625622283
1993-08-01,1993,8,-1.40528908246442,0.00272478376116071,0.873180459515692
1993-09-01,1993,9,-1.67953975101853,0.0157619179938371,0.596309365485246
1993-10-01,1993,10,-1.21848058887503,1.77044139470074,12.4271929811814
1993-11-01,1993,11,-0.87465457117534,35.4953756308496,46.6406247769183
1993-12-01,1993,12,-0.547325744480617,102.656057305205,108.013147499129
1994-01-01,1994,1,-0.243442723995953,185.888009561333,181.460356254227
1994-02-01,1994,2,0.0901938100601638,255.837001896144,250.740927263609
1994-03-01,1994,3,-0.046388570277372,310.49777033335,277.903987451106
1994-04-01,1994,4,-0.278650865903866,267.377190123823,243.861189661369
1994-05-01,1994,5,-0.539265577506902,153.708608526933,161.859845358228
1994-06-01,1994,6,-0.926737862513558,64.4937374239279,77.4450258304402
1994-07-01,1994,7,-0.453654817716452,14.13273154046,26.2484080411039
1994-08-01,1994,8,-0.641587539259894,0.118755158923921,4.76282361953978
1994-09-01,1994,9,-0.336726012682744,0.0369841592353687,2.2157116940147
1994-10-01,1994,10,0.867641581636044,6.49139576388481,28.6378438211822
1994-11-01,1994,11,1.08332294344798,79.3851515404264,88.8472165081435
1994-12-01,1994,12,0.99417631699829,180.665102220119,164.171750682936
1995-01-01,1995,1,0.762139207808284,232.464998288262,231.458193875395
1995-02-01,1995,2,0.50860300810397,281.244481117803,278.28772225376
1995-03-01,1995,3,0.353609665355647,321.153687355214,303.379985423713
1995-04-01,1995,4,0.10062841473348,307.741787798124,265.445106509535
1995-05-01,1995,5,-0.132351712430565,167.439844375266,174.154932935136
1995-06-01,1995,6,-0.388621264685722,47.2831666320189,73.1242322483557
1995-07-01,1995,7,-0.771778588481835,4.64968573778195,17.3155853124888
1995-08-01,1995,8,-1.408436545523,0.0139035676655016,1.55510022028745
1995-09-01,1995,9,0.278309871579846,0.00171135541490445,4.67562575886025
1995-10-01,1995,10,0.629513865343195,14.0112623535003,28.975698682997
1995-11-01,1995,11,1.0773237867847,72.9141223400757,87.9074166791083
1995-12-01,1995,12,1.2672334099541,176.796865343749,177.764952730515
1996-01-01,1996,1,1.24334859197171,283.583870507721,262.310313700435
1996-02-01,1996,2,0.988818620014235,326.550205249834,317.443215856974
1996-03-01,1996,3,0.620693078755389,342.195571813368,332.701461954523
1996-04-01,1996,4,0.508411163412819,329.358608800367,313.473213884167
1996-05-01,1996,5,0.460714918059532,268.865461038766,241.357614521992
1996-06-01,1996,6,0.600460679398331,125.848773726843,146.172200030054
1996-07-01,1996,7,0.947093570811681,43.802365324551,58.589219847817
1996-08-01,1996,8,0.824310834780946,6.11652049205656,16.8638320992963
1996-09-01,1996,9,1.44155533798359,0.672610481281328,8.04905385501004
1996-10-01,1996,10,1.73189325620348,17.3580305916922,42.3473439419777
1996-11-01,1996,11,1.66255963293004,109.01139075296,106.365913735296
1996-12-01,1996,12,1.55878077953456,192.728319861238,190.03595186455
1997-01-01,1997,1,1.48595817690907,268.368144979453,266.746838887533
1997-02-01,1997,2,1.52917504444804,339.144051821907,336.194173833581
1997-03-01,1997,3,1.65231601570069,401.070324699383,391.496902519997
1997-04-01,1997,4,1.58302419470178,434.276331038702,366.875334989059
1997-05-01,1997,5,1.43394813004237,265.279349229091,258.980612408248
1997-06-01,1997,6,0.986991747221133,77.3861569569523,120.13147986722
1997-07-01,1997,7,0.0992657722745182,17.7289334156161,31.9093430948536
1997-08-01,1997,8,-0.343580315121597,0.612938911992506,6.14197610713286
1997-09-01,1997,9,0.573029627999836,0.084055993790017,4.66463818785142
1997-10-01,1997,10,-0.847543457079724,13.2969196577717,16.5949827845931
1997-11-01,1997,11,-0.702984259165656,36.4039727022176,52.3546345550614
1997-12-01,1997,12,-0.591185758079614,107.363011305195,112.427710291736
1998-01-01,1998,1,-0.460403146063323,193.516146867795,179.97636054094
1998-02-01,1998,2,-0.461401528357365,239.049923449829,229.154723827901
1998-03-01,1998,3,-0.59204316858981,254.898101166077,246.550521356619
1998-04-01,1998,4,-0.83334226873123,245.703539453951,209.36021430351
1998-05-01,1998,5,-0.894000986357951,127.479002290501,134.98890708662
1998-06-01,1998,6,-1.25187691088463,31.7841795154084,53.916335205486
1998-07-01,1998,7,-1.45323814476611,2.48582381054871,11.423611302324
1998-08-01,1998,8,-1.31248703034345,0.000830581014915218,0.84610590859065
1998-09-01,1998,9,0.0781514529393783,0.0516633342083235,2.4201334170132
1998-10-01,1998,10,0.0025044733781113,7.20790633581635,15.9960382663915
1998-11-01,1998,11,0.00103698278128821,40.7285451291498,54.5453363990624
1998-12-01,1998,12,0.316413830064087,115.699557732221,124.6297054721
1999-01-01,1999,1,0.564116371590165,217.461013554929,205.972752375909
1999-02-01,1999,2,0.6723248902154,284.757685840578,274.119779480031
1999-03-01,1999,3,0.506248894719719,320.140639044587,305.083385983804
1999-04-01,1999,4,0.481500983398647,310.351833066247,283.909873755255
1999-05-01,1999,5,0.495890724847095,221.237149154931,214.259275517667
1999-06-01,1999,6,0.490499655513538,111.188844331823,122.798020578765
1999-07-01,1999,7,0.868764094592744,35.9680682495423,50.3860942104407
1999-08-01,1999,8,0.646219955012963,4.00137004995705,13.664764668808
1999-09-01,1999,9,0.181541367784816,1.02485570692478,5.1539639382932
1999-10-01,1999,10,0.18682259107736,10.4356660579978,22.0473583479573
1999-11-01,1999,11,0.019375772377462,54.6815532789493,64.7687063480081
1999-12-01,1999,12,-0.0861859456633309,129.188899707077,124.894436937426
2000-01-01,2000,1,-0.386870516446742,190.812857826252,178.121769537802
2000-02-01,2000,2,-0.52620730048941,214.363551080078,217.29454400645
2000-03-01,2000,3,-0.656660316969896,246.707223113019,232.869615530908
2000-04-01,2000,4,-0.54727836499175,237.538072399627,219.564339471242
2000-05-01,2000,5,-0.433665271633183,174.447722901079,165.77546837535
2000-06-01,2000,6,-0.327932645915827,85.3406098253446,94.1644372199113
2000-07-01,2000,7,0.220433484786532,22.7049789333104,36.5114494871874
2000-08-01,2000,8,0.153833673596244,1.48875970290717,8.20499713359122
2000-09-01,2000,9,0.327170282479729,0.421252764556043,4.31781464451636
2000-10-01,2000,10,-0.590395333103509,11.0434314660859,18.7532788231259
2000-11-01,2000,11,-1.02052332746523,44.7951522387359,48.0510294188433
2000-12-01,2000,12,-1.14781018091201,88.3145045517083,95.3145776077819
2001-01-01,2001,1,-1.23212629505892,152.834076032901,144.818595975463
2001-02-01,2001,2,-1.28304071173336,193.30720734178,187.617212309873
2001-03-01,2001,3,-1.06823478356984,216.710353554938,215.238464406459
2001-04-01,2001,4,-0.690977736276769,235.697832322658,218.283273223648
2001-05-01,2001,5,-0.232547253597096,202.441633793346,183.275214412756
2001-06-01,2001,6,0.141069782207443,111.686177122264,116.827877541831
2001-07-01,2001,7,0.766901928516136,36.3558217098838,50.7139438574973
2001-08-01,2001,8,0.439823950059544,4.0998327403439,13.5598573071218
2001-09-01,2001,9,1.14433625012101,0.223917471137561,8.37474199962696
2001-10-01,2001,10,1.16450158524538,20.8004757873994,47.5783834082939
2001-11-01,2001,11,1.03394681890208,121.710756966345,112.804908800245
2001-12-01,2001,12,0.798445809895599,195.90349364699,189.697919334087
2002-01-01,2002,1,0.573794415533638,251.479507388925,254.569339672525
2002-02-01,2002,2,0.50273684396344,316.325017981661,307.428510963867
2002-03-01,2002,3,0.779765636761461,354.481007521015,358.624724417601
2002-04-01,2002,4,0.985275352861756,405.068147750128,360.184459160444
2002-05-01,2002,5,1.16601040088895,321.004222210189,289.516072922582
2002-06-01,2002,6,1.24178321899967,142.475848807428,170.324606007104
2002-07-01,2002,7,1.34212365724718,47.4937470036939,66.4538942781606
2002-08-01,2002,8,0.79988391361108,9.39208702335979,19.3344333715606
2002-09-01,2002,9,-0.838311308735262,1.11746608762813,4.00582092846047
2002-10-01,2002,10,-1.34826637056724,1.5079096743935,8.86530386176623
2002-11-01,2002,11,-2.05756855555591,23.9705358232771,26.7762181752905
2002-12-01,2002,12,-2.12238836990168,54.850209028201,60.9960062063627
2003-01-01,2003,1,-2.04883325692182,104.16727376761,106.014084397701
2003-02-01,2003,2,-1.83343084009948,159.024770397291,154.002774429003
2003-03-01,2003,3,-1.53157591611543,198.816279122106,190.463628984035
2003-04-01,2003,4,-1.10478410431338,213.549837432708,187.446430113879
2003-05-01,2003,5,-0.844047779990644,149.973173786823,138.622624135157
2003-06-01,2003,6,-0.418484166030329,52.3448611859391,70.5876489828902
2003-07-01,2003,7,-0.401521658232707,9.4449119759084,20.612759299346
2003-08-01,2003,8,-0.0596479420062415,0.0485047361904517,3.28835628385233
2003-09-01,2003,9,-0.367377399681497,0.371652139458142,2.38591626772008
2003-10-01,2003,10,-0.565742899560517,6.73759192751165,12.9462224598616
2003-11-01,2003,11,-0.727262094974121,31.729423312615,42.9703769030527
2003-12-01,2003,12,-1.04338600237864,90.4441154690315,86.8264368004667
2004-01-01,2004,1,-1.14074090452223,138.305771619754,139.248086296725
2004-02-01,2004,2,-1.18885383113464,188.994371801391,182.967380373898
2004-03-01,2004,3,-1.33431511840027,221.60199770055,197.417912527035
2004-04-01,2004,4,-1.49841271325048,181.657368079164,163.27867133476
2004-05-01,2004,5,-1.66160848208147,86.5766482245653,96.8190912614789
2004-06-01,2004,6,-1.53770276148795,22.2232574807074,36.4184287954791
2004-07-01,2004,7,-1.51631889299438,0.455380681164581,7.55954963919911
2004-08-01,2004,8,-0.546498160171107,1.07557253730028e-05,0.388426290717639
2004-09-01,2004,9,0.280641988840621,0.709887435262962,2.00588382475557
2004-10-01,2004,10,0.476618386993875,5.30775328327839,26.9219753835833
2004-11-01,2004,11,0.0910817742153429,74.7482854322084,73.1215393334104
2004-12-01,2004,12,-0.150226127966374,139.308579284744,134.995082864785
2005-01-01,2005,1,-0.376996354383456,190.928383877403,196.381901937818
2005-02-01,2005,2,-0.587890683589754,258.908742651306,240.81417831064
2005-03-01,2005,3,-0.712170003690949,272.60540840321,270.337372097057
2005-04-01,2005,4,-1.05447152895618,279.497965236654,234.74215186429
2005-05-01,2005,5,-1.1050980756357,152.123081953006,160.203466040947
2005-06-01,2005,6,-1.30476408480929,48.9893509331801,69.8013281762451
2005-07-01,2005,7,-1.25598823848887,8.29155164254937,19.1302164057044
2005-08-01,2005,8,-0.505441841175368,0.109746641383733,2.87165478456986
2005-09-01,2005,9,-0.0111765899277773,0.213666069776492,5.05314454896906
2005-10-01,2005,10,-0.570061981837025,14.836020935747,23.1587753359636
2005-11-01,2005,11,-1.5718466784261,54.4266390023674,48.9772547257375
2005-12-01,2005,12,-1.64526846257788,77.6691042390981,91.3706853574977
2006-01-01,2006,1,-1.63152599197846,142.016312831028,140.454561588858
2006-02-01,2006,2,-1.46070816438431,201.678267696448,191.292215807794
2006-03-01,2006,3,-1.36539046405696,230.182066895908,214.590828321133
2006-04-01,2006,4,-1.24972954397509,211.912150371045,197.938556161242
2006-05-01,2006,5,-1.19814073110277,151.721451216772,138.286675028534
2006-06-01,2006,6,-0.943717084388515,51.2264234977856,70.0433921495277
2006-07-01,2006,7,-1.01190026101534,7.18230173402562,19.4901057652065
2006-08-01,2006,8,-0.698403526308509,0.0615920638082021,2.47181427907028
2006-09-01,2006,9,0.620251067616724,0.171549039377007,3.02793109227741
2006-10-01,2006,10,1.67504576343739,8.85065217364701,44.9682947189089
2006-11-01,2006,11,1.80218713555708,125.882682943703,125.607832730962
2006-12-01,2006,12,1.91331533467555,242.090163075536,239.205888239861
2007-01-01,2007,1,1.93999753865297,349.644818700346,335.613500504267
2007-02-01,2007,2,1.92746594891504,415.105519736919,412.948540677204
2007-03-01,2007,3,1.86252167270371,474.095283594347,462.69106406815
2007-04-01,2007,4,1.93250846974828,498.872388873184,461.621033119578
2007-05-01,2007,5,1.76995700795259,411.895426891203,362.782254055727
2007-06-01,2007,6,1.62925926506421,177.578946402796,222.098564842689
2007-07-01,2007,7,1.45049202166355,76.8213212340697,93.0132857938558
2007-08-01,2007,8,1.14375036919298,24.6395897447017,35.751229639141
2007-09-01,2007,9,0.201625771248047,5.79277793865156,15.6950731524449
2007-10-01,2007,10,0.82209055334011,16.6528517739815,35.1889390395697
2007-11-01,2007,11,0.767400202955855,83.1211874060762,84.7028223992191
2007-12-01,2007,12,0.705796212446448,154.3344280176,152.654825495797
2008-01-01,2008,1,0.464317646077951,220.508861063716,214.920112861627
2008-02-01,2008,2,0.366564893437921,269.917049503565,271.556461464891
2008-03-01,2008,3,0.411218170753739,324.243473827391,308.760288066434
2008-04-01,2008,4,0.50125252698925,332.120340868345,292.246704611464
2008-05-01,2008,5,0.48066534365074,220.376299138655,209.287651798181
2008-06-01,2008,6,0.474098096580349,75.3663153875442,107.607247536643
2008-07-01,2008,7,-0.250377622777958,27.0791280837286,36.0249879465764
2008-08-01,2008,8,-0.290516460286251,5.62952036845654,11.3590167976959
2008-09-01,2008,9,0.211301993320323,1.36840194090267,6.1923595100218
2008-10-01,2008,10,0.670412026659326,11.5791562207062,30.0749409866014
2008-11-01,2008,11,0.78990337128987,77.2772647981954,86.6653012950518
2008-12-01,2008,12,0.826729853539972,171.139482866254,162.840385883175
2009-01-01,2009,1,0.757828576480307,240.104409985076,236.252054534759
2009-02-01,2009,2,0.637378986692266,297.512270752947,288.781135004565
2009-03-01,2009,3,0.617784573145442,328.72672427567,323.211278333799
2009-04-01,2009,4,0.663540161464483,343.39483997278,306.749296068846
2009-05-01,2009,5,0.647813078276434,248.126323958089,228.280807597097
2009-06-01,2009,6,0.597924653198144,93.3212588604232,122.758953394049
2009-07-01,2009,7,0.409106477427125,26.8292773636361,40.355558483025
2009-08-01,2009,8,0.0537770412682763,0.916139225015664,9.28695936848347
2009-09-01,2009,9,0.306189268584274,0.115461516798588,2.66817279328081
2009-10-01,2009,10,0.872166996608442,6.97291763802818,29.6361643568914
2009-11-01,2009,11,0.77399880894331,81.8201139158474,79.8148280297505
2009-12-01,2009,12,0.526173213565934,150.651452535376,141.697096844564
2010-01-01,2010,1,-0.0184341666454509,192.619724082469,190.772515888899
2010-02-01,2010,2,-0.500836127761091,229.046371048853,221.185626441873
2010-03-01,2010,3,-0.806581574393749,241.890784194296,232.61430966625
2010-04-01,2010,4,-0.962060476977549,226.905773755602,205.217845059477
2010-05-01,2010,5,-0.941514737119092,146.856977228533,141.101652717431
2010-06-01,2010,6,-0.547534797454222,49.5422071681584,68.2754719765264
2010-07-01,2010,7,-0.698354821316858,8.42723153288801,19.3276273875607
2010-08-01,2010,8,-0.519470289665645,0.0134434616356565,2.89099796075271
2010-09-01,2010,9,-0.38243158756743,0.232318887734473,3.27053285182867
2010-10-01,2010,10,-0.373944504741431,9.56583620611588,18.4725579761323
2010-11-01,2010,11,-0.478387059572882,45.6195188345467,52.3207584020986
2010-12-01,2010,12,-0.406971597870745,101.776920165633,108.630468373311
2011-01-01,2011,1,-0.122419762908381,178.494966119752,185.317520310506
2011-02-01,2011,2,0.272467947943019,275.680674646134,260.299660309016
2011-03-01,2011,3,0.632374728733292,326.723340161163,318.079409045584
2011-04-01,2011,4,0.868450682514845,351.834212329453,311.690469533081
2011-05-01,2011,5,0.896463652598963,256.513856108625,231.794901858197
2011-06-01,2011,6,0.922408211086942,87.0366371365119,126.515162220177
2011-07-01,2011,7,0.175464598009237,35.9949934153927,43.3694477766478
2011-08-01,2011,8,0.584057236237052,7.07671277803885,14.9206493731429
2011-09-01,2011,9,-0.179809992771155,1.69024192599724,7.21910025740825
2011-10-01,2011,10,0.519628565173678,12.8903460681887,30.1502963952851
2011-11-01,2011,11,0.731897733289274,75.8703011916694,88.2798368570301
2011-12-01,2011,12,0.921601364587329,176.078863311232,182.046942443975
2012-01-01,2012,1,1.04123408587092,294.191662829024,280.653116199108
2012-02-01,2012,2,1.18166910608383,371.688822457067,363.407225039171
2012-03-01,2012,3,1.21580572317873,424.341189831421,406.821168853326
2012-04-01,2012,4,1.205842011228,424.433494271491,395.154409639618
2012-05-01,2012,5,1.1130032064058,336.688544815943,311.878997480859
2012-06-01,2012,6,0.995122884143311,174.514953355144,193.989223107359
2012-07-01,2012,7,1.50185136653515,70.7641711509915,87.5658957083821
2012-08-01,2012,8,0.78943090526014,17.4185626190109,30.3940673420204
2012-09-01,2012,9,0.747264307817085,2.99946825605885,10.1493749403416
2012-10-01,2012,10,0.516024608770104,10.030093945955,22.6935268743096
2012-11-01,2012,11,0.357782726064059,55.051018420915,62.0080458689652
2012-12-01,2012,12,-0.0154696602548227,120.943025240026,111.536567770847
2013-01-01,2013,1,-0.430275620075038,158.615659651601,159.913393289921
2013-02-01,2013,2,-0.54100711337356,200.181494978137,204.965734043615
2013-03-01,2013,3,-0.405606373379427,256.100047501107,239.890774987395
2013-04-01,2013,4,-0.321318134883054,263.390782482941,217.077080368896
2013-05-01,2013,5,-0.282077661738597,131.74041112264,143.094376314652
2013-06-01,2013,6,-0.333571816307753,34.1519353383765,56.2117205327416
2013-07-01,2013,7,-1.06057426199501,2.74281513720826,12.2991030477143
2013-08-01,2013,8,-0.752352398461509,0.00255866755817767,0.982380550706397
2013-09-01,2013,9,-1.64297329141737,0.201767847352757,0.599477125787695
2013-10-01,2013,10,-0.954395658582502,1.59410486245215,8.34885376537454
2013-11-01,2013,11,-0.817485895863832,23.2506885863187,37.8387940358199
2013-12-01,2013,12,-0.388165169678452,88.671588658689,100.856054795217
2014-01-01,2014,1,-0.233576823641357,190.645887140642,169.496351814111
2014-02-01,2014,2,-0.0656053209978572,229.171579643001,231.025204622656
2014-03-01,2014,3,-0.0329096104944749,273.258147084325,264.892580913521
2014-04-01,2014,4,-0.0715120704389225,292.248016013239,240.128641837621
2014-05-01,2014,5,-0.0716733563557355,154.8797624153,163.557611511664
2014-06-01,2014,6,-0.207924048831437,43.5450561064527,68.1871383909195
2014-07-01,2014,7,-0.997348725074581,6.13659665100557,16.5629586081955
2014-08-01,2014,8,-1.20868114012836,0.00722306712826989,2.05517850922064
2014-09-01,2014,9,-0.560585430691363,0.0217158095280927,1.10422339953277
2014-10-01,2014,10,-0.267383915074123,3.28373132194194,16.8608089437461
2014-11-01,2014,11,-0.237789072499051,47.2769796997682,54.1051846299454
2014-12-01,2014,12,-0.155340676764289,111.754842868126,115.973298113448
2015-01-01,2015,1,0.211215664600399,188.888071772449,195.942881511666
2015-02-01,2015,2,0.256875913308583,287.185729894423,258.070687602337
2015-03-01,2015,3,0.219204212297661,298.13826114014,294.998675261125
2015-04-01,2015,4,-0.0754684430850897,299.672034748814,261.704575149039
2015-05-01,2015,5,-0.319754649914967,187.303429558164,178.747191863351
2015-06-01,2015,6,-0.318513815828473,49.2661112830752,80.756986549524
2015-07-01,2015,7,-1.15737061258251,5.70141880733327,18.3303425883689
2015-08-01,2015,8,-0.183178859891563,0.0234976746982202,2.09685176635844
2015-09-01,2015,9,-1.15664594672258,0.56563881704383,0.728618730180146
2015-10-01,2015,10,-1.07856222108265,1.59671969879839,10.5161053395411
2015-11-01,2015,11,-0.874989504914937,29.385957502781,40.4178632132292
2015-12-01,2015,12,-1.06938555326067,90.2709124381082,85.08761205968
2016-01-01,2016,1,-1.06233746508614,135.605966238151,140.337128985795
2016-02-01,2016,2,-0.963160832632966,195.134508281125,189.739886182691
2016-03-01,2016,3,-1.35311078166031,238.479184028798,197.376934806805
2016-04-01,2016,4,-1.653305486061,158.517112110492,155.040229472301
2016-05-01,2016,5,-2.23418644294556,68.1243922776148,81.7530037665626
2016-06-01,2016,6,-2.11626980005669,18.6175069115813,29.1875932449685
2016-07-01,2016,7,-1.55687701108226,0.820880545709366,6.47963417900933
2016-08-01,2016,8,-1.5638394549325,0.000515079737307135,0.282065711025407
2016-09-01,2016,9,1.04799004602726,0.0248015076295475,4.16357156726452
2016-10-01,2016,10,-0.414063064772923,12.4653981144267,17.6918974695548
2016-11-01,2016,11,-0.923455924972078,40.5854927866082,47.5497221886962
2016-12-01,2016,12,-1.01701455604559,89.5982756650537,98.2213315111254
2017-01-01,2017,1,-0.984465873546984,164.480226081714,157.315204814761
2017-02-01,2017,2,-0.87944852630646,217.867112697515,212.384570511361
2017-03-01,2017,3,-0.774309185101142,254.806372754855,244.882862868664
2017-04-01,2017,4,-0.656634138621468,261.975103153621,231.931140249534
2017-05-01,2017,5,-0.589358983473178,179.011944840128,168.731124976723
2017-06-01,2017,6,-0.494234806895485,65.2063269364206,86.8804034533457
2017-07-01,2017,7,-0.524392432707755,16.4229385834888,27.3326815618708
2017-08-01,2017,8,-0.333024936113157,0.368779165702954,5.62936261781774
2017-09-01,2017,9,0.497131741415097,0.0963701042615083,5.48520721588517
2017-10-01,2017,10,0.716811975837698,15.9904723776911,28.4248402244166
2017-11-01,2017,11,0.718788040822172,69.1876781912973,79.0976653421732
2017-12-01,2017,12,0.428654722000954,152.114845457531,136.754705593202
2018-01-01,2018,1,0.528558380027559,188.961593130776,208.582457444423
2018-02-01,2018,2,0.606646990758998,284.670933744961,268.021930528862
2018-03-01,2018,3,0.901492697648559,330.433264710849,326.763508015109
2018-04-01,2018,4,0.579988410587646,365.186325589517,278.756448798311
2018-05-01,2018,5,0.442163690464853,140.649756094567,181.561929739408
2018-06-01,2018,6,-0.223147328780668,38.8497075341399,61.1986926723343
2018-07-01,2018,7,-0.930179464192694,4.09661438829618,14.3154490063762
2018-08-01,2018,8,-0.0966995367672391,2.50966925370066e-05,1.74823799228907
2018-09-01,2018,9,-0.500195093072265,1.1480744918785,1.00378404583847
2018-10-01,2018,10,-0.419302855020735,1.86325254894438,13.817858875246
2018-11-01,2018,11,-0.550827253383031,38.442249584915,46.4786467396825
2018-12-01,2018,12,-0.122212340394106,99.1304380851879,114.808542288236
2019-01-01,2019,1,0.0510608256534304,206.852939194605,186.818460274858
2019-02-01,2019,2,0.0918976675494494,254.472003544781,242.401882321414
2019-03-01,2019,3,-0.312322680683696,265.880704224857,248.323134611125
2019-04-01,2019,4,-0.651830424756973,224.616696063737,201.88900303024
2019-05-01,2019,5,-0.880257084927284,115.169608802126,119.788967776318
2019-06-01,2019,6,-0.826982656161123,19.5805984630919,45.068501430247
2019-07-01,2019,7,-1.50290626529854,0.455297025522791,6.67890669807555
2019-08-01,2019,8,-0.827645917606627,0.000824605611930216,0.245844809931322
2019-09-01,2019,9,0.0938771574258902,0.281412798659246,3.15334763044901
2019-10-01,2019,10,-0.935412430363646,9.17780548707584,14.1568367144617
2019-11-01,2019,11,-0.87372827203692,33.0112918576501,43.1675811359657
2019-12-01,2019,12,-0.379190425814555,87.3136460631712,106.666345046576
2020-01-01,2020,1,0.127825425434177,199.674097218908,193.159150798418
2020-02-01,2020,2,0.578091893030589,292.489709113176,276.291177585509
2020-03-01,2020,3,0.568777371617852,336.709726424444,315.158552394475
2020-04-01,2020,4,0.232628452062948,316.276221645805,269.618873707732
2020-05-01,2020,5,-0.0439374572168708,155.870673052948,175.393654688657
2020-06-01,2020,6,-0.468489394674313,54.0340693672199,73.8911254264557
2020-07-01,2020,7,-0.766664005472218,11.7686338591994,21.9779393029591
2020-08-01,2020,8,-0.552045287546932,0.131114682458098,3.99468437073723
2020-09-01,2020,9,1.50618393951594,0.0843045705541931,5.49614140662733
2020-10-01,2020,10,0.801942276391758,16.2730049668697,24.0405412544882
2020-11-01,2020,11,0.819965225808334,55.7643142260406,76.019209030776
2020-12-01,2020,12,0.769666814065238,156.020307899418,150.309562683105
2021-01-01,2021,1,0.724136896127186,239.144065923858,228.321881720496
2021-02-01,2021,2,0.653137730109117,289.801271338212,293.782380788448
2021-03-01,2021,3,0.572891971397271,352.401805103273,330.218597163533
2021-04-01,2021,4,0.434460669126735,348.452715049113,306.854226137064
2021-05-01,2021,5,0.237264579817144,219.708158258806,221.380222212203
2021-06-01,2021,6,-0.131414313191563,95.9797933286892,110.78110992062
2021-07-01,2021,7,0.00969002822186328,16.6553781743635,37.7034710762196
2021-08-01,2021,8,-0.136470710363034,0.47524172560613,5.79836016012015
2021-09-01,2021,9,0.316730321505907,0.264460580390796,5.60078664730266
2021-10-01,2021,10,0.0527917963006415,16.0626576359111,24.253523339803
2021-11-01,2021,11,-0.0207387221155627,56.433451803107,70.6781173808035
2021-12-01,2021,12,0.0493000430605232,139.538242703392,135.928793359819
2022-01-01,2022,1,0.0107940128656812,211.814685572956,204.230955868038
2022-02-01,2022,2,-0.0883716237903169,261.339939327766,252.623641700075
2022-03-01,2022,3,-0.147423295834448,284.716300199504,281.605763542921
2022-04-01,2022,4,-0.0220599331641591,298.761051101493,274.474324837464
2022-05-01,2022,5,0.118116649405825,239.945623211395,214.698673589287
2022-06-01,2022,6,0.283616569947316,105.389346454974,125.290095855917
2022-07-01,2022,7,0.412173950490394,30.5353179013819,45.9266796446683
2022-08-01,2022,8,-0.920494242780418,1.85537457764896,10.7970719747774
2022-09-01,2022,9,-0.257423399011908,0.000523445301486137,2.52465795454824
2022-10-01,2022,10,0.455439288719104,5.71807584069427,24.7659746965171
2022-11-01,2022,11,0.167531185909366,68.5793248035555,66.8548557692602
2022-12-01,2022,12,-0.0173600050514164,126.267166663531,125.621250697545
2023-01-01,2023,1,-0.0818044043343736,182.017260625548,190.99591867866
2023-02-01,2023,2,0.0865623996744624,264.703328746901,253.41428630832
2023-03-01,2023,3,0.279472741024324,313.522269552513,297.787712928944
2023-04-01,2023,4,-0.0204421357067991,315.137540487419,254.501521637167
2023-05-01,2023,5,-0.225113046961428,134.844754871569,160.331285089478
2023-06-01,2023,6,-0.705568795014866,31.0115599094477,55.8321485941671
2023-07-01,2023,7,-1.43485061769772,1.64013100148442,10.8838977670311
2023-08-01,2023,8,-1.56079337864746,2.39016119400063e-06,0.554964357151423
2023-09-01,2023,9,-1.219866395648,0.0247596798086525,0.31201642258723
2023-10-01,2023,10,-0.814581906885757,0.911287197791843,9.81625857309391
2023-11-01,2023,11,-0.784628797082786,28.5127288416812,40.5220913707762
2023-12-01,2023,12,-0.844092849121142,92.1422580728555,92.9780675653826
2024-01-01,2024,1,-1.03715743146932,158.279215781611,145.293882715772
2024-02-01,2024,2,-1.21131401792378,185.460174292849,185.088311420845
2024-03-01,2024,3,-1.40614010091624,211.525544188076,199.977583156194
2024-04-01,2024,4,-1.38959000898592,202.947030987656,181.663812750463
2024-05-01,2024,5,-1.33404763170179,130.518863075658,129.350494123441
2024-06-01,2024,6,-0.884322227175073,54.5855883070102,64.1661072733408
2024-07-01,2024,7,-0.614186042403313,7.39387043735437,20.6603729037713
2024-08-01,2024,8,-0.163281686274971,0.00165996694923344,2.60433557139104
2024-09-01,2024,9,0.317465685360382,0.417476309869522,3.75523045347846
2024-10-01,2024,10,-0.0903058677628045,10.8465550836166,19.2814259700409
2024-11-01,2024,11,-0.00167415494689737,46.5802465166364,58.5638072556422
2024-12-01,2024,12,-0.27497350125781,118.264620166673,110.505132348516
2025-01-01,2025,1,-0.540643686815455,166.670530362237,162.054855821525
2025-02-01,2025,2,-0.741054122529572,201.229416935665,201.550210030157
2025-03-01,2025,3,-0.887045814704812,236.750682792568,219.486275213205
2025-04-01,2025,4,-0.919653171393277,220.478725911382,194.77747675769
2025-05-01,2025,5,-0.935860114377394,127.103021569121,131.675528603588
2025-06-01,2025,6,-1.11373824722394,47.4448383302617,60.5376151171742
2025-07-01,2025,7,-0.846403063150171,7.06498545214048,18.1722366122674
2025-08-01,2025,8,-0.28135734291767,0.00688605439991581,2.47091358666034
2025-09-01,2025,9,-0.117794617500054,0.340869253440608,2.65315102853671
2025-10-01,2025,10,-0.355287357516842,7.61169777776962,22.7729610930708
2025-11-01,2025,11,0.105418993407828,60.3663162480022,74.7344101481171
2025-12-01,2025,12,NA,156.225216418579,NA
