"date","year","month","mean_precip","min_precip","max_precip","std_dev"
1950-01-01,1950,1,676.754999585551,232.664987444878,2473.00219535828,385.441434057509
1950-02-01,1950,2,3490.55152561735,981.168150901794,22862.8540039062,3007.10369484977
1950-03-01,1950,3,1447.04858608106,527.721583843231,9655.62915802002,1218.78855870164
1950-04-01,1950,4,2400.10968235014,924.531579017639,11878.4494400024,1521.90918637497
1950-05-01,1950,5,1705.11142360004,487.680792808533,11478.8064956665,1343.25305262421
1950-06-01,1950,6,814.940927659764,366.02771282196,2684.98373031616,293.868635709052
1950-07-01,1950,7,1622.40680843187,496.934413909912,3825.30236244202,509.831287819859
1950-08-01,1950,8,2401.806535292,1310.14478206635,6196.78688049316,753.970826106732
1950-09-01,1950,9,1487.16346606005,570.851624011993,9197.2599029541,1010.90556428483
1950-10-01,1950,10,2619.21277035415,1066.91062450409,14025.4144668579,1900.71777412529
1950-11-01,1950,11,3696.52106656748,2324.89490509033,16350.6641387939,2148.27767879131
1950-12-01,1950,12,2819.36122551223,913.853764533997,17552.9155731201,2359.08648704441
1951-01-01,1951,1,1432.44172015746,606.885194778442,9535.51959991455,1241.02729786491
1951-02-01,1951,2,2223.21037988587,881.109833717346,12429.1439056396,1448.9473404449
1951-03-01,1951,3,1970.51910634629,887.555301189423,10540.0581359863,1323.5997933031
1951-04-01,1951,4,790.631680585006,152.898222208023,4279.46186065674,602.278795708219
1951-05-01,1951,5,2445.3672074894,997.722387313843,7188.07411193848,878.979900896241
1951-06-01,1951,6,1174.89112623676,497.696697711945,4705.82962036133,511.058404953775
1951-07-01,1951,7,2870.10491002199,612.777173519135,5108.39033126831,1049.02843018482
1951-08-01,1951,8,1272.24192036762,305.91082572937,2923.26998710632,437.709646101549
1951-09-01,1951,9,1717.14080533021,909.564554691315,6684.36050415039,583.904420094555
1951-10-01,1951,10,3348.3989049946,1601.12142562866,13733.7512969971,1821.18825069026
1951-11-01,1951,11,2381.82779135208,914.50822353363,13118.9317703247,1754.23505891261
1951-12-01,1951,12,1900.16298232035,789.064884185791,9928.14064025879,1197.81677809919
1952-01-01,1952,1,3085.01267716356,1257.53784179688,16645.580291748,2103.84151800748
1952-02-01,1952,2,2046.50963917037,760.392308235168,11893.5041427612,1587.46319373734
1952-03-01,1952,3,1893.53352936819,835.517168045044,12190.4850006104,1514.97073091831
1952-04-01,1952,4,2538.34120528056,807.914197444916,17562.7880096436,2499.15881285781
1952-05-01,1952,5,623.095614574344,137.943893671036,3183.50267410278,351.423617391087
1952-06-01,1952,6,2982.63240501082,1603.4243106842,7132.9174041748,670.446717640779
1952-07-01,1952,7,980.627705338854,296.06556892395,3190.61613082886,421.437371821406
1952-08-01,1952,8,1626.23222822922,736.233294010162,5483.57915878296,631.592502237716
1952-09-01,1952,9,2546.37226576988,1206.19475841522,15531.9995880127,1683.06309348631
1952-10-01,1952,10,1663.5135934094,260.444819927216,11909.9636077881,1628.72852452855
1952-11-01,1952,11,2458.31254758446,863.15393447876,12535.2849960327,1907.08523759383
1952-12-01,1952,12,3194.50923102609,806.947469711304,15650.2780914307,2413.83254636292
1953-01-01,1953,1,2602.80269411355,1290.02010822296,14644.380569458,1863.55125564248
1953-02-01,1953,2,1937.74336687715,440.967261791229,15419.3983078003,2051.04884013641
1953-03-01,1953,3,2350.46372485107,694.818794727325,15904.4561386108,2039.9607793619
1953-04-01,1953,4,1770.69149115776,682.658731937408,5350.57401657104,681.682113278555
1953-05-01,1953,5,1337.22716327167,716.421544551849,3412.34707832336,425.586652802122
1953-06-01,1953,6,2785.00958056741,1181.65111541748,4823.28605651855,734.374163428393
1953-07-01,1953,7,3015.09701888755,1575.69766044617,5350.25119781494,651.84664522399
1953-08-01,1953,8,1617.50839070767,485.686361789703,4194.42176818848,563.398499506027
1953-09-01,1953,9,2884.83381955737,888.651907444,10418.1756973267,1387.26052630487
1953-10-01,1953,10,4199.69851621406,1475.37887096405,24066.3661956787,3347.7387877644
1953-11-01,1953,11,4357.19341727403,1357.56027698517,27496.1795806885,3724.3521209725
1953-12-01,1953,12,3804.77787291302,1227.84054279327,25417.96875,3528.9015661282
1954-01-01,1954,1,1983.12939602325,801.197469234467,13368.4120178223,1840.9837334072
1954-02-01,1954,2,4841.14819441446,1683.87377262115,28344.0189361572,4367.00453172304
1954-03-01,1954,3,1047.31812877623,500.908374786377,4375.50783157349,560.872187144132
1954-04-01,1954,4,2409.71948192939,905.740320682526,13518.7158584595,1883.12688708804
1954-05-01,1954,5,1601.36290949799,660.399198532104,3273.31042289734,431.778395176766
1954-06-01,1954,6,2954.1486406623,1407.00161457062,9109.4856262207,1128.98258561017
1954-07-01,1954,7,2202.04996108604,762.470543384552,5302.25086212158,700.399727843998
1954-08-01,1954,8,3299.22757122447,929.328382015228,5906.48031234741,875.522891727689
1954-09-01,1954,9,2862.53292973225,1098.73569011688,12225.9836196899,1401.3766865309
1954-10-01,1954,10,3780.26261655993,1210.04974842072,20430.6316375732,2845.06634452744
1954-11-01,1954,11,4448.08206926374,1694.09322738647,24671.2741851807,3326.94724182591
1954-12-01,1954,12,4156.91123902798,1332.85737037659,24600.4581451416,3566.15044284205
1955-01-01,1955,1,2146.32317626099,479.017853736877,13901.5073776245,1737.47522402849
1955-02-01,1955,2,2267.96626768231,1049.35276508331,13860.2800369263,1670.0426035692
1955-03-01,1955,3,2157.48008856407,913.880527019501,11614.4714355469,1355.53849242392
1955-04-01,1955,4,2182.72430682344,537.758708000183,10336.0691070557,1420.49691341175
1955-05-01,1955,5,2197.83726530107,1148.99408817291,10543.7889099121,1149.3304632808
1955-06-01,1955,6,1714.28688578476,540.273725986481,6103.74164581299,608.334883395401
1955-07-01,1955,7,2697.29284861239,1410.68708896637,4355.8497428894,574.83061842801
1955-08-01,1955,8,2168.67171929163,596.516788005829,10303.4086227417,1193.04496915122
1955-09-01,1955,9,1600.62524197598,476.291626691818,7054.46863174438,1026.94524417626
1955-10-01,1955,10,4612.34464439062,1367.92290210724,25154.109954834,3476.74538275406
1955-11-01,1955,11,3026.65908081769,1429.99339103699,14503.378868103,1837.36221898017
1955-12-01,1955,12,1936.65077264223,1170.41873931885,10401.5398025513,1223.83748196058
1956-01-01,1956,1,1939.73428860509,1120.37968635559,8196.14315032959,963.246462841397
1956-02-01,1956,2,1968.82428313138,789.752244949341,12399.1575241089,1533.00295778034
1956-03-01,1956,3,2125.37054562461,958.80401134491,11234.4217300415,1349.39688477584
1956-04-01,1956,4,1327.04985290092,534.916520118713,6557.32488632202,849.227466632783
1956-05-01,1956,5,503.453475284091,111.147195100784,2589.34450149536,424.865542243047
1956-06-01,1956,6,2899.3044442316,1222.4577665329,9913.53797912598,1028.7314296657
1956-07-01,1956,7,1596.02243942103,659.888386726379,3190.93990325928,504.893585156087
1956-08-01,1956,8,1575.28324866861,655.101358890533,5424.62062835693,704.476645704293
1956-09-01,1956,9,2007.02406742454,949.859142303467,8160.09902954102,992.004767972285
1956-10-01,1956,10,3502.983839938,1252.29775905609,22465.217590332,3019.70834925396
1956-11-01,1956,11,3517.22286135902,859.189987182617,19286.2529754639,2811.21677276111
1956-12-01,1956,12,5662.16559822743,2187.08872795105,30223.2360839844,4603.83047507644
1957-01-01,1957,1,1087.41878586657,486.833512783051,3455.6736946106,392.726100506173
1957-02-01,1957,2,1617.65474242862,777.000546455383,9767.72022247314,1313.48597142182
1957-03-01,1957,3,1535.78406164414,795.221209526062,9609.95101928711,1060.3161074561
1957-04-01,1957,4,1622.35055860486,588.054299354553,8947.93319702148,1125.07591191148
1957-05-01,1957,5,1519.95831175088,550.162494182587,4235.59951782227,525.50891404978
1957-06-01,1957,6,2689.70426559718,1736.23955249786,9001.07669830322,794.976656657727
1957-07-01,1957,7,3414.37089389266,1661.59617900848,7639.62888717651,891.231890991546
1957-08-01,1957,8,3663.40858620756,1969.06971931458,5839.49708938599,767.902445359325
1957-09-01,1957,9,1493.3868300726,656.490206718445,7166.09239578247,767.392918175521
1957-10-01,1957,10,2491.42303927991,1426.36942863464,10593.1463241577,1251.36450223291
1957-11-01,1957,11,3815.50221542967,1489.90917205811,17556.0131072998,2463.44826294823
1957-12-01,1957,12,4092.42152237245,1658.19871425629,22003.9768218994,2974.71076383932
1958-01-01,1958,1,3123.08874389165,1036.16964817047,18113.3251190186,2416.76082984909
1958-02-01,1958,2,2510.26326448265,879.666090011597,11032.958984375,1345.49690890157
1958-03-01,1958,3,1558.36402392226,773.392379283905,4093.60218048096,382.536249495408
1958-04-01,1958,4,1513.82590526909,595.472991466522,8237.36190795898,1022.8099484203
1958-05-01,1958,5,816.561842733379,284.185647964478,4056.62298202515,416.74878650101
1958-06-01,1958,6,1668.7950343905,413.155645132065,3096.27366065979,474.740504894151
1958-07-01,1958,7,897.030462641522,293.808996677399,2446.44570350647,421.907490368826
1958-08-01,1958,8,2452.36353394133,732.026994228363,13588.4065628052,1345.56207326296
1958-09-01,1958,9,4037.11880163639,1676.76079273224,17954.0882110596,1865.17016208495
1958-10-01,1958,10,3064.07831069841,841.289758682251,16258.113861084,2330.75143699583
1958-11-01,1958,11,2151.19150557399,599.933803081512,16557.3196411133,2171.33668168179
1958-12-01,1958,12,3680.92264491239,1437.18528747559,20736.5798950195,2970.81050371386
1959-01-01,1959,1,2992.61256641123,1535.79866886139,13121.7489242554,1420.10471518932
1959-02-01,1959,2,1807.50115418057,625.359833240509,11551.3305664062,1549.932025903
1959-03-01,1959,3,2709.7915474376,672.150850296021,18138.427734375,2551.83470478513
1959-04-01,1959,4,1887.66605026042,846.279323101044,11567.6202774048,1460.91499433684
1959-05-01,1959,5,1742.22830898756,785.403192043304,5191.68376922607,585.446804504487
1959-06-01,1959,6,3727.56181401095,1883.85677337646,6174.00550842285,705.630395541478
1959-07-01,1959,7,1487.26981649032,731.601357460022,4064.93139266968,497.753323541427
1959-08-01,1959,8,3240.08763537687,2091.67981147766,9947.66139984131,743.562548483405
1959-09-01,1959,9,3162.25269800937,1912.20760345459,11875.5855560303,1214.31438162051
1959-10-01,1959,10,3538.6956610561,1813.3807182312,16097.9232788086,1952.71944616611
1959-11-01,1959,11,3582.9011671144,1866.00422859192,16003.1452178955,2268.41439632423
1959-12-01,1959,12,4035.40064556297,712.071776390076,25406.4025878906,4051.47527893959
1960-01-01,1960,1,1696.44309243196,650.920927524567,10051.3706207275,1327.10755916571
1960-02-01,1960,2,1913.24148458593,550.407707691193,11012.8040313721,1459.04837281949
1960-03-01,1960,3,2569.65098530054,585.989117622375,15624.5460510254,2134.53165650653
1960-04-01,1960,4,1580.13391852109,682.014763355255,10889.310836792,1407.48471649887
1960-05-01,1960,5,2777.340671056,1765.87426662445,7184.51738357544,612.931155405551
1960-06-01,1960,6,2492.03451679033,1525.91192722321,7192.0485496521,646.389946073124
1960-07-01,1960,7,1308.91685583945,499.175161123276,4931.43606185913,615.158579620629
1960-08-01,1960,8,3132.30330399259,1753.05783748627,8844.08855438232,800.986251872265
1960-09-01,1960,9,1672.64863713834,697.081685066223,8391.35646820068,961.942672694099
1960-10-01,1960,10,4645.74590150048,1749.31645393372,23974.9565124512,3146.77750639349
1960-11-01,1960,11,2394.03422122897,1153.2027721405,14411.2424850464,1850.00641453711
1960-12-01,1960,12,1913.25522558047,850.949883460999,10841.5002822876,1447.91120891921
1961-01-01,1961,1,3104.18528554396,1073.71950149536,17949.9263763428,2649.28657473616
1961-02-01,1961,2,3905.98858798521,1669.26085948944,22065.3972625732,2991.5004388104
1961-03-01,1961,3,1249.78459117369,462.849169969559,7294.04067993164,847.817444540491
1961-04-01,1961,4,1833.84897033958,694.806694984436,11309.9994659424,1404.93000159979
1961-05-01,1961,5,1953.02894960971,841.054856777191,2992.29073524475,429.303401203795
1961-06-01,1961,6,1863.45354706993,559.815227985382,5734.64584350586,1187.53021877433
1961-07-01,1961,7,1158.8434233621,483.340114355087,2472.69725799561,345.150353542829
1961-08-01,1961,8,1148.54322196031,217.701300978661,5775.74491500854,739.014893051341
1961-09-01,1961,9,3072.91162863576,2003.60465049744,12168.6849594116,1298.18755519858
1961-10-01,1961,10,4811.18047534071,1807.49547481537,20962.0304107666,2801.82816016771
1961-11-01,1961,11,3030.31453362148,1239.1768693924,13467.3528671265,1932.25314954062
1961-12-01,1961,12,2463.06674849933,1133.10551643372,15910.9516143799,2051.30920489217
1962-01-01,1962,1,4704.49653186949,1686.26248836517,22256.7329406738,3666.60354753974
1962-02-01,1962,2,1022.64455105789,280.112713575363,6219.00796890259,958.462315774073
1962-03-01,1962,3,885.580582923479,400.27266740799,5793.01023483276,684.433137267692
1962-04-01,1962,4,2112.73531494367,848.183155059814,14178.3227920532,1763.53269396719
1962-05-01,1962,5,1485.11492902607,651.057124137878,3810.89305877686,490.66813248906
1962-06-01,1962,6,2786.87066992753,1800.3101348877,7939.46886062622,753.761982873328
1962-07-01,1962,7,1483.23841283427,454.491943120956,3314.0172958374,563.339699847669
1962-08-01,1962,8,3246.033962698,1498.23606014252,11012.4044418335,868.365215903306
1962-09-01,1962,9,2276.10077577479,966.442286968231,8596.37355804443,1020.78653633231
1962-10-01,1962,10,3867.91714499978,2290.23361206055,16500.919342041,1821.4782629957
1962-11-01,1962,11,3797.5035334065,1900.25687217712,20509.5653533936,2652.45500521573
1962-12-01,1962,12,3483.49127180166,1735.26859283447,17866.1251068115,2442.19027961755
1963-01-01,1963,1,1717.41449054145,772.428929805756,9016.48139953613,1147.63720083329
1963-02-01,1963,2,3090.82253729056,1034.64472293854,15511.7483139038,2110.79705576837
1963-03-01,1963,3,1672.54793856344,578.800678253174,7361.95850372314,835.796007182825
1963-04-01,1963,4,1610.60388915544,908.131241798401,5772.0193862915,528.848951486712
1963-05-01,1963,5,1059.46067130674,529.926061630249,4967.0672416687,481.384911937267
1963-06-01,1963,6,1894.33603737149,836.886942386627,8615.9782409668,876.384997622972
1963-07-01,1963,7,3391.3102094674,1797.82390594482,6112.78343200684,652.731033255286
1963-08-01,1963,8,1662.01955639669,417.119592428207,3248.48914146423,607.463916827716
1963-09-01,1963,9,3118.15638098512,1229.87985610962,13202.0988464355,1472.76666305707
1963-10-01,1963,10,3747.02675397849,1001.14703178406,24992.4411773682,3321.42221356473
1963-11-01,1963,11,4145.39888858526,1678.73060703278,21705.1773071289,3126.29061038148
1963-12-01,1963,12,3780.56164274658,1214.76662158966,17401.6590118408,2781.8806930725
1964-01-01,1964,1,2567.95091192107,967.647671699524,17311.3746643066,2041.7810705371
1964-02-01,1964,2,3151.95287066213,842.21225976944,22081.916809082,3101.72592175601
1964-03-01,1964,3,2640.26956428769,1187.8582239151,14964.4289016724,1685.92200913458
1964-04-01,1964,4,2357.9766138107,1115.99242687225,14485.3296279907,1742.46348096551
1964-05-01,1964,5,1685.26254971912,755.293965339661,6227.40316390991,622.339618529807
1964-06-01,1964,6,2736.35266552683,1374.08220767975,6072.92509078979,716.590081436166
1964-07-01,1964,7,3450.83947331388,1988.33501338959,7370.57495117188,773.547541754658
1964-08-01,1964,8,2832.25361389272,1552.8519153595,7565.90270996094,730.548525701747
1964-09-01,1964,9,3136.52235815698,1193.3616399765,13775.5966186523,1590.84092609813
1964-10-01,1964,10,4121.06870371022,1407.66727924347,20536.6687774658,2961.57785528179
1964-11-01,1964,11,2673.44370545036,1585.82949638367,12184.0724945068,1499.62382706009
1964-12-01,1964,12,1691.84809100574,1004.15217876434,8836.58599853516,994.806965906614
1965-01-01,1965,1,3139.8669358562,1505.5810213089,16808.708190918,1929.62306110239
1965-02-01,1965,2,3784.3918924418,1160.07125377655,22521.4061737061,3377.44188938036
1965-03-01,1965,3,400.400352710647,177.79877781868,1322.60286808014,196.874959745811
1965-04-01,1965,4,2036.2023205509,1048.5565662384,7130.61428070068,874.704627177728
1965-05-01,1965,5,1953.648871089,980.314075946808,7921.22983932495,882.504602199127
1965-06-01,1965,6,1343.234265417,482.701450586319,3098.67477416992,633.717546036071
1965-07-01,1965,7,2388.61343385947,581.734836101532,5030.37214279175,831.950187590875
1965-08-01,1965,8,1466.41555044176,701.69872045517,2905.98273277283,371.228309870153
1965-09-01,1965,9,2030.24013610177,757.909834384918,8463.24157714844,1024.00617516765
1965-10-01,1965,10,5241.40762527604,2080.89923858643,26838.7393951416,3805.23508369928
1965-11-01,1965,11,2039.19170082155,726.697266101837,11267.6668167114,1505.43840801002
1965-12-01,1965,12,2968.01603784389,1209.95378494263,17107.9502105713,2358.66009024275
1966-01-01,1966,1,3652.78869658304,1504.35698032379,17620.7675933838,2182.40837784614
1966-02-01,1966,2,2124.46692383667,783.961474895477,12991.1117553711,1687.73886137284
1966-03-01,1966,3,3004.98600742396,801.118552684784,16430.4313659668,2328.53877513621
1966-04-01,1966,4,1752.32256423025,973.715662956238,7588.84763717651,886.515593452355
1966-05-01,1966,5,2312.38023633331,1079.54835891724,13689.5809173584,1522.51556714022
1966-06-01,1966,6,2043.46798710963,1020.01357078552,6258.50915908813,598.78226798623
1966-07-01,1966,7,1979.91484120421,681.317627429962,4481.86588287354,711.243894969344
1966-08-01,1966,8,3341.7591241555,1460.87372303009,7642.29965209961,1064.1948338854
1966-09-01,1966,9,2435.42529474017,751.952648162842,11831.353187561,1403.20292368785
1966-10-01,1966,10,5089.36568460853,2232.48147964478,26714.0827178955,3723.6839171162
1966-11-01,1966,11,3438.6855025367,1760.59520244598,15435.0814819336,1988.11923114022
1966-12-01,1966,12,3485.76445499966,1372.105717659,18951.8623352051,2348.27824750168
1967-01-01,1967,1,3500.64770985243,1491.60504341125,20431.4575195312,2642.09018380339
1967-02-01,1967,2,3635.35994453128,911.679148674011,23768.0187225342,3387.06989986184
1967-03-01,1967,3,1693.04078554406,959.745168685913,7685.08625030518,791.271314681838
1967-04-01,1967,4,900.202169070416,417.589664459229,2748.18348884583,336.760098677872
1967-05-01,1967,5,2001.79296942655,497.039884328842,10716.0320281982,1168.7202066231
1967-06-01,1967,6,985.749365922013,343.919485807419,3193.96018981934,375.359252376623
1967-07-01,1967,7,2161.18884514764,951.976537704468,8665.50254821777,922.76668545215
1967-08-01,1967,8,1207.87463540304,225.075587630272,4461.57264709473,594.867443001877
1967-09-01,1967,9,3996.7090365439,1181.81502819061,20216.402053833,2410.84414129619
1967-10-01,1967,10,4850.81892126826,2304.7821521759,24087.7456665039,3099.56248162986
1967-11-01,1967,11,2270.88786452604,1244.05789375305,12627.8743743896,1435.13848672164
1967-12-01,1967,12,3125.47906734285,1232.59282112122,15339.5738601685,2122.18407351587
1968-01-01,1968,1,4319.28712486951,1903.07438373566,20240.5986785889,3128.95740117133
1968-02-01,1968,2,1578.19665081765,749.673008918762,9401.50260925293,1224.86755587937
1968-03-01,1968,3,2176.9133908042,1121.83785438538,11572.5584030151,1398.191122339
1968-04-01,1968,4,2770.25375822011,953.981399536133,17757.230758667,2091.41055108446
1968-05-01,1968,5,1668.52170437979,856.605350971222,2806.50424957275,333.308800177325
1968-06-01,1968,6,2598.79221952609,1158.70261192322,5968.55163574219,903.258605976148
1968-07-01,1968,7,2087.99390960063,754.923105239868,4759.59539413452,589.87836137022
1968-08-01,1968,8,2287.00098273981,1234.60423946381,5441.38050079346,547.78884875587
1968-09-01,1968,9,3089.93381153944,1502.76863574982,14597.5818634033,1576.67721093648
1968-10-01,1968,10,5259.8379559107,2306.21719360352,24662.6014709473,3330.41958992737
1968-11-01,1968,11,3423.79742570862,1029.75988388062,19427.8812408447,2914.23505564364
1968-12-01,1968,12,2312.767002445,1282.66072273254,11867.4173355103,1574.9108267913
1969-01-01,1969,1,1285.53883282982,775.402665138245,5854.70151901245,683.059788765238
1969-02-01,1969,2,1297.85842944055,696.088194847107,7666.83626174927,1000.54154865742
1969-03-01,1969,3,1134.58245631931,463.249385356903,5812.34884262085,729.144556398015
1969-04-01,1969,4,2861.25037876459,1434.59808826447,13559.2107772827,1494.35016793781
1969-05-01,1969,5,1140.34222457474,546.773195266724,2901.21626853943,346.996804222113
1969-06-01,1969,6,1904.67914702935,944.684267044067,3500.76985359192,530.69041468986
1969-07-01,1969,7,1362.57478030087,357.499808073044,6208.12797546387,751.076855307069
1969-08-01,1969,8,3817.72246801745,1975.88491439819,17957.3345184326,1725.32233151154
1969-09-01,1969,9,3817.75522259026,2319.29898262024,10106.2726974487,906.815908024857
1969-10-01,1969,10,2017.45639242468,1035.47334671021,9510.49423217773,1105.2708108952
1969-11-01,1969,11,5074.14275259454,1288.45107555389,26144.250869751,3660.90339274323
1969-12-01,1969,12,2588.21569517997,969.144523143768,13876.0538101196,1778.52350877439
1970-01-01,1970,1,1988.28350870588,1018.64969730377,10737.4401092529,1277.0037047816
1970-02-01,1970,2,1036.84320337902,426.855862140656,8141.79039001465,1012.31772841897
1970-03-01,1970,3,1973.11505776455,822.558045387268,12170.6418991089,1539.56644050756
1970-04-01,1970,4,2148.63552955481,726.048350334167,14882.6351165771,1910.63511072812
1970-05-01,1970,5,2653.36272039564,1132.52782821655,12049.93724823,1383.11417446193
1970-06-01,1970,6,1002.01240212265,287.380546331406,3449.77951049805,522.982227404353
1970-07-01,1970,7,2199.60902880759,835.298538208008,6055.13048171997,691.863433985316
1970-08-01,1970,8,1718.17472981651,791.398823261261,7434.73863601685,747.656548748326
1970-09-01,1970,9,2608.47355701805,1337.15713024139,10357.8882217407,1096.09295635737
1970-10-01,1970,10,2291.8540231243,1024.56820011139,9998.05545806885,1280.62817931831
1970-11-01,1970,11,2169.6324333616,1269.73092556,7081.74228668213,792.860115969228
1970-12-01,1970,12,2169.45556554589,1309.65793132782,11719.9220657349,1379.63011820301
1971-01-01,1971,1,3929.46689228666,1862.58113384247,21214.8685455322,3190.71271784659
1971-02-01,1971,2,2060.30353647551,757.005512714386,12778.4872055054,1557.34594226517
1971-03-01,1971,3,2186.92734668967,1023.24903011322,12746.9682693481,1556.7581818017
1971-04-01,1971,4,1980.35869251819,616.313874721527,10487.8339767456,1310.17027566257
1971-05-01,1971,5,967.538325663875,523.034274578094,3005.43355941772,315.023737975949
1971-06-01,1971,6,3532.16964127791,2135.31517982483,7460.04390716553,843.667802034963
1971-07-01,1971,7,1802.92355380447,839.286267757416,4055.50861358643,431.645713176776
1971-08-01,1971,8,2765.43190124617,1128.61001491547,12334.4774246216,1282.3922938784
1971-09-01,1971,9,2941.21466529855,1744.4179058075,11544.397354126,1051.05328040421
1971-10-01,1971,10,2995.9697398395,1107.78164863586,18884.7484588623,2273.42877064801
1971-11-01,1971,11,4313.33708466448,1546.3445186615,22790.168762207,3073.71803574926
1971-12-01,1971,12,2333.16856083287,1310.90259552002,11457.7217102051,1254.73273019138
1972-01-01,1972,1,2829.96793937494,962.678134441376,15765.417098999,2412.35894201108
1972-02-01,1972,2,3600.47111650128,1655.53903579712,18631.9847106934,2528.89686549506
1972-03-01,1972,3,2828.11794615439,1328.85253429413,17641.3536071777,2100.84818869175
1972-04-01,1972,4,2554.16003854027,1162.86981105804,14445.4374313354,1733.94801028161
1972-05-01,1972,5,810.096017173512,134.861633181572,5844.8224067688,779.012983575153
1972-06-01,1972,6,3483.47908103358,1520.17569541931,7821.80213928223,678.779649169474
1972-07-01,1972,7,2948.73590416768,1675.63629150391,5613.02995681763,731.93773742847
1972-08-01,1972,8,1358.36224675988,478.267192840576,3586.30681037903,596.165149968319
1972-09-01,1972,9,2907.84574525928,1734.95221138,7260.01977920532,673.138684471694
1972-10-01,1972,10,2967.81585888086,1093.13237667084,11586.537361145,1631.90635725996
1972-11-01,1972,11,3216.71572637774,1142.42541790009,15639.6083831787,2006.99913159665
1972-12-01,1972,12,3274.1495394464,1964.02776241302,15869.1272735596,1931.73644783332
1973-01-01,1973,1,3966.78696970594,934.581756591797,20784.9769592285,3286.86829221406
1973-02-01,1973,2,1704.56419258096,561.805903911591,8411.26823425293,1127.18425880384
1973-03-01,1973,3,1721.03948985559,779.817342758179,9293.9977645874,1171.36939730463
1973-04-01,1973,4,1358.62300140421,467.074573040009,7767.49610900879,982.665003279936
1973-05-01,1973,5,1800.3481813618,804.800093173981,7802.25133895874,841.142681399618
1973-06-01,1973,6,2859.68589135425,1729.51745986938,8078.93943786621,728.28910220389
1973-07-01,1973,7,1369.33769059802,605.786204338074,5237.55884170532,520.887207452122
1973-08-01,1973,8,1513.09302658247,943.422555923462,3164.66403007507,348.337948835367
1973-09-01,1973,9,3766.69637697045,1689.51106071472,14731.7895889282,1785.04763968257
1973-10-01,1973,10,3446.42479960465,1743.66796016693,18744.1654205322,2520.12937640669
1973-11-01,1973,11,1970.93899831243,1265.72740077972,7570.02878189087,816.528078324641
1973-12-01,1973,12,3058.78889466303,1247.10845947266,14310.1406097412,1846.96431339593
1974-01-01,1974,1,3484.26177302097,1979.51376438141,16191.4024353027,2051.37748625156
1974-02-01,1974,2,2608.38710216645,1168.2835817337,15322.3676681519,1918.41370808267
1974-03-01,1974,3,2354.10330050132,1154.70516681671,9146.91257476807,1014.89477833783
1974-04-01,1974,4,1715.33311593317,684.484839439392,9771.86870574951,1138.79090378372
1974-05-01,1974,5,2558.76449492183,1409.75975990295,9518.65100860596,971.739510532211
1974-06-01,1974,6,1528.74303012412,733.84165763855,8229.15554046631,791.044317162633
1974-07-01,1974,7,2482.5022625168,1276.99160575867,5172.28889465332,707.201860971385
1974-08-01,1974,8,849.097645694044,304.965525865555,2597.4645614624,430.27082611433
1974-09-01,1974,9,1984.45378473172,825.773954391479,5581.71796798706,869.262942804772
1974-10-01,1974,10,3987.4878779256,1585.85679531097,19183.1893920898,2786.3929872157
1974-11-01,1974,11,1859.1086772772,828.667998313904,10719.6788787842,1202.58682066103
1974-12-01,1974,12,4034.83589384621,1316.75255298615,25513.8912200928,3674.53193747341
1975-01-01,1975,1,2693.70707208754,1083.44197273254,15947.0510482788,2226.71903978215
1975-02-01,1975,2,1850.18390767715,601.419031620026,10688.7531280518,1593.32122752399
1975-03-01,1975,3,1335.45796212433,759.938716888428,6030.32302856445,669.57793426866
1975-04-01,1975,4,1186.95755036573,509.148001670837,5422.4705696106,673.749279226235
1975-05-01,1975,5,1704.25392849143,1056.50794506073,6558.94804000854,632.625736513482
1975-06-01,1975,6,2734.20808191213,1850.36313533783,7608.96873474121,609.610831919243
1975-07-01,1975,7,1732.46772142287,731.520593166351,4830.76286315918,683.218931438129
1975-08-01,1975,8,3091.49011868427,1280.00736236572,9243.26992034912,866.740676852655
1975-09-01,1975,9,1062.71112528187,259.609878063202,4276.23271942139,568.931409942011
1975-10-01,1975,10,3544.65677370043,1868.34013462067,16647.8271484375,2155.11354012378
1975-11-01,1975,11,6813.75114464652,3585.63160896301,26484.0450286865,4238.83321723626
1975-12-01,1975,12,3501.01029562734,1560.26172637939,19715.9099578857,2776.81327569222
1976-01-01,1976,1,3803.39193809356,1433.87234210968,18218.5554504395,2570.11349043626
1976-02-01,1976,2,2310.85856380236,928.76398563385,14211.8377685547,1899.8192250361
1976-03-01,1976,3,2444.19135807326,1011.85727119446,13669.3954467773,1759.28434237871
1976-04-01,1976,4,1369.09668363327,473.460406064987,6327.55994796753,802.412954349764
1976-05-01,1976,5,2842.05868327779,1127.06959247589,13568.4518814087,1548.42427131893
1976-06-01,1976,6,3643.23373961503,1778.87940406799,7524.99055862427,902.357148257031
1976-07-01,1976,7,2945.3902738801,1612.36357688904,7860.54706573486,694.730152433954
1976-08-01,1976,8,3219.65110558191,2155.92169761658,9053.11012268066,807.435072407518
1976-09-01,1976,9,1955.18107590902,846.722185611725,8973.73390197754,1128.53534489918
1976-10-01,1976,10,3462.55834191633,1593.75536441803,16820.4917907715,2396.06408735205
1976-11-01,1976,11,2126.32725579976,752.102375030518,12778.7103652954,1924.56608782124
1976-12-01,1976,12,3879.47231827818,1887.451171875,19657.2570800781,2825.47873426796
1977-01-01,1977,1,1723.40548267731,660.261154174805,7042.66691207886,1034.75705808315
1977-02-01,1977,2,2590.23267253222,625.500917434692,15812.3912811279,2180.06842837987
1977-03-01,1977,3,2624.7478912319,1314.60809707642,13527.8234481812,1719.95937016384
1977-04-01,1977,4,1571.24361783536,635.875642299652,9082.91149139404,1139.92116272036
1977-05-01,1977,5,2074.71651088328,847.740113735199,4737.12921142578,705.204999851062
1977-06-01,1977,6,2849.50125595024,1418.15567016602,10062.8929138184,932.33529149542
1977-07-01,1977,7,3959.50474148422,2643.83816719055,9073.38428497314,782.253972559898
1977-08-01,1977,8,1578.88065565091,911.073982715607,3160.82143783569,397.060828104862
1977-09-01,1977,9,2337.84611475953,1412.19520568848,6215.45028686523,603.387982095764
1977-10-01,1977,10,3455.9062483691,796.498239040375,20036.7813110352,2842.55476182939
1977-11-01,1977,11,3542.79925920305,1296.19002342224,20712.3966217041,2964.26466017897
1977-12-01,1977,12,2010.90635615506,1159.1864824295,10465.9223556519,1316.30016534116
1978-01-01,1978,1,1056.11425712368,560.497164726257,5365.17524719238,615.824600674723
1978-02-01,1978,2,1159.82440759626,225.325867533684,7626.23357772827,1093.67304429746
1978-03-01,1978,3,2043.78185202094,807.425498962402,12361.6065979004,1579.69532829914
1978-04-01,1978,4,1426.39097841077,413.374036550522,4845.53813934326,656.839496910245
1978-05-01,1978,5,1890.70073282557,1044.37005519867,5991.21284484863,501.461385164496
1978-06-01,1978,6,1376.38890173505,725.991070270538,3091.02153778076,316.642488364951
1978-07-01,1978,7,1042.95274241073,455.569833517075,2084.5947265625,277.33649111317
1978-08-01,1978,8,3253.58492001149,1870.82195281982,11458.6315155029,1035.05739795715
1978-09-01,1978,9,3106.39222741666,1914.54637050629,12226.261138916,1091.91312826453
1978-10-01,1978,10,3213.25743505183,944.994628429413,13974.2422103882,2351.67528007646
1978-11-01,1978,11,4102.51030008987,1392.2621011734,18612.6842498779,2645.97352654725
1978-12-01,1978,12,2795.18321102561,1164.18552398682,15904.3054580688,2208.75721544536
1979-01-01,1979,1,1505.60472652788,694.308876991272,8378.15952301025,1121.62190327289
1979-02-01,1979,2,2978.65521132407,1455.18267154694,13423.8176345825,1676.9452151704
1979-03-01,1979,3,1571.68166929376,566.330969333649,10053.4086227417,1322.69266312993
1979-04-01,1979,4,1419.7910181942,695.905208587646,5536.48042678833,738.376493422225
1979-05-01,1979,5,2319.39032431102,1608.03711414337,7171.71382904053,649.941720198523
1979-06-01,1979,6,2031.80816108824,1068.05610656738,6310.46342849731,591.559969410084
1979-07-01,1979,7,1991.22190714826,807.902097702026,5010.01453399658,699.363186025246
1979-08-01,1979,8,1296.8343820642,553.627252578735,2290.78984260559,295.870751969877
1979-09-01,1979,9,2542.37021846334,980.331778526306,10268.3668136597,1099.8491123766
1979-10-01,1979,10,1894.37356456373,554.542779922485,8706.3570022583,1114.74348500251
1979-11-01,1979,11,848.882638558543,101.857036352158,7192.23928451538,1064.15898092886
1979-12-01,1979,12,3248.80567354854,1291.72742366791,20354.4254302979,2881.8229449116
1980-01-01,1980,1,1892.31782447024,581.762492656708,11642.9319381714,1615.24613215087
1980-02-01,1980,2,1548.87065291405,603.624641895294,8330.2640914917,969.186068993091
1980-03-01,1980,3,1663.77642669829,843.225061893463,9473.09112548828,1053.71829476639
1980-04-01,1980,4,1392.44713516257,486.896842718124,10115.4165267944,1226.025650348
1980-05-01,1980,5,2012.24550780128,1072.18647003174,5259.75561141968,558.735164367441
1980-06-01,1980,6,2513.60650262816,879.04280424118,5912.40167617798,1049.58403569459
1980-07-01,1980,7,2537.56958118122,982.772350311279,8476.03034973145,1151.11784562523
1980-08-01,1980,8,2619.33212096875,1560.36186218262,5728.39546203613,564.299886958895
1980-09-01,1980,9,3785.13880687601,1948.0288028717,16342.8859710693,1704.99458450067
1980-10-01,1980,10,2001.39703079047,662.76615858078,10381.4973831177,1468.9473324085
1980-11-01,1980,11,3358.27030490966,1261.83152198792,18919.8055267334,2657.45030781507
1980-12-01,1980,12,5318.9897034233,1968.3620929718,25755.7849884033,3625.01434516864
1981-01-01,1981,1,1203.29709968011,248.553931713104,6993.58701705933,1069.04927134678
1981-02-01,1981,2,2243.98189823552,685.020327568054,15253.5276412964,2129.40222729599
1981-03-01,1981,3,1010.40634452218,339.501768350601,7751.82342529297,916.720166532827
1981-04-01,1981,4,3371.73484994006,1696.36797904968,16733.6673736572,2002.9372777602
1981-05-01,1981,5,2954.68555202042,1610.31079292297,5763.15259933472,578.060727686459
1981-06-01,1981,6,3024.83396953587,1426.09095573425,11871.9024658203,1197.92602021242
1981-07-01,1981,7,1410.81910217982,305.243521928787,3768.90659332275,533.10101872989
1981-08-01,1981,8,1303.13257004948,250.663131475449,3881.01077079773,738.966197162691
1981-09-01,1981,9,2566.47881231696,1249.26376342773,11684.3013763428,1170.25029368743
1981-10-01,1981,10,2878.65080289981,1401.07238292694,9297.45101928711,1181.50864841398
1981-11-01,1981,11,3377.82556283798,1054.86571788788,16774.5037078857,2304.09654718276
1981-12-01,1981,12,1987.9476948224,943.517982959747,10932.6829910278,1300.42942208808
1982-01-01,1982,1,4553.26144430972,2346.32635116577,19448.4481811523,2407.18354581098
1982-02-01,1982,2,2772.64106631009,1652.83191204071,13835.8612060547,1629.33825883227
1982-03-01,1982,3,1215.36162337162,701.292872428894,5580.60359954834,617.882348708594
1982-04-01,1982,4,1327.68251794091,469.248980283737,8010.25676727295,955.727807749298
1982-05-01,1982,5,1679.41044517097,729.53200340271,7583.15706253052,803.942548617444
1982-06-01,1982,6,1274.51176536838,515.286803245544,2563.42172622681,405.141720527346
1982-07-01,1982,7,3841.13337187206,2190.85311889648,6377.73704528809,738.829938557713
1982-08-01,1982,8,2161.63013518126,996.688842773438,4564.10121917725,912.611582153856
1982-09-01,1982,9,2639.50687255795,1353.4973859787,11218.0662155151,1307.47673427378
1982-10-01,1982,10,3354.63447322673,1170.63331604004,16019.380569458,2233.27513373971
1982-11-01,1982,11,1837.9217787768,677.381634712219,9355.14736175537,1068.0569334896
1982-12-01,1982,12,1972.80330733476,796.755790710449,10305.4475784302,1371.02880629041
1983-01-01,1983,1,2411.24516661485,971.358716487885,16306.2915802002,2270.15801854106
1983-02-01,1983,2,1941.58187727718,773.253619670868,10752.6206970215,1339.1987175191
1983-03-01,1983,3,945.340349292593,417.86789894104,4427.077293396,562.694923501346
1983-04-01,1983,4,882.685551647417,432.070106267929,3074.43332672119,357.516469566744
1983-05-01,1983,5,1301.27622396158,531.629681587219,4555.46474456787,526.037099965854
1983-06-01,1983,6,4990.88161037518,3616.74165725708,12517.0412063599,1060.69444795812
1983-07-01,1983,7,4170.20967090292,2487.04862594604,8182.66010284424,779.662162179308
1983-08-01,1983,8,1851.23720468439,647.03494310379,7355.4482460022,1007.7552988787
1983-09-01,1983,9,2904.34041612558,1415.17817974091,11699.6765136719,1424.52233178724
1983-10-01,1983,10,2451.45965455209,944.725453853607,13314.6409988403,1864.51377418955
1983-11-01,1983,11,2119.18021772242,1118.89231204987,11036.5467071533,1293.19871611667
1983-12-01,1983,12,740.346654946178,394.627451896667,4592.9102897644,490.534770894669
1984-01-01,1984,1,3769.63984952793,1276.37994289398,25587.869644165,3787.05256061982
1984-02-01,1984,2,2522.74103890852,500.706493854523,16191.1907196045,2307.77341483375
1984-03-01,1984,3,1719.40314088742,744.367957115173,10535.026550293,1244.58755928531
1984-04-01,1984,4,1735.73921705128,677.168369293213,9522.81093597412,1196.22308382827
1984-05-01,1984,5,2879.83673534512,1553.0914068222,8298.31027984619,758.139755585405
1984-06-01,1984,6,2500.98815149042,1374.95744228363,8810.84537506104,812.44099372095
1984-07-01,1984,7,1536.58256433668,503.092288970947,5989.82620239258,827.999790684099
1984-08-01,1984,8,2613.89376654614,961.284637451172,10190.6023025513,1243.01377874579
1984-09-01,1984,9,2610.65809239899,1156.83650970459,8775.42781829834,949.161886823216
1984-10-01,1984,10,3514.09026387051,1768.81885528564,15029.3769836426,1749.90374430364
1984-11-01,1984,11,2492.99347501804,1143.01681518555,11783.4663391113,1516.30446682309
1984-12-01,1984,12,2740.29579947437,1235.90350151062,13223.6194610596,1867.14220080013
1985-01-01,1985,1,1459.75130489644,494.067788124084,8060.33325195312,1074.11374156216
1985-02-01,1985,2,3472.6667606453,866.353750228882,23384.7789764404,3467.47066744248
1985-03-01,1985,3,1885.09014997277,837.911605834961,11152.3170471191,1411.3786076856
1985-04-01,1985,4,2367.04354409584,869.788944721222,14136.7025375366,1928.47499087225
1985-05-01,1985,5,1592.74295343263,602.090716362,5810.06908416748,606.594095965532
1985-06-01,1985,6,2496.18447899009,1097.56457805634,7307.85465240479,933.079823519682
1985-07-01,1985,7,992.181475345905,210.602909326553,3634.71102714539,714.991460621328
1985-08-01,1985,8,1411.27832807027,767.357647418976,2522.86338806152,305.425530853444
1985-09-01,1985,9,2890.32350986252,1394.14405822754,5615.1065826416,838.836917448389
1985-10-01,1985,10,4259.90042468002,2123.96717071533,23457.706451416,3020.23911754351
1985-11-01,1985,11,1569.77424881847,887.51620054245,7157.61184692383,842.870858393784
1985-12-01,1985,12,838.731314447536,234.021812677383,6244.15922164917,856.178998480064
1986-01-01,1986,1,3279.76941684792,1364.45534229279,15989.0356063843,2209.11579834421
1986-02-01,1986,2,1731.47465490917,577.844679355621,11469.7742462158,1683.27160404175
1986-03-01,1986,3,2450.2122440624,989.237129688263,15207.1504592896,1858.34028824146
1986-04-01,1986,4,2439.87407794905,1205.0222158432,12431.9076538086,1504.51368090039
1986-05-01,1986,5,2598.19982622274,1494.21644210815,10374.0196228027,1033.6949863465
1986-06-01,1986,6,2407.42816836721,673.288464546204,5964.28108215332,757.167944554186
1986-07-01,1986,7,2402.51677392295,1222.32520580292,6324.88536834717,962.001764439673
1986-08-01,1986,8,638.295387866068,183.722138404846,2083.03165435791,307.604503355678
1986-09-01,1986,9,3074.83610659163,1692.40641593933,6346.51565551758,543.010737013864
1986-10-01,1986,10,2015.42147036591,570.793151855469,9622.27249145508,1376.03637802186
1986-11-01,1986,11,4013.8838132717,1929.06963825226,20449.9759674072,2696.76376183699
1986-12-01,1986,12,1752.15502059702,523.93901348114,12441.4033889771,1877.44869783949
1987-01-01,1987,1,2841.39500824709,773.463189601898,15365.3135299683,2184.27499944702
1987-02-01,1987,2,2270.40213417279,965.12097120285,14088.0966186523,1803.34744500813
1987-03-01,1987,3,2193.1533436902,971.852362155914,8346.81606292725,1095.89105343057
1987-04-01,1987,4,2325.68891589188,634.842813014984,16151.9145965576,2097.23343792312
1987-05-01,1987,5,2251.44965845535,1353.88457775116,8747.38597869873,828.702438224985
1987-06-01,1987,6,2171.88222657434,415.708392858505,11572.6852416992,1484.4016238715
1987-07-01,1987,7,2409.39902119777,993.558645248413,5152.80055999756,815.326445680893
1987-08-01,1987,8,2176.46061659399,1196.32649421692,5160.49766540527,636.168301011082
1987-09-01,1987,9,2507.39641838214,529.537677764893,12800.256729126,2098.8812729095
1987-10-01,1987,10,2566.05422570964,506.763815879822,14974.1821289062,2042.17296193197
1987-11-01,1987,11,3248.01455478593,1116.84834957123,18203.1230926514,2524.15964847927
1987-12-01,1987,12,1660.15004912787,598.68860244751,10910.2249145508,1347.5947233334
1988-01-01,1988,1,2838.9338116368,977.836072444916,14157.3925018311,1929.58506854461
1988-02-01,1988,2,2336.79815064863,647.507846355438,15706.8672180176,2023.97616146592
1988-03-01,1988,3,2183.8003006591,834.00958776474,13878.8290023804,1692.48177995892
1988-04-01,1988,4,1774.70399048264,724.763154983521,6657.28044509888,720.234020720092
1988-05-01,1988,5,2826.33165988178,1291.09716415405,9961.91883087158,875.62837760094
1988-06-01,1988,6,2760.23831869143,1396.72684669495,6746.80995941162,841.538794707916
1988-07-01,1988,7,2294.18831652376,1020.05553245544,8336.86828613281,970.414012014868
1988-08-01,1988,8,2372.59146362139,1448.20261001587,6403.27119827271,547.682390642046
1988-09-01,1988,9,2915.90875171428,1483.02590847015,10859.8651885986,1393.60034670832
1988-10-01,1988,10,2757.84990619615,730.422556400299,13897.8033065796,1947.08588161846
1988-11-01,1988,11,3029.6555957778,1314.26405906677,18860.559463501,2347.13876546776
1988-12-01,1988,12,2904.13654518074,1179.06904220581,13929.0990829468,1964.41775411141
1989-01-01,1989,1,4405.46674345414,1567.61562824249,26177.0324707031,4007.78401583395
1989-02-01,1989,2,414.205333571965,180.717661976814,1148.48852157593,152.177507454368
1989-03-01,1989,3,1607.4053052796,620.709717273712,8919.99340057373,1025.71520884215
1989-04-01,1989,4,1291.95419816949,655.81339597702,5111.34958267212,524.270063738459
1989-05-01,1989,5,1519.16547659026,885.602116584778,4356.81247711182,383.611117311935
1989-06-01,1989,6,1735.51453771365,617.295026779175,4320.15895843506,637.151362392679
1989-07-01,1989,7,2473.73578950291,791.79459810257,5750.63276290894,776.387603170547
1989-08-01,1989,8,2693.27987481027,1277.78708934784,5282.6681137085,826.631684940314
1989-09-01,1989,9,1230.19576285085,495.053589344025,3343.72353553772,572.933148041761
1989-10-01,1989,10,3239.97740437407,889.058232307434,16176.8093109131,2228.36508960973
1989-11-01,1989,11,4352.26527362118,1193.76969337463,24294.2428588867,3295.93226288134
1989-12-01,1989,12,3939.98961737253,1378.87036800385,21461.030960083,2984.0166216365
1990-01-01,1990,1,3492.3776082054,1178.18331718445,23241.3196563721,3212.72018941885
1990-02-01,1990,2,1992.53617719288,871.662020683289,14275.6290435791,1801.65901819395
1990-03-01,1990,3,1574.58448952814,645.795166492462,7251.75523757935,906.289763186082
1990-04-01,1990,4,1288.28221136426,399.198144674301,5767.64726638794,631.426080085134
1990-05-01,1990,5,2366.38154787311,958.743035793304,5004.19950485229,621.130585551789
1990-06-01,1990,6,3513.23817690573,1789.73305225372,6751.92403793335,616.898043149446
1990-07-01,1990,7,1551.024243775,782.736122608185,2776.63803100586,397.400270942531
1990-08-01,1990,8,1718.10266115951,719.839036464691,4497.81942367554,675.747966546845
1990-09-01,1990,9,500.312194733868,133.211255073547,2431.82706832886,399.99899844413
1990-10-01,1990,10,5134.51565013212,2773.97704124451,24244.6670532227,3191.46950964382
1990-11-01,1990,11,4606.55527740582,2599.59363937378,21990.2286529541,2962.63561979515
1990-12-01,1990,12,3803.93172510609,1710.18671989441,18780.3249359131,2720.06826398503
1991-01-01,1991,1,1585.9673382942,501.528382301331,10277.0328521729,1363.13483196841
1991-02-01,1991,2,2690.90516686574,864.886939525604,16485.1493835449,2452.10382905531
1991-03-01,1991,3,894.115571219187,330.945014953613,6137.74871826172,759.494252332536
1991-04-01,1991,4,1251.37753066569,570.322871208191,5623.51512908936,548.468829074095
1991-05-01,1991,5,1254.52826269881,516.465187072754,3990.93890190125,396.402428846588
1991-06-01,1991,6,3335.69016142399,1823.0357170105,5576.59387588501,632.11230242965
1991-07-01,1991,7,2214.48848703328,902.036905288696,7472.22709655762,861.867673613906
1991-08-01,1991,8,2585.19874344584,790.600657463074,9829.0491104126,1315.24131618196
1991-09-01,1991,9,1170.46169314651,353.387802839279,4128.26871871948,653.249485321295
1991-10-01,1991,10,4084.09562747403,1820.44804096222,13801.905632019,2002.83508129399
1991-11-01,1991,11,4738.3076591729,2356.9016456604,22686.9583129883,2950.76645174346
1991-12-01,1991,12,5135.73436243502,1030.47144412994,28084.680557251,4304.85776800937
1992-01-01,1992,1,3294.13366816702,1210.39032936096,19576.3530731201,2866.94859748911
1992-02-01,1992,2,2439.51911185931,762.0609998703,11732.1395874023,1643.67696564049
1992-03-01,1992,3,745.127447168617,283.73721241951,4212.07094192505,598.518332345601
1992-04-01,1992,4,1837.05833604837,963.899314403534,6651.64279937744,660.61281429375
1992-05-01,1992,5,1628.30302200166,782.291889190674,7502.28357315063,858.772848389987
1992-06-01,1992,6,1401.25032866635,404.205411672592,4655.13372421265,660.110937205586
1992-07-01,1992,7,1016.44864449134,306.677758693695,3114.1459941864,480.202430716781
1992-08-01,1992,8,966.806141347772,282.472938299179,3643.39995384216,464.520753426962
1992-09-01,1992,9,5351.86841126481,2439.1233921051,22069.3454742432,2657.53535834579
1992-10-01,1992,10,3827.1178033422,1609.14778709412,15671.4267730713,2108.07708431971
1992-11-01,1992,11,3092.57925777144,1406.6549539566,14534.6221923828,1955.08643131704
1992-12-01,1992,12,2835.07899987212,975.987434387207,12742.748260498,1809.12695279205
1993-01-01,1993,1,1277.5502450663,522.931575775146,6880.89179992676,972.925250906338
1993-02-01,1993,2,1210.38701097856,101.729586720467,7930.76944351196,1386.85613655536
1993-03-01,1993,3,1765.87125564592,517.690300941467,10760.8833312988,1575.48460123068
1993-04-01,1993,4,2012.3578667371,1157.19413757324,6946.36249542236,632.466469081953
1993-05-01,1993,5,2375.4565416418,1195.21653652191,7580.52062988281,658.304912397562
1993-06-01,1993,6,4660.02002358437,3341.66240692139,8291.81385040283,680.450132243812
1993-07-01,1993,7,3163.0627399656,1407.23562240601,6345.30925750732,926.067348231887
1993-08-01,1993,8,2273.24060286602,1134.80043411255,5739.60971832275,607.597138651496
1993-09-01,1993,9,729.88308529576,109.441667795181,1835.36863327026,287.29769514825
1993-10-01,1993,10,2066.23577778291,866.564214229584,11117.8550720215,1443.325486485
1993-11-01,1993,11,4145.7739456207,1108.32762718201,19187.1242523193,3053.10449428286
1993-12-01,1993,12,2034.16842491918,703.284740447998,11134.0084075928,1545.03823665283
1994-01-01,1994,1,3915.79925420597,2152.17518806458,17046.9131469727,1965.82391309136
1994-02-01,1994,2,2787.87733128977,1384.67359542847,15393.6424255371,2012.29490795962
1994-03-01,1994,3,1901.3191867468,602.298855781555,10893.6595916748,1558.34514298197
1994-04-01,1994,4,1960.95105058332,881.844460964203,11954.5249938965,1544.27846604228
1994-05-01,1994,5,1520.87277383017,845.839262008667,6628.01122665405,593.59300628646
1994-06-01,1994,6,2453.50840128115,1416.56744480133,6293.46466064453,669.804767965883
1994-07-01,1994,7,2141.25876088218,1046.47576808929,4261.69967651367,665.655031059156
1994-08-01,1994,8,1646.21502633008,568.970561027527,4295.75109481812,907.746933201774
1994-09-01,1994,9,3854.78654294802,1780.5563211441,17375.6656646729,1850.47133830895
1994-10-01,1994,10,3153.07374615475,1656.1781167984,14998.3501434326,1821.13039376499
1994-11-01,1994,11,4381.49076578844,1494.79043483734,25601.390838623,3656.66385823573
1994-12-01,1994,12,2890.45487000392,1142.99941062927,17294.1818237305,2464.74213129405
1995-01-01,1995,1,1160.59178489838,496.43149971962,5906.5957069397,737.168308265826
1995-02-01,1995,2,2253.93131843924,795.123636722565,13193.8066482544,1746.4321916565
1995-03-01,1995,3,1565.74317286996,745.370268821716,7363.65365982056,767.750105508085
1995-04-01,1995,4,1588.89367370719,820.53804397583,6528.21922302246,616.204877385709
1995-05-01,1995,5,853.003779485215,314.230442047119,1849.27356243134,234.320809065315
1995-06-01,1995,6,2026.82329774982,953.004956245422,4523.38266372681,704.719302758007
1995-07-01,1995,7,3125.21118181863,1497.44141101837,8619.83966827393,1002.30427750958
1995-08-01,1995,8,2612.3323821509,1194.78976726532,7523.49185943604,777.423996449348
1995-09-01,1995,9,676.410670236293,220.331951975822,3776.2405872345,459.270561299722
1995-10-01,1995,10,3806.38754313888,1471.96161746979,20804.6970367432,2554.18815481002
1995-11-01,1995,11,4306.01320641613,2489.49217796326,18420.2575683594,2248.18088872549
1995-12-01,1995,12,2764.72764971299,1317.60656833649,12618.5503005981,1665.81996042592
1996-01-01,1996,1,4012.42372777937,1359.54070091248,18168.3559417725,3023.49169000571
1996-02-01,1996,2,1524.9884571897,418.165683746338,8893.32008361816,1211.41126507658
1996-03-01,1996,3,1501.64896153689,473.525136709213,8908.9241027832,1118.49170239919
1996-04-01,1996,4,3346.00281594026,1775.50554275513,15792.9229736328,2011.84269601392
1996-05-01,1996,5,2065.94537218771,1004.31823730469,4189.2032623291,565.234541729831
1996-06-01,1996,6,2618.62171262638,1216.48263931274,10511.4984512329,972.848729225521
1996-07-01,1996,7,2662.4962839201,1024.79732036591,4765.66696166992,903.867312608359
1996-08-01,1996,8,2756.43538781421,1340.15715122223,9438.98296356201,1098.43876991097
1996-09-01,1996,9,2500.72423479945,1185.03785133362,9608.5901260376,1074.57113123262
1996-10-01,1996,10,3853.34254207924,1700.47342777252,18685.4591369629,2108.75451687986
1996-11-01,1996,11,3703.04550763169,2209.54370498657,10748.3415603638,1234.64157860986
1996-12-01,1996,12,2434.86296004569,1118.00873279572,12559.5302581787,1646.12614406168
1997-01-01,1997,1,3286.41001738574,1780.5153131485,15499.6423721313,1973.70504468767
1997-02-01,1997,2,2254.35875511277,1029.4371843338,14995.2001571655,1910.60382673405
1997-03-01,1997,3,3208.06391624843,1327.34262943268,18817.3732757568,2441.77279078103
1997-04-01,1997,4,1986.49722243326,693.523585796356,9162.29248046875,1216.05822593158
1997-05-01,1997,5,1557.01004194593,824.210941791534,4597.82600402832,457.600793057887
1997-06-01,1997,6,3419.73890714786,1159.63542461395,9400.63285827637,1349.84668221912
1997-07-01,1997,7,2226.65850339432,804.965376853943,7419.29292678833,1020.81162773219
1997-08-01,1997,8,1688.56194564795,761.446297168732,4874.79305267334,708.383470573257
1997-09-01,1997,9,2654.47164175198,1436.08546257019,8377.10571289062,904.827357282062
1997-10-01,1997,10,4209.46460631908,1677.40559577942,20171.2131500244,2386.14308610499
1997-11-01,1997,11,1960.97048173123,712.944209575653,12163.6896133423,1559.39523842946
1997-12-01,1997,12,4159.3624144388,904.401063919067,24073.2479095459,3820.83672765076
1998-01-01,1998,1,1828.9469383421,719.058811664581,10564.6591186523,1364.35080534867
1998-02-01,1998,2,1240.27795118714,317.285537719727,7351.30453109741,914.868647270571
1998-03-01,1998,3,1342.21418485113,675.882935523987,7311.08713150024,830.372160354155
1998-04-01,1998,4,1653.81619189255,534.41059589386,10267.1337127686,1375.41622602686
1998-05-01,1998,5,1320.70836670933,457.100093364716,3530.34543991089,462.96450945484
1998-06-01,1998,6,2277.68386300333,999.802231788635,4186.16247177124,424.217728714478
1998-07-01,1998,7,2209.82721815417,981.969773769379,6266.75605773926,710.688869178746
1998-08-01,1998,8,2000.71496202935,607.868909835815,8915.41481018066,1013.9429613819
1998-09-01,1998,9,1462.01933758561,527.660131454468,7370.67604064941,866.242053518023
1998-10-01,1998,10,4484.54656900324,3093.67322921753,19234.9987030029,2229.07749531565
1998-11-01,1998,11,2054.9353708374,1213.9790058136,11119.197845459,1286.33594092907
1998-12-01,1998,12,4075.31693860956,1799.66139793396,23119.8406219482,3123.76881463283
1999-01-01,1999,1,2735.97334635473,1263.43619823456,14944.7803497314,1871.73633027946
1999-02-01,1999,2,2569.5221194517,920.744836330414,15362.5106811523,1998.59070414702
1999-03-01,1999,3,1560.14809218063,763.005316257477,9159.67559814453,1069.70124981303
1999-04-01,1999,4,1690.75649632857,711.268305778503,7968.53542327881,898.915358656816
1999-05-01,1999,5,2822.83409283711,1157.65655040741,8756.38389587402,918.54299878264
1999-06-01,1999,6,2622.20884272955,1609.09020900726,9685.89305877686,830.441162639433
1999-07-01,1999,7,2116.1151170326,1317.67797470093,3909.39235687256,485.077029118851
1999-08-01,1999,8,2597.83840401949,908.450663089752,9430.93204498291,1205.80332909345
1999-09-01,1999,9,2392.88516511205,1361.12487316132,9302.9670715332,1076.14216139083
1999-10-01,1999,10,2393.18188694538,715.523481369019,14784.0385437012,2128.87233577341
1999-11-01,1999,11,3040.76483886166,1266.43669605255,16121.0250854492,2222.34141937499
1999-12-01,1999,12,2729.95940511583,1067.29567050934,16307.1231842041,2165.79292123514
2000-01-01,2000,1,1877.46460189647,651.861786842346,10667.4127578735,1318.04610952993
2000-02-01,2000,2,959.250607506722,324.938207864761,5458.31394195557,689.682868467639
2000-03-01,2000,3,2302.04992967224,1091.16339683533,12812.237739563,1493.05844625175
2000-04-01,2000,4,1703.4338838779,796.484053134918,9224.04384613037,1085.50151453474
2000-05-01,2000,5,2085.30857006079,1158.99956226349,6963.6869430542,658.467285614134
2000-06-01,2000,6,2571.23836234414,1437.51847743988,6287.11652755737,606.927495479316
2000-07-01,2000,7,2803.96937400237,1278.34892272949,7139.64653015137,736.081701697068
2000-08-01,2000,8,2635.00987525979,1178.26020717621,8133.25786590576,880.222919072974
2000-09-01,2000,9,2633.02118058118,1166.58508777618,12419.4421768188,1254.76962067274
2000-10-01,2000,10,3836.45765368755,1653.25653553009,15258.3150863647,1880.42321848077
2000-11-01,2000,11,2575.1334474637,992.059946060181,14062.4341964722,1985.74033664387
2000-12-01,2000,12,2034.67700697852,880.240440368652,10103.6567687988,1465.34629426297
2001-01-01,2001,1,2164.02075062106,540.620625019073,14051.7492294312,1986.13565222136
2001-02-01,2001,2,1127.51340947,375.368177890778,6411.88812255859,898.363506577511
2001-03-01,2001,3,2182.39098932274,958.522081375122,14029.9396514893,1686.82365531982
2001-04-01,2001,4,1703.59916293918,760.286331176758,9302.93560028076,1161.67722542068
2001-05-01,2001,5,2734.68759615497,1119.17316913605,13268.1789398193,1549.44210946257
2001-06-01,2001,6,3494.86060177579,1188.16435337067,8142.43221282959,1436.63787109181
2001-07-01,2001,7,2199.14674077908,965.203166007996,4657.91940689087,695.909133660929
2001-08-01,2001,8,2944.35815304113,1168.25687885284,13278.0427932739,1536.94746665306
2001-09-01,2001,9,2702.18723486452,1051.98359489441,15463.0308151245,1967.85908274733
2001-10-01,2001,10,3662.99135416611,1299.56912994385,20650.857925415,2764.00968324718
2001-11-01,2001,11,4533.5186015292,1092.95272827148,22983.4651947021,3535.35421938939
2001-12-01,2001,12,2413.80839737562,1110.35120487213,14112.7462387085,1806.8805272936
2002-01-01,2002,1,2304.45734077719,880.642533302307,15156.2604904175,2022.0142148093
2002-02-01,2002,2,2509.26682565412,804.388225078583,13143.346786499,1959.08864765964
2002-03-01,2002,3,2377.51901588019,1072.84545898438,11460.9518051147,1371.7809942795
2002-04-01,2002,4,2291.96799860011,1442.45052337646,8605.48400878906,935.843613197926
2002-05-01,2002,5,2574.74093381905,1683.62748622894,7033.04719924927,549.457668313078
2002-06-01,2002,6,3093.63333550514,1209.15222167969,9936.53869628906,1172.05036640592
2002-07-01,2002,7,1905.38955048333,685.640871524811,5387.22515106201,840.829604682182
2002-08-01,2002,8,1050.50988933619,346.694827079773,4017.14897155762,561.649363312712
2002-09-01,2002,9,3889.25723347189,1610.32676696777,15477.6306152344,1858.47667138251
2002-10-01,2002,10,1293.14631398986,679.580748081207,6730.9422492981,746.941736247102
2002-11-01,2002,11,3236.79182793085,668.93082857132,18804.6131134033,2693.65750815206
2002-12-01,2002,12,1401.44658166224,304.398119449615,10119.4200515747,1462.37110490724
2003-01-01,2003,1,3366.66664501391,1035.5224609375,16925.7926940918,2269.2352187668
2003-02-01,2003,2,1054.66427185417,644.832134246826,5343.54066848755,573.363841530666
2003-03-01,2003,3,2803.99630377196,1035.23743152618,15653.9249420166,1971.15050063886
2003-04-01,2003,4,1934.50794041966,835.518836975098,8439.96906280518,1211.61879765603
2003-05-01,2003,5,1884.68572247891,904.150545597076,9558.05969238281,1038.77193909647
2003-06-01,2003,6,2358.48682855859,1121.61505222321,7804.38375473022,945.194740201101
2003-07-01,2003,7,2216.41541902836,932.980298995972,6139.10341262817,840.393980893337
2003-08-01,2003,8,2045.44094191417,1156.92174434662,7198.68659973145,769.903903711984
2003-09-01,2003,9,3281.83529657476,1731.3791513443,15156.9671630859,1622.57796371374
2003-10-01,2003,10,3972.28105561766,2417.91391372681,16976.7742156982,1991.11668322127
2003-11-01,2003,11,2289.12226700675,993.43478679657,12720.9539413452,1735.55433806701
2003-12-01,2003,12,1631.16285430765,512.885391712189,12966.8807983398,1640.74912252676
2004-01-01,2004,1,2687.85724515829,1215.27540683746,15178.9598464966,1862.1558044389
2004-02-01,2004,2,931.643821602493,345.242917537689,6039.19267654419,708.40966985313
2004-03-01,2004,3,2608.87740670421,835.724890232086,16056.1580657959,2072.88389765304
2004-04-01,2004,4,1067.25333411904,458.331078290939,4330.47962188721,619.709903863025
2004-05-01,2004,5,1857.43674413381,1205.50143718719,5241.93525314331,419.088464736594
2004-06-01,2004,6,2795.05454084722,1375.62048435211,5030.32398223877,774.702468392907
2004-07-01,2004,7,2691.5998377951,1129.8451423645,7213.24443817139,894.233409843752
2004-08-01,2004,8,2855.22588817782,1315.42277336121,7626.64556503296,844.392662248678
2004-09-01,2004,9,3530.47749494535,1941.42973423004,12745.3079223633,1321.83069544055
2004-10-01,2004,10,3198.06633909903,1516.18218421936,16199.8748779297,1864.25004110014
2004-11-01,2004,11,5105.91037423093,1985.41724681854,24936.3136291504,3752.13301254011
2004-12-01,2004,12,3198.89438529899,1618.88027191162,16725.2750396729,2261.30420045625
2005-01-01,2005,1,2928.2952398736,1786.77117824554,14098.162651062,1789.38373067798
2005-02-01,2005,2,2300.97443367696,403.548359870911,12001.368522644,2141.98522886749
2005-03-01,2005,3,2548.03895208631,850.610435009003,13370.4395294189,1919.95936610965
2005-04-01,2005,4,1794.41358678346,399.816304445267,9064.26811218262,1150.96029907328
2005-05-01,2005,5,1698.32043558764,664.805054664612,4969.19918060303,586.173525161704
2005-06-01,2005,6,2686.64346318439,1378.3860206604,5169.93474960327,750.695136104995
2005-07-01,2005,7,3742.55753938968,2485.48221588135,13622.8256225586,1152.29740875446
2005-08-01,2005,8,2958.35254250339,1054.55982685089,8679.72278594971,956.422034563435
2005-09-01,2005,9,2243.77267420022,1179.5060634613,10897.3731994629,1216.66414268852
2005-10-01,2005,10,4010.84452705685,1688.93527984619,23411.937713623,3192.33111502486
2005-11-01,2005,11,2501.39770478145,1073.56345653534,14129.4918060303,1800.94283396412
2005-12-01,2005,12,2194.52646155568,746.22243642807,12571.8879699707,1760.39295666317
2006-01-01,2006,1,2731.1775842808,1208.51635932922,19152.1663665771,2484.89628668555
2006-02-01,2006,2,1529.27850041859,815.710961818695,8237.90454864502,1084.51845716661
2006-03-01,2006,3,1741.47835667182,796.81259393692,6235.09550094604,749.711107445603
2006-04-01,2006,4,1549.5233681744,473.447620868683,9946.58470153809,1279.31123363393
2006-05-01,2006,5,1874.84217485691,937.49326467514,5290.80820083618,674.870178061862
2006-06-01,2006,6,1383.74364989645,440.815687179565,5629.69779968262,707.497076049794
2006-07-01,2006,7,2434.88902716615,1138.18049430847,7191.64323806763,785.727119455148
2006-08-01,2006,8,1017.18836645195,278.802126646042,3877.70819664001,610.316012335254
2006-09-01,2006,9,1619.37464274702,884.340405464172,5262.82262802124,551.798836487394
2006-10-01,2006,10,3419.0114263226,1495.76735496521,13852.3168563843,1910.69977801544
2006-11-01,2006,11,4521.39373103418,2436.60736083984,20455.5683135986,2897.08134880011
2006-12-01,2006,12,3833.77259504471,1286.17584705353,22478.1074523926,3213.79675600216
2007-01-01,2007,1,3734.87675493389,1399.73473548889,21379.9114227295,3084.82528890096
2007-02-01,2007,2,2668.65290674419,1085.00504493713,14360.8551025391,1923.71449597384
2007-03-01,2007,3,4084.89405468309,1202.76999473572,26581.4743041992,3769.82983736157
2007-04-01,2007,4,2405.58921852533,1089.87236022949,12919.994354248,1457.65032615943
2007-05-01,2007,5,1644.83666160393,739.506900310516,6414.59941864014,675.470196430721
2007-06-01,2007,6,3743.68883426643,1619.44055557251,8895.23029327393,1027.3849446344
2007-07-01,2007,7,2660.61669891506,598.583161830902,8024.77073669434,1249.26126709298
2007-08-01,2007,8,3268.35916484643,2012.24303245544,6667.61922836304,689.653623726051
2007-09-01,2007,9,2415.76391296689,1347.64683246613,10588.1099700928,1211.91809648809
2007-10-01,2007,10,4248.78854436033,1721.17280960083,22280.3421020508,2867.04030135901
2007-11-01,2007,11,3544.96122950612,1629.6226978302,17166.2368774414,2135.87802455529
2007-12-01,2007,12,2617.51166053487,1095.90196609497,15355.0691604614,1965.8794221361
2008-01-01,2008,1,2201.77955372571,932.401537895203,12712.9240036011,1588.43795854963
2008-02-01,2008,2,2637.32139365031,699.91546869278,15975.8329391479,2195.12252398248
2008-03-01,2008,3,1993.75782428284,724.373161792755,11842.360496521,1385.85677182289
2008-04-01,2008,4,1590.54734534268,827.627718448639,7301.40018463135,808.191078264021
2008-05-01,2008,5,1763.36281642116,888.223528862,5650.06113052368,544.027652898454
2008-06-01,2008,6,1811.14816888155,617.379069328308,6472.23949432373,835.758688725746
2008-07-01,2008,7,2060.11443123289,936.149835586548,8227.30255126953,1013.808749034
2008-08-01,2008,8,3803.09494696052,2253.92532348633,11948.561668396,1082.99439572581
2008-09-01,2008,9,1091.36454021027,495.266407728195,4451.15184783936,539.172805031014
2008-10-01,2008,10,3084.59483356767,1178.84969711304,15457.5071334839,2114.82445211959
2008-11-01,2008,11,4883.58941161794,2083.57501029968,24792.6177978516,3598.98944134822
2008-12-01,2008,12,2698.61886849231,1447.22318649292,13550.6992340088,1783.86178990252
2009-01-01,2009,1,2708.01494088513,863.367438316345,14986.6361618042,2018.32182927561
2009-02-01,2009,2,1512.84722848985,575.193226337433,7099.44295883179,981.950021308151
2009-03-01,2009,3,2026.0521304958,1047.32644557953,11625.8249282837,1375.59394430886
2009-04-01,2009,4,2002.80353737093,850.357830524445,9108.90960693359,1156.2741733734
2009-05-01,2009,5,2315.44056271805,1316.28239154816,7645.14064788818,754.516611856359
2009-06-01,2009,6,1927.39575915881,745.840132236481,6544.34394836426,902.044084030947
2009-07-01,2009,7,1931.29986423443,916.207194328308,3187.02507019043,320.499447664764
2009-08-01,2009,8,1364.40887868539,438.111126422882,7064.73159790039,827.951879396991
2009-09-01,2009,9,2860.16510514652,1210.19172668457,11616.0526275635,1379.68592044164
2009-10-01,2009,10,3676.19388722456,1724.20632839203,15647.686958313,1962.00847473781
2009-11-01,2009,11,4202.97983996739,1887.34912872314,25603.874206543,3614.38122137155
2009-12-01,2009,12,989.570216052403,472.202897071838,4023.81277084351,487.058992697973
2010-01-01,2010,1,2232.28489273814,830.397725105286,12789.7644042969,1702.17357842631
2010-02-01,2010,2,908.468446749098,134.801849722862,7268.72539520264,910.27058895336
2010-03-01,2010,3,1748.09795402294,458.292424678802,13084.0616226196,1709.68672744738
2010-04-01,2010,4,1579.2368152832,615.582823753357,6551.05066299438,666.790647657159
2010-05-01,2010,5,1983.38396995585,904.879748821259,4672.19877243042,578.711630339188
2010-06-01,2010,6,2182.26275424477,661.780118942261,6954.73432540894,804.637170487426
2010-07-01,2010,7,842.135475771459,269.897043704987,2271.74878120422,448.23868682503
2010-08-01,2010,8,1769.35669928115,954.131841659546,5567.49391555786,595.566583741526
2010-09-01,2010,9,3866.28007504465,1909.90912914276,15431.342124939,2109.1043135247
2010-10-01,2010,10,3718.60505074128,913.022994995117,21979.4139862061,3156.72384756482
2010-11-01,2010,11,2763.67942085363,990.426659584045,14873.6295700073,2016.65709993872
2010-12-01,2010,12,2107.01666927446,622.292041778564,12451.4226913452,1536.15735834128
2011-01-01,2011,1,3791.47729951871,1811.75982952118,19259.3574523926,2573.7348233229
2011-02-01,2011,2,3088.83276096297,1383.58557224274,16066.0800933838,2316.1969881614
2011-03-01,2011,3,1795.51030412249,685.303688049316,10818.4280395508,1392.2505640032
2011-04-01,2011,4,1546.60816456937,664.335906505585,7219.47574615479,763.135764938325
2011-05-01,2011,5,3632.40279351694,1794.81649398804,6673.82907867432,664.319475607115
2011-06-01,2011,6,3098.34315044578,1372.03228473663,7722.92947769165,1159.50718705646
2011-07-01,2011,7,4129.42757299043,2534.25598144531,12169.0120697021,1158.9154970902
2011-08-01,2011,8,1886.63487682515,740.62168598175,7207.82995223999,1042.49772266053
2011-09-01,2011,9,4202.14952960004,1700.7828950882,21245.2659606934,2851.07896792086
2011-10-01,2011,10,2537.37359514199,539.709568023682,16625.3337860107,2321.95701666916
2011-11-01,2011,11,4875.04086599631,1737.37037181854,23372.6806640625,3337.87854945409
2011-12-01,2011,12,3418.33773457626,1144.68419551849,21252.0370483398,3258.7870724107
2012-01-01,2012,1,4694.5706796727,1494.84097957611,27646.2154388428,4079.14030703537
2012-02-01,2012,2,1595.42117497096,512.284696102142,9320.63007354736,1165.72621885646
2012-03-01,2012,3,2062.38586108339,888.768374919891,12550.8422851562,1509.60659595175
2012-04-01,2012,4,2299.57912565626,1569.90838050842,7594.313621521,673.788772772367
2012-05-01,2012,5,1514.79142634577,721.343100070953,7491.08219146729,800.327469345998
2012-06-01,2012,6,3504.87982444634,1986.17339134216,9192.79289245605,968.99206872098
2012-07-01,2012,7,1637.42366679249,605.824172496796,3966.03631973267,551.161644744502
2012-08-01,2012,8,1612.73452036116,656.288325786591,4841.08543395996,531.187405505736
2012-09-01,2012,9,1088.90993532417,334.235608577728,5878.65972518921,824.179895526347
2012-10-01,2012,10,3471.29346362876,1958.53710174561,13491.9834136963,1490.81685067865
2012-11-01,2012,11,2683.79624717241,810.186862945557,14837.9611968994,1802.80336476143
2012-12-01,2012,12,2169.77181063114,992.433845996857,12598.650932312,1447.28576112979
2013-01-01,2013,1,1561.40913969386,521.668910980225,9702.51274108887,1169.52120185814
2013-02-01,2013,2,2368.0556285705,745.41449546814,18122.9476928711,2259.55107860939
2013-03-01,2013,3,1614.20360743595,820.444405078888,8193.3536529541,927.745748335471
2013-04-01,2013,4,2328.14501724901,1193.95017623901,10454.3514251709,1205.90191597709
2013-05-01,2013,5,2712.62069302716,1178.23696136475,7895.46394348145,916.99907012208
2013-06-01,2013,6,3327.19417860335,1695.06525993347,7338.34362030029,779.305418673668
2013-07-01,2013,7,1538.05092739034,460.434943437576,3277.23121643066,755.710065717685
2013-08-01,2013,8,2430.77302073461,1038.6871099472,9032.56416320801,1006.73999362628
2013-09-01,2013,9,2087.01375814585,1159.79182720184,9562.20626831055,1049.87815818163
2013-10-01,2013,10,2062.76313077271,1201.01404190063,8234.36164855957,886.32792012347
2013-11-01,2013,11,2267.34732576895,1176.87582969666,12750.4663467407,1537.31161111726
2013-12-01,2013,12,4776.92895217449,1623.80588054657,23177.2480010986,3177.63845037807
2014-01-01,2014,1,2260.52601895046,687.908828258514,10879.3935775757,1434.10844061612
2014-02-01,2014,2,1439.31948926249,509.614109992981,9701.6487121582,1151.59995642238
2014-03-01,2014,3,2154.63362829718,920.127391815186,13177.882194519,1777.21360938836
2014-04-01,2014,4,2681.79947717697,1375.82123279572,13371.241569519,1509.74569692858
2014-05-01,2014,5,1792.24545549079,519.437968730927,6423.30741882324,964.777226780329
2014-06-01,2014,6,1668.83154621356,624.872028827667,6206.0718536377,742.920398786851
2014-07-01,2014,7,1437.05576499798,684.055745601654,5931.05983734131,623.835106690276
2014-08-01,2014,8,912.107420891389,264.581769704819,3498.55089187622,515.81188653949
2014-09-01,2014,9,1726.38774909315,824.830710887909,6469.32315826416,704.951575754429
2014-10-01,2014,10,5430.32110303775,1890.73848724365,25996.5839385986,3076.52933431786
2014-11-01,2014,11,3791.85172881746,1979.73036766052,16160.3164672852,2299.29934827781
2014-12-01,2014,12,2218.80094477764,974.785566329956,13792.8915023804,1752.18466702631
2015-01-01,2015,1,4035.61362529772,1891.45982265472,17927.5016784668,2502.22745883955
2015-02-01,2015,2,2867.46293481658,1611.07158660889,13001.5563964844,1684.78228399223
2015-03-01,2015,3,3019.27058142505,1057.34753608704,16649.2671966553,2335.79681630216
2015-04-01,2015,4,2358.25693303913,839.502811431885,14028.8410186768,1849.57809933032
2015-05-01,2015,5,1909.22971818242,870.684146881104,3277.37069129944,381.326316690129
2015-06-01,2015,6,2203.38842920049,936.758458614349,3846.1058139801,579.115481398422
2015-07-01,2015,7,2100.04103055637,805.944442749023,7566.46680831909,911.759929093585
2015-08-01,2015,8,2661.44228483892,739.376783370972,8158.38241577148,1128.28265333266
2015-09-01,2015,9,3033.24032328787,1460.87372303009,14242.5527572632,1484.81636072891
2015-10-01,2015,10,2927.18396318984,1411.50224208832,16389.2402648926,2072.40989044413
2015-11-01,2015,11,1779.01831191724,507.650196552277,10745.5072402954,1530.93157778918
2015-12-01,2015,12,2802.03355275668,1342.90218353271,13991.7306900024,1806.33884652502
2016-01-01,2016,1,1633.01574681544,540.2911901474,8502.62928009033,1114.17585129173
2016-02-01,2016,2,2710.15601615291,1127.0534992218,14091.480255127,1878.89183717235
2016-03-01,2016,3,1994.11265471133,837.183117866516,10413.2947921753,1221.37229558064
2016-04-01,2016,4,1903.12909894534,901.484847068787,8746.03748321533,936.305374704046
2016-05-01,2016,5,1530.96805128577,615.575790405273,3341.86244010925,552.23962957265
2016-06-01,2016,6,2983.57977674288,1503.26287746429,7023.36072921753,801.678426637962
2016-07-01,2016,7,3173.66781507143,1533.59186649323,6817.23117828369,638.235949127594
2016-08-01,2016,8,2868.6769972155,1252.18021869659,6259.0446472168,771.970354784943
2016-09-01,2016,9,3321.40429918043,1777.84097194672,12617.0644760132,1230.15803366477
2016-10-01,2016,10,2676.7640632337,1567.13557243347,7981.24361038208,841.180903106168
2016-11-01,2016,11,3979.96556516147,1335.1366519928,19215.0840759277,2875.67189901952
2016-12-01,2016,12,2418.0608658769,558.661043643951,16347.2461700439,2440.04145529334
2017-01-01,2017,1,2738.06206679722,1049.05688762665,14438.8599395752,2062.23345887393
2017-02-01,2017,2,1504.70320641051,756.991326808929,7677.91748046875,1001.71930475015
2017-03-01,2017,3,2510.89638033334,1145.90322971344,17104.9499511719,2080.34378021139
2017-04-01,2017,4,1963.811683911,894.305288791656,8479.26425933838,944.421199465916
2017-05-01,2017,5,2864.42758513792,1430.96530437469,8192.65747070312,967.441388589685
2017-06-01,2017,6,2650.13760341778,1000.03695487976,7506.97183609009,1047.94284867198
2017-07-01,2017,7,1614.00219420502,452.21996307373,5724.86162185669,859.616609229661
2017-08-01,2017,8,1533.29666501661,656.919538974762,9093.16730499268,940.52113476473
2017-09-01,2017,9,3166.19994258719,1853.42037677765,11682.3606491089,1236.76396634259
2017-10-01,2017,10,4891.32736225473,2371.66476249695,22510.2043151855,2877.97076435974
2017-11-01,2017,11,4366.26805924722,1649.98281002045,19928.5373687744,2707.62754690899
2017-12-01,2017,12,925.518594648504,261.323750019073,6447.77917861938,874.043197599319
2018-01-01,2018,1,2411.73885466017,1127.69520282745,12493.0572509766,1487.93563312924
2018-02-01,2018,2,3087.64940803677,1144.33836936951,13568.1819915771,1714.23758044678
2018-03-01,2018,3,2289.87363176378,1190.26470184326,7757.07960128784,880.182028305335
2018-04-01,2018,4,1442.19330013877,584.62005853653,8073.89163970947,890.217696966353
2018-05-01,2018,5,1094.36444607795,440.849006175995,4839.81323242188,607.474870343303
2018-06-01,2018,6,2559.3026130043,1364.20476436615,8715.46936035156,915.095571721954
2018-07-01,2018,7,1919.67453220986,913.12175989151,4294.54517364502,617.727528047884
2018-08-01,2018,8,730.208525585845,156.128838658333,2796.52523994446,448.73093893993
2018-09-01,2018,9,2344.15544684117,1388.23640346527,6017.69208908081,612.274977221992
2018-10-01,2018,10,1816.53331017872,1026.27551555634,7493.63279342651,895.663655272403
2018-11-01,2018,11,3818.58999454058,2027.36520767212,16814.5542144775,2031.59365150065
2018-12-01,2018,12,3576.39679825144,1772.23813533783,16822.53074646,2357.0116173715
2019-01-01,2019,1,2919.6889086951,1387.82131671906,15430.2806854248,2098.78709184166
2019-02-01,2019,2,1166.57915681061,879.680037498474,3438.18712234497,291.152119880386
2019-03-01,2019,3,819.298749056337,341.973513364792,4214.51663970947,535.475003404581
2019-04-01,2019,4,1723.71261152207,710.572600364685,9363.30509185791,1102.36230763414
2019-05-01,2019,5,1454.93354395504,750.449001789093,2539.66116905212,323.724536189437
2019-06-01,2019,6,2332.95294423314,834.600329399109,6874.41301345825,785.92004438359
2019-07-01,2019,7,3741.06554747707,2243.35050582886,9131.06918334961,931.178655199172
2019-08-01,2019,8,2621.43723080061,820.700287818909,7470.64113616943,1338.01630002485
2019-09-01,2019,9,2542.60747188626,1256.1742067337,9741.23096466064,1021.32174794733
2019-10-01,2019,10,3451.1887072438,1588.498711586,13708.5599899292,1608.23496754594
2019-11-01,2019,11,3968.01341807141,1811.58375740051,15833.532333374,1947.93051121266
2019-12-01,2019,12,2372.71844561958,728.958547115326,15354.9766540527,2026.78799128668
2020-01-01,2020,1,4574.39481605232,2005.95140457153,22126.5640258789,3428.98379780564
2020-02-01,2020,2,2391.16607876115,1053.13146114349,15807.5389862061,2074.4420093868
2020-03-01,2020,3,2148.56989846915,836.559593677521,12043.1041717529,1387.6149554264
2020-04-01,2020,4,1108.44141723613,565.458059310913,5736.168384552,660.399321772808
2020-05-01,2020,5,1546.31501328352,785.842299461365,4473.10495376587,484.489982496423
2020-06-01,2020,6,3415.75636421393,2109.66014862061,10458.5418701172,1041.95277579596
2020-07-01,2020,7,3470.51395678143,1797.23274707794,8249.30191040039,931.5795265421
2020-08-01,2020,8,3927.74962549566,1804.13591861725,12711.8005752563,1762.88363028342
2020-09-01,2020,9,2766.84860365963,1360.05318164825,13831.0956954956,1545.47838234036
2020-10-01,2020,10,3768.19220637035,1678.91871929169,13441.6198730469,1722.111760203
2020-11-01,2020,11,4492.78446222862,2093.24169158936,22222.6467132568,3003.68220609182
2020-12-01,2020,12,3184.79795983204,1031.49545192719,16624.0997314453,2537.86688318874
2021-01-01,2021,1,2833.1276682707,710.021913051605,18523.5481262207,2593.68550020406
2021-02-01,2021,2,2660.56394462402,1141.96610450745,15298.8290786743,2068.52621817876
2021-03-01,2021,3,2818.5413415076,602.450668811798,17114.2845153809,2620.28546876674
2021-04-01,2021,4,1818.62582256217,801.190257072449,11446.1555480957,1326.60989757775
2021-05-01,2021,5,2322.75025081311,1121.13988399506,6855.41963577271,638.437055457099
2021-06-01,2021,6,1719.03791814638,704.527616500854,6029.15239334106,791.701065324016
2021-07-01,2021,7,1879.17647922066,858.615398406982,4135.4923248291,578.761803162626
2021-08-01,2021,8,2113.54398872383,828.735291957855,6667.6139831543,895.058547629515
2021-09-01,2021,9,4640.76681576703,2111.15980148315,19531.6009521484,2364.03056506737
2021-10-01,2021,10,2508.13938448062,1151.66091918945,14646.390914917,1868.85059809491
2021-11-01,2021,11,4943.47914190314,1702.64863967896,26471.3726043701,3758.2520611045
2021-12-01,2021,12,1715.55700287965,853.907525539398,8802.29091644287,1125.80614171622
2022-01-01,2022,1,2935.79578547996,1264.98126983643,14905.9619903564,1920.72528478287
2022-02-01,2022,2,2363.7410878326,806.378662586212,13748.3196258545,1951.26831542625
2022-03-01,2022,3,1793.32364144908,538.304448127747,12117.6090240479,1538.41253414243
2022-04-01,2022,4,2107.82471858808,1107.29253292084,9837.88299560547,1197.16153416692
2022-05-01,2022,5,2868.26991037006,1692.30854511261,9405.17139434814,797.114890975107
2022-06-01,2022,6,3484.94391514165,2107.10263252258,7921.76628112793,844.653816038268
2022-07-01,2022,7,2417.38865750408,829.239845275879,7523.1990814209,811.708457465571
2022-08-01,2022,8,1879.57470725834,947.652876377106,6534.52301025391,742.42465923058
2022-09-01,2022,9,559.907099164652,118.775002658367,3379.78625297546,429.80494161317
2022-10-01,2022,10,1461.79408770543,304.073095321655,7781.07738494873,1283.88560935139
2022-11-01,2022,11,1438.23287325882,603.145003318787,6228.07645797729,920.696758807785
2022-12-01,2022,12,920.526622529078,484.191566705704,3952.79097557068,544.820567646866
2023-01-01,2023,1,992.848539160253,405.524849891663,6326.58338546753,769.559116311837
2023-02-01,2023,2,2065.59424419209,875.364303588867,11941.2832260132,1597.80882195446
2023-03-01,2023,3,432.080456274836,109.446726739407,2950.35314559937,390.19350490022
2023-04-01,2023,4,1140.57005962096,419.492602348328,5530.19618988037,667.191659052014
2023-05-01,2023,5,520.188746948587,103.633560240269,1105.46100139618,173.227427105979
2023-06-01,2023,6,646.312149334277,242.443203926086,1793.18833351135,278.319370727132
2023-07-01,2023,7,1066.59584509301,518.036782741547,1776.22377872467,223.135101455884
2023-08-01,2023,8,572.082337523006,163.449361920357,2045.5629825592,316.532983628912
2023-09-01,2023,9,736.126286512856,351.098835468292,3286.33689880371,352.021868986236
2023-10-01,2023,10,857.037486752908,221.438273787498,4099.23458099365,464.957478702923
2023-11-01,2023,11,1458.58997787555,638.699173927307,7614.75229263306,999.81630181043
2023-12-01,2023,12,1627.8214582929,332.492411136627,10281.8298339844,1443.96304369504
2024-01-01,2024,1,1371.42151978491,641.521751880646,7170.59230804443,906.94808696753
2024-02-01,2024,2,643.755170166897,323.106080293655,3250.78940391541,398.530984058596
2024-03-01,2024,3,1146.24735537697,327.865839004517,6755.4292678833,1008.67311055511
2024-04-01,2024,4,1747.13776311184,692.927062511444,10352.3073196411,1277.80656181652
2024-05-01,2024,5,2070.15456259251,761.335492134094,8992.76733398438,900.53919743939
2024-06-01,2024,6,3351.11510753632,2170.32504081726,7356.24217987061,692.136196706351
2024-07-01,2024,7,1417.48000367869,364.460736513138,3438.02642822266,603.549510264784
2024-08-01,2024,8,1503.46026839309,815.029978752136,4136.84177398682,463.519559060812
2024-09-01,2024,9,3872.23515096563,1596.98915481567,19724.796295166,2272.35480741478
2024-10-01,2024,10,4214.70326259395,1855.21602630615,20145.3418731689,2548.18015436408
2024-11-01,2024,11,4177.18635904034,1318.77303123474,19170.2671051025,2371.1862485129
2024-12-01,2024,12,2968.4762724789,1403.55479717255,13676.4497756958,1680.14683829495
2025-01-01,2025,1,1887.61325113104,673.875689506531,11470.1166152954,1616.80906381861
2025-02-01,2025,2,1525.35434751624,695.514261722565,9598.75011444092,1292.1189289245
2025-03-01,2025,3,1620.25753169308,570.858120918274,8710.49022674561,1144.24720484811
2025-04-01,2025,4,1527.79473290185,696.109116077423,7559.32331085205,844.407775742112
2025-05-01,2025,5,2343.94225262409,871.069729328156,12228.5184860229,1325.60357652964
2025-06-01,2025,6,1933.15503543993,711.200773715973,3966.49360656738,779.805364628984
2025-07-01,2025,7,2067.99492523142,690.449714660645,5048.01893234253,930.303550554207
2025-08-01,2025,8,2087.40603434959,741.045475006104,7979.09116744995,871.463868903651
2025-09-01,2025,9,2835.47703294732,1214.54703807831,13887.843132019,1685.57901453025
2025-10-01,2025,10,3390.13980302066,1345.10016441345,15476.526260376,2272.19744129249
2025-11-01,2025,11,3161.33956725781,880.508422851562,16893.6824798584,2483.25789474426
2025-12-01,2025,12,5513.54535645489,2075.51050186157,29696.6342926025,4252.75659483123
