"Date","Year","Month","Basin_Mean","Basin_Median","Basin_Min","Basin_Max","Basin_SD","Valid_Pixels","Total_Pixels","Coverage_Pct","Date_formatted"
"1950-01",1950,1,NA,NA,NA,NA,NA,0,863,0,1950-01-01
"1950-02",1950,2,NA,NA,NA,NA,NA,0,863,0,1950-02-01
"1950-03",1950,3,NA,NA,NA,NA,NA,0,863,0,1950-03-01
"1950-04",1950,4,NA,NA,NA,NA,NA,0,863,0,1950-04-01
"1950-05",1950,5,NA,NA,NA,NA,NA,0,863,0,1950-05-01
"1950-06",1950,6,NA,NA,NA,NA,NA,0,863,0,1950-06-01
"1950-07",1950,7,NA,NA,NA,NA,NA,0,863,0,1950-07-01
"1950-08",1950,8,NA,NA,NA,NA,NA,0,863,0,1950-08-01
"1950-09",1950,9,NA,NA,NA,NA,NA,0,863,0,1950-09-01
"1950-10",1950,10,NA,NA,NA,NA,NA,0,863,0,1950-10-01
"1950-11",1950,11,NA,NA,NA,NA,NA,0,863,0,1950-11-01
"1950-12",1950,12,0.245,0.415,-1.496,1.614,0.887,863,863,100,1950-12-01
"1951-01",1951,1,0.466,0.946,-1.753,1.844,1.219,863,863,100,1951-01-01
"1951-02",1951,2,0.381,0.793,-1.59,1.489,0.925,863,863,100,1951-02-01
"1951-03",1951,3,0.265,0.548,-1.282,1.255,0.776,863,863,100,1951-03-01
"1951-04",1951,4,0.51,1.169,-1.855,1.772,1.291,863,863,100,1951-04-01
"1951-05",1951,5,0.13,0.072,-1.565,1.531,0.67,863,863,100,1951-05-01
"1951-06",1951,6,0.49,0.94,-2.005,2.041,1.135,863,863,100,1951-06-01
"1951-07",1951,7,0.467,0.423,-1.545,1.599,0.692,863,863,100,1951-07-01
"1951-08",1951,8,0.521,0.539,-1.746,1.901,0.765,863,863,100,1951-08-01
"1951-09",1951,9,0.58,0.535,-2.053,2.056,0.88,863,863,100,1951-09-01
"1951-10",1951,10,0.444,0.317,-1.729,1.945,0.749,863,863,100,1951-10-01
"1951-11",1951,11,0.592,0.741,-1.615,1.941,0.839,863,863,100,1951-11-01
"1951-12",1951,12,0.649,0.924,-1.785,2.073,1.032,863,863,100,1951-12-01
"1952-01",1952,1,0.506,0.631,-1.194,1.832,0.766,863,863,100,1952-01-01
"1952-02",1952,2,0.357,0.338,-1.301,1.471,0.621,863,863,100,1952-02-01
"1952-03",1952,3,0.298,0.305,-1.247,1.291,0.551,863,863,100,1952-03-01
"1952-04",1952,4,0.131,0.114,-0.677,0.762,0.353,863,863,100,1952-04-01
"1952-05",1952,5,0.457,0.914,-1.602,1.762,1.105,863,863,100,1952-05-01
"1952-06",1952,6,0.222,0.389,-1.104,1.099,0.497,863,863,100,1952-06-01
"1952-07",1952,7,0.5,1.089,-1.522,1.614,1.05,863,863,100,1952-07-01
"1952-08",1952,8,0.537,1.16,-1.856,1.919,1.2,863,863,100,1952-08-01
"1952-09",1952,9,0.536,1.177,-1.931,2.007,1.277,863,863,100,1952-09-01
"1952-10",1952,10,0.86,1.904,-2.316,2.348,1.77,863,863,100,1952-10-01
"1952-11",1952,11,0.829,1.812,-2.243,2.259,1.7,863,863,100,1952-11-01
"1952-12",1952,12,0.657,1.279,-2.078,2.181,1.364,863,863,100,1952-12-01
"1953-01",1953,1,0.516,0.827,-1.668,1.731,1.112,863,863,100,1953-01-01
"1953-02",1953,2,0.501,0.85,-1.54,1.741,1.089,863,863,100,1953-02-01
"1953-03",1953,3,0.413,0.77,-1.546,1.666,0.991,863,863,100,1953-03-01
"1953-04",1953,4,0.38,0.486,-1.063,1.312,0.579,863,863,100,1953-04-01
"1953-05",1953,5,0.44,0.65,-1.091,1.288,0.608,863,863,100,1953-05-01
"1953-06",1953,6,0.154,0.173,-1.168,1.083,0.403,863,863,100,1953-06-01
"1953-07",1953,7,-0.035,-0.241,-1.672,1.608,0.822,863,863,100,1953-07-01
"1953-08",1953,8,-0.049,-0.213,-1.378,1.244,0.678,863,863,100,1953-08-01
"1953-09",1953,9,-0.023,-0.191,-1.39,1.326,0.615,863,863,100,1953-09-01
"1953-10",1953,10,-0.225,-0.512,-1.636,1.509,0.752,863,863,100,1953-10-01
"1953-11",1953,11,-0.336,-0.598,-1.818,1.678,0.93,863,863,100,1953-11-01
"1953-12",1953,12,-0.423,-0.701,-2.149,1.729,1.051,863,863,100,1953-12-01
"1954-01",1954,1,-0.262,-0.286,-1.765,1.018,0.734,863,863,100,1954-01-01
"1954-02",1954,2,-0.662,-0.876,-2.558,2.1,1.368,863,863,100,1954-02-01
"1954-03",1954,3,-0.457,-0.448,-2.086,1.586,0.946,863,863,100,1954-03-01
"1954-04",1954,4,-0.526,-0.436,-2.305,1.754,1.1,863,863,100,1954-04-01
"1954-05",1954,5,-0.471,-0.417,-1.924,1.232,0.866,863,863,100,1954-05-01
"1954-06",1954,6,-0.478,-0.385,-1.978,1.7,0.842,863,863,100,1954-06-01
"1954-07",1954,7,-0.385,-0.408,-1.531,1.521,0.625,863,863,100,1954-07-01
"1954-08",1954,8,-0.586,-1.008,-2.239,2.121,1.212,863,863,100,1954-08-01
"1954-09",1954,9,-0.617,-1.118,-2.48,2.257,1.376,863,863,100,1954-09-01
"1954-10",1954,10,-0.609,-1.11,-2.343,2.21,1.365,863,863,100,1954-10-01
"1954-11",1954,11,-0.73,-1.323,-2.309,2.311,1.451,863,863,100,1954-11-01
"1954-12",1954,12,-0.821,-1.453,-2.417,2.339,1.527,863,863,100,1954-12-01
"1955-01",1955,1,-0.678,-1.146,-1.904,1.787,1.144,863,863,100,1955-01-01
"1955-02",1955,2,-0.606,-1.014,-1.905,1.813,1.04,863,863,100,1955-02-01
"1955-03",1955,3,-0.592,-0.926,-2.026,1.94,1.132,863,863,100,1955-03-01
"1955-04",1955,4,-0.501,-0.815,-1.774,1.59,1.058,863,863,100,1955-04-01
"1955-05",1955,5,-0.535,-0.861,-1.725,1.741,0.96,863,863,100,1955-05-01
"1955-06",1955,6,-0.303,-0.25,-1.805,1.553,0.538,863,863,100,1955-06-01
"1955-07",1955,7,-0.297,-0.435,-1.749,1.478,0.719,863,863,100,1955-07-01
"1955-08",1955,8,-0.158,-0.273,-1.183,0.878,0.511,863,863,100,1955-08-01
"1955-09",1955,9,0.102,0.052,-0.911,1.076,0.399,863,863,100,1955-09-01
"1955-10",1955,10,-0.07,-0.015,-1.514,1.148,0.577,863,863,100,1955-10-01
"1955-11",1955,11,0.003,-0.023,-0.891,0.823,0.358,863,863,100,1955-11-01
"1955-12",1955,12,0.186,0.096,-0.874,1.067,0.35,863,863,100,1955-12-01
"1956-01",1956,1,0.327,0.265,-0.917,1.315,0.485,863,863,100,1956-01-01
"1956-02",1956,2,0.279,0.231,-0.804,1.178,0.481,863,863,100,1956-02-01
"1956-03",1956,3,0.244,0.144,-0.809,1.123,0.383,863,863,100,1956-03-01
"1956-04",1956,4,0.309,0.282,-1.02,1.358,0.486,863,863,100,1956-04-01
"1956-05",1956,5,0.683,1.414,-1.627,1.782,1.313,863,863,100,1956-05-01
"1956-06",1956,6,0.413,0.875,-1.777,1.918,1.162,863,863,100,1956-06-01
"1956-07",1956,7,0.386,0.841,-1.501,1.698,1.034,863,863,100,1956-07-01
"1956-08",1956,8,0.477,1.087,-1.588,1.668,1.159,863,863,100,1956-08-01
"1956-09",1956,9,0.536,1.206,-2.003,2.014,1.388,863,863,100,1956-09-01
"1956-10",1956,10,0.448,1.107,-2.08,2.124,1.37,863,863,100,1956-10-01
"1956-11",1956,11,0.389,0.726,-2.132,2.143,1.298,863,863,100,1956-11-01
"1956-12",1956,12,-0.288,-0.307,-1.783,1.193,0.739,863,863,100,1956-12-01
"1957-01",1957,1,-0.046,-0.063,-1.119,1.143,0.554,863,863,100,1957-01-01
"1957-02",1957,2,0.021,-0.014,-1.162,1.187,0.565,863,863,100,1957-02-01
"1957-03",1957,3,0.068,0.063,-1.008,1.013,0.527,863,863,100,1957-03-01
"1957-04",1957,4,0.044,0.017,-1.231,1.225,0.584,863,863,100,1957-04-01
"1957-05",1957,5,0.106,0.03,-1.188,1.391,0.612,863,863,100,1957-05-01
"1957-06",1957,6,0.007,-0.008,-1.186,1.616,0.591,863,863,100,1957-06-01
"1957-07",1957,7,-0.209,-0.281,-1.395,1.312,0.634,863,863,100,1957-07-01
"1957-08",1957,8,-0.495,-1.068,-2.298,2.288,1.4,863,863,100,1957-08-01
"1957-09",1957,9,-0.24,-0.534,-1.808,1.972,1.002,863,863,100,1957-09-01
"1957-10",1957,10,0.007,-0.121,-1.309,1.682,0.767,863,863,100,1957-10-01
"1957-11",1957,11,-0.023,-0.211,-1.267,1.58,0.716,863,863,100,1957-11-01
"1957-12",1957,12,-0.32,-0.663,-1.935,2.044,1.139,863,863,100,1957-12-01
"1958-01",1958,1,-0.432,-0.878,-1.884,1.939,1.159,863,863,100,1958-01-01
"1958-02",1958,2,-0.395,-0.946,-2.109,2.149,1.297,863,863,100,1958-02-01
"1958-03",1958,3,-0.293,-0.748,-2.018,1.903,1.229,863,863,100,1958-03-01
"1958-04",1958,4,-0.219,-0.485,-1.79,1.568,0.969,863,863,100,1958-04-01
"1958-05",1958,5,0.143,0.125,-0.745,1.129,0.319,863,863,100,1958-05-01
"1958-06",1958,6,0.306,0.346,-1.348,1.636,0.604,863,863,100,1958-06-01
"1958-07",1958,7,0.602,1.149,-1.953,1.936,1.174,863,863,100,1958-07-01
"1958-08",1958,8,0.473,0.75,-1.677,1.627,0.838,863,863,100,1958-08-01
"1958-09",1958,9,0.201,0.192,-1.011,1.026,0.329,863,863,100,1958-09-01
"1958-10",1958,10,0.328,0.454,-1.134,1.212,0.505,863,863,100,1958-10-01
"1958-11",1958,11,0.574,0.98,-1.726,1.723,1.011,863,863,100,1958-11-01
"1958-12",1958,12,0.233,0.394,-1.077,1.185,0.557,863,863,100,1958-12-01
"1959-01",1959,1,0.119,0.114,-0.688,0.69,0.259,863,863,100,1959-01-01
"1959-02",1959,2,0.141,0.144,-0.77,0.756,0.261,863,863,100,1959-02-01
"1959-03",1959,3,-0.028,0.014,-1.028,0.73,0.328,863,863,100,1959-03-01
"1959-04",1959,4,-0.084,-0.021,-1.184,0.819,0.353,863,863,100,1959-04-01
"1959-05",1959,5,-0.131,-0.096,-1.118,0.617,0.38,863,863,100,1959-05-01
"1959-06",1959,6,-0.466,-0.954,-2.027,1.881,1.184,863,863,100,1959-06-01
"1959-07",1959,7,-0.24,-0.43,-1.419,1.387,0.662,863,863,100,1959-07-01
"1959-08",1959,8,-0.487,-0.966,-1.954,1.965,1.146,863,863,100,1959-08-01
"1959-09",1959,9,-0.616,-1.184,-2.36,2.334,1.349,863,863,100,1959-09-01
"1959-10",1959,10,-0.633,-1.084,-2.264,2.233,1.362,863,863,100,1959-10-01
"1959-11",1959,11,-0.592,-0.923,-2.339,2.194,1.339,863,863,100,1959-11-01
"1959-12",1959,12,-0.624,-1.255,-1.93,1.753,1.144,863,863,100,1959-12-01
"1960-01",1960,1,-0.357,-0.649,-1.04,1.155,0.601,863,863,100,1960-01-01
"1960-02",1960,2,-0.244,-0.4,-0.83,0.867,0.4,863,863,100,1960-02-01
"1960-03",1960,3,-0.288,-0.359,-1.151,1.132,0.525,863,863,100,1960-03-01
"1960-04",1960,4,-0.175,-0.067,-1.032,0.957,0.407,863,863,100,1960-04-01
"1960-05",1960,5,-0.439,-0.759,-1.481,1.479,0.792,863,863,100,1960-05-01
"1960-06",1960,6,-0.329,-0.674,-1.111,1.011,0.659,863,863,100,1960-06-01
"1960-07",1960,7,-0.019,0.034,-0.812,0.719,0.311,863,863,100,1960-07-01
"1960-08",1960,8,-0.117,-0.164,-0.93,0.76,0.423,863,863,100,1960-08-01
"1960-09",1960,9,0.129,0.104,-0.727,1.006,0.365,863,863,100,1960-09-01
"1960-10",1960,10,-0.121,-0.159,-1.034,0.895,0.52,863,863,100,1960-10-01
"1960-11",1960,11,0.123,0.132,-0.668,1.111,0.353,863,863,100,1960-11-01
"1960-12",1960,12,0.265,0.275,-0.888,1.106,0.463,863,863,100,1960-12-01
"1961-01",1961,1,0.16,0.276,-0.732,0.929,0.388,863,863,100,1961-01-01
"1961-02",1961,2,-0.217,-0.214,-1.224,0.557,0.452,863,863,100,1961-02-01
"1961-03",1961,3,-0.055,-0.017,-0.679,0.405,0.238,863,863,100,1961-03-01
"1961-04",1961,4,0.019,0.012,-0.774,0.844,0.411,863,863,100,1961-04-01
"1961-05",1961,5,-0.05,-0.039,-0.946,0.447,0.199,863,863,100,1961-05-01
"1961-06",1961,6,0.205,0.41,-0.96,1.121,0.582,863,863,100,1961-06-01
"1961-07",1961,7,0.342,0.725,-1.472,1.412,0.907,863,863,100,1961-07-01
"1961-08",1961,8,0.6,1.283,-2.168,2.174,1.471,863,863,100,1961-08-01
"1961-09",1961,9,0.403,0.857,-1.831,1.761,1.15,863,863,100,1961-09-01
"1961-10",1961,10,0.112,0.166,-1.333,1.381,0.773,863,863,100,1961-10-01
"1961-11",1961,11,0.091,0.213,-1.348,1.347,0.672,863,863,100,1961-11-01
"1961-12",1961,12,0.124,0.388,-1.462,1.444,0.788,863,863,100,1961-12-01
"1962-01",1962,1,-0.298,-0.384,-1.583,1.684,0.645,863,863,100,1962-01-01
"1962-02",1962,2,-0.185,-0.307,-1.33,1.377,0.664,863,863,100,1962-02-01
"1962-03",1962,3,0.025,0.053,-1.671,1.709,0.833,863,863,100,1962-03-01
"1962-04",1962,4,-0.064,-0.154,-1.561,1.648,0.718,863,863,100,1962-04-01
"1962-05",1962,5,-0.019,-0.088,-1.795,1.713,0.797,863,863,100,1962-05-01
"1962-06",1962,6,-0.076,-0.229,-1.259,1.206,0.589,863,863,100,1962-06-01
"1962-07",1962,7,0.09,0.056,-1.526,1.604,0.618,863,863,100,1962-07-01
"1962-08",1962,8,-0.196,-0.215,-1.422,1.282,0.569,863,863,100,1962-08-01
"1962-09",1962,9,-0.075,-0.104,-1.253,1.245,0.41,863,863,100,1962-09-01
"1962-10",1962,10,-0.175,-0.267,-1.263,1.235,0.688,863,863,100,1962-10-01
"1962-11",1962,11,-0.258,-0.407,-1.18,1.095,0.652,863,863,100,1962-11-01
"1962-12",1962,12,-0.393,-0.622,-1.376,1.306,0.832,863,863,100,1962-12-01
"1963-01",1963,1,-0.126,-0.039,-1.145,0.846,0.465,863,863,100,1963-01-01
"1963-02",1963,2,-0.29,-0.415,-1.293,0.999,0.634,863,863,100,1963-02-01
"1963-03",1963,3,-0.227,-0.323,-1.186,0.896,0.522,863,863,100,1963-03-01
"1963-04",1963,4,-0.171,-0.147,-1.276,1.209,0.677,863,863,100,1963-04-01
"1963-05",1963,5,0.066,0.032,-0.698,0.967,0.427,863,863,100,1963-05-01
"1963-06",1963,6,0.232,0.456,-0.964,0.982,0.583,863,863,100,1963-06-01
"1963-07",1963,7,-0.095,-0.107,-0.961,0.659,0.32,863,863,100,1963-07-01
"1963-08",1963,8,-0.074,-0.134,-1.227,0.935,0.45,863,863,100,1963-08-01
"1963-09",1963,9,-0.224,-0.393,-1.539,1.039,0.594,863,863,100,1963-09-01
"1963-10",1963,10,-0.253,-0.289,-1.366,0.747,0.412,863,863,100,1963-10-01
"1963-11",1963,11,-0.347,-0.415,-1.368,1.048,0.574,863,863,100,1963-11-01
"1963-12",1963,12,-0.495,-0.66,-1.946,1.67,0.947,863,863,100,1963-12-01
"1964-01",1964,1,-0.443,-0.67,-1.599,1.278,0.816,863,863,100,1964-01-01
"1964-02",1964,2,-0.528,-0.725,-1.944,1.369,0.903,863,863,100,1964-02-01
"1964-03",1964,3,-0.616,-0.94,-2.049,1.637,1.027,863,863,100,1964-03-01
"1964-04",1964,4,-0.663,-0.931,-2.113,1.732,1.032,863,863,100,1964-04-01
"1964-05",1964,5,-0.54,-0.656,-2.173,1.402,0.775,863,863,100,1964-05-01
"1964-06",1964,6,-0.615,-0.776,-2.326,1.819,0.998,863,863,100,1964-06-01
"1964-07",1964,7,-0.806,-1.344,-2.54,2.406,1.403,863,863,100,1964-07-01
"1964-08",1964,8,-0.753,-1.268,-2.547,2.283,1.409,863,863,100,1964-08-01
"1964-09",1964,9,-0.856,-1.429,-2.718,2.688,1.758,863,863,100,1964-09-01
"1964-10",1964,10,-0.868,-1.549,-2.561,2.532,1.741,863,863,100,1964-10-01
"1964-11",1964,11,-0.594,-0.783,-2.318,2.256,1.34,863,863,100,1964-11-01
"1964-12",1964,12,-0.269,-0.047,-2.034,1.921,0.993,863,863,100,1964-12-01
"1965-01",1965,1,-0.306,-0.079,-2.274,2.155,1.196,863,863,100,1965-01-01
"1965-02",1965,2,-0.503,-0.766,-2.211,1.932,1.184,863,863,100,1965-02-01
"1965-03",1965,3,-0.116,0.022,-1.41,1.076,0.56,863,863,100,1965-03-01
"1965-04",1965,4,-0.211,-0.18,-1.6,1.301,0.774,863,863,100,1965-04-01
"1965-05",1965,5,-0.166,-0.059,-1.461,0.997,0.493,863,863,100,1965-05-01
"1965-06",1965,6,0.214,0.53,-1.211,1.272,0.693,863,863,100,1965-06-01
"1965-07",1965,7,0.139,0.142,-1.065,1.153,0.444,863,863,100,1965-07-01
"1965-08",1965,8,0.219,0.209,-1.483,1.67,0.584,863,863,100,1965-08-01
"1965-09",1965,9,0.272,0.365,-2.073,2.089,0.715,863,863,100,1965-09-01
"1965-10",1965,10,-0.151,0.037,-1.663,1.577,0.72,863,863,100,1965-10-01
"1965-11",1965,11,0.137,0.156,-1.305,1.223,0.539,863,863,100,1965-11-01
"1965-12",1965,12,0.091,0.065,-1.113,1.061,0.516,863,863,100,1965-12-01
"1966-01",1966,1,-0.269,-0.587,-1.424,1.435,0.809,863,863,100,1966-01-01
"1966-02",1966,2,-0.241,-0.404,-1.089,1.023,0.616,863,863,100,1966-02-01
"1966-03",1966,3,-0.439,-0.883,-1.502,1.481,0.943,863,863,100,1966-03-01
"1966-04",1966,4,-0.42,-0.881,-1.347,1.362,0.914,863,863,100,1966-04-01
"1966-05",1966,5,-0.486,-0.802,-1.526,1.108,0.817,863,863,100,1966-05-01
"1966-06",1966,6,-0.394,-0.732,-1.644,1.428,0.78,863,863,100,1966-06-01
"1966-07",1966,7,-0.258,-0.361,-1.348,1.107,0.58,863,863,100,1966-07-01
"1966-08",1966,8,-0.401,-0.909,-1.611,1.648,1.035,863,863,100,1966-08-01
"1966-09",1966,9,-0.354,-0.777,-1.608,1.631,0.902,863,863,100,1966-09-01
"1966-10",1966,10,-0.7,-1.236,-2.318,2.367,1.467,863,863,100,1966-10-01
"1966-11",1966,11,-0.58,-1.122,-2.046,2.051,1.286,863,863,100,1966-11-01
"1966-12",1966,12,-0.596,-1.286,-1.909,2.043,1.344,863,863,100,1966-12-01
"1967-01",1967,1,-0.681,-1.442,-2.11,2.219,1.434,863,863,100,1967-01-01
"1967-02",1967,2,-0.771,-1.521,-2.438,2.313,1.527,863,863,100,1967-02-01
"1967-03",1967,3,-0.654,-1.329,-2.087,2.065,1.311,863,863,100,1967-03-01
"1967-04",1967,4,-0.372,-0.752,-1.316,1.186,0.787,863,863,100,1967-04-01
"1967-05",1967,5,-0.421,-0.843,-1.387,1.203,0.82,863,863,100,1967-05-01
"1967-06",1967,6,0.033,0.071,-0.553,0.623,0.203,863,863,100,1967-06-01
"1967-07",1967,7,0.099,0.175,-0.708,0.909,0.321,863,863,100,1967-07-01
"1967-08",1967,8,0.249,0.495,-0.918,1.129,0.56,863,863,100,1967-08-01
"1967-09",1967,9,0.004,-0.023,-1.131,1.112,0.484,863,863,100,1967-09-01
"1967-10",1967,10,-0.416,-0.505,-1.91,0.988,0.641,863,863,100,1967-10-01
"1967-11",1967,11,-0.138,-0.148,-0.766,0.574,0.249,863,863,100,1967-11-01
"1967-12",1967,12,-0.274,-0.196,-1.316,1.259,0.52,863,863,100,1967-12-01
"1968-01",1968,1,-0.584,-0.844,-1.852,1.589,0.909,863,863,100,1968-01-01
"1968-02",1968,2,-0.491,-0.525,-1.801,1.697,0.805,863,863,100,1968-02-01
"1968-03",1968,3,-0.472,-0.769,-1.732,1.661,0.93,863,863,100,1968-03-01
"1968-04",1968,4,-0.644,-1.067,-2.079,1.932,1.073,863,863,100,1968-04-01
"1968-05",1968,5,-0.544,-0.915,-2.026,1.893,1.146,863,863,100,1968-05-01
"1968-06",1968,6,-0.499,-0.678,-1.926,1.881,0.968,863,863,100,1968-06-01
"1968-07",1968,7,-0.367,-0.598,-1.585,1.573,0.81,863,863,100,1968-07-01
"1968-08",1968,8,-0.392,-0.74,-1.493,1.365,0.83,863,863,100,1968-08-01
"1968-09",1968,9,-0.403,-0.787,-1.407,1.326,0.867,863,863,100,1968-09-01
"1968-10",1968,10,-0.819,-1.513,-2.49,1.961,1.423,863,863,100,1968-10-01
"1968-11",1968,11,-0.671,-1.143,-2.117,1.503,1.121,863,863,100,1968-11-01
"1968-12",1968,12,-0.474,-0.77,-1.732,1.194,0.798,863,863,100,1968-12-01
"1969-01",1969,1,-0.149,-0.146,-1.04,0.603,0.351,863,863,100,1969-01-01
"1969-02",1969,2,0.038,-0.051,-1.03,1,0.387,863,863,100,1969-02-01
"1969-03",1969,3,0.227,0.166,-1.389,1.476,0.63,863,863,100,1969-03-01
"1969-04",1969,4,-0.062,-0.065,-0.928,0.936,0.467,863,863,100,1969-04-01
"1969-05",1969,5,0.236,0.207,-0.949,1.317,0.509,863,863,100,1969-05-01
"1969-06",1969,6,0.405,0.517,-0.919,1.552,0.61,863,863,100,1969-06-01
"1969-07",1969,7,0.658,1.239,-1.496,1.622,1.096,863,863,100,1969-07-01
"1969-08",1969,8,0.146,0.257,-0.884,0.959,0.488,863,863,100,1969-08-01
"1969-09",1969,9,-0.192,-0.157,-1.106,0.976,0.525,863,863,100,1969-09-01
"1969-10",1969,10,0.065,0.038,-0.973,1.428,0.608,863,863,100,1969-10-01
"1969-11",1969,11,-0.185,-0.074,-1.587,1.534,0.751,863,863,100,1969-11-01
"1969-12",1969,12,-0.083,0.026,-1.547,1.5,0.771,863,863,100,1969-12-01
"1970-01",1970,1,0.036,0.092,-1.26,1.248,0.718,863,863,100,1970-01-01
"1970-02",1970,2,0.229,0.035,-1.133,1.515,0.682,863,863,100,1970-02-01
"1970-03",1970,3,0.193,-0.007,-1.239,1.508,0.698,863,863,100,1970-03-01
"1970-04",1970,4,0.088,0.096,-1.147,1.166,0.626,863,863,100,1970-04-01
"1970-05",1970,5,-0.204,-0.139,-1.767,0.894,0.458,863,863,100,1970-05-01
"1970-06",1970,6,0.216,0.471,-1.707,1.783,1.068,863,863,100,1970-06-01
"1970-07",1970,7,0.129,0.326,-1.383,1.419,0.829,863,863,100,1970-07-01
"1970-08",1970,8,0.199,0.477,-1.482,1.58,0.961,863,863,100,1970-08-01
"1970-09",1970,9,0.225,0.503,-1.485,1.704,0.962,863,863,100,1970-09-01
"1970-10",1970,10,0.512,1.072,-1.74,1.954,1.231,863,863,100,1970-10-01
"1970-11",1970,11,0.588,1.239,-1.869,1.898,1.271,863,863,100,1970-11-01
"1970-12",1970,12,0.594,1.165,-1.817,1.894,1.265,863,863,100,1970-12-01
"1971-01",1971,1,0.165,0.188,-1.456,1.477,0.677,863,863,100,1971-01-01
"1971-02",1971,2,0.148,0.216,-1.034,1.123,0.521,863,863,100,1971-02-01
"1971-03",1971,3,0.057,0.031,-0.785,0.894,0.394,863,863,100,1971-03-01
"1971-04",1971,4,0.045,-0.012,-0.654,0.696,0.342,863,863,100,1971-04-01
"1971-05",1971,5,0.291,0.537,-1.178,1.264,0.721,863,863,100,1971-05-01
"1971-06",1971,6,-0.08,-0.101,-0.818,0.832,0.371,863,863,100,1971-06-01
"1971-07",1971,7,-0.068,-0.131,-0.92,1.232,0.446,863,863,100,1971-07-01
"1971-08",1971,8,-0.203,-0.268,-0.958,0.939,0.404,863,863,100,1971-08-01
"1971-09",1971,9,-0.337,-0.422,-1.326,1.256,0.594,863,863,100,1971-09-01
"1971-10",1971,10,-0.266,-0.199,-1.318,1.106,0.457,863,863,100,1971-10-01
"1971-11",1971,11,-0.438,-0.636,-1.464,1.195,0.579,863,863,100,1971-11-01
"1971-12",1971,12,-0.309,-0.253,-1.746,1.404,0.645,863,863,100,1971-12-01
"1972-01",1972,1,-0.314,-0.281,-1.432,1.059,0.492,863,863,100,1972-01-01
"1972-02",1972,2,-0.609,-1.019,-2.094,1.658,0.989,863,863,100,1972-02-01
"1972-03",1972,3,-0.713,-1.241,-2.18,1.773,1.187,863,863,100,1972-03-01
"1972-04",1972,4,-0.781,-1.406,-2.072,1.708,1.257,863,863,100,1972-04-01
"1972-05",1972,5,-0.402,-0.393,-1.629,0.751,0.522,863,863,100,1972-05-01
"1972-06",1972,6,-0.615,-1.16,-1.706,1.523,1.071,863,863,100,1972-06-01
"1972-07",1972,7,-0.765,-1.535,-2.267,2.155,1.439,863,863,100,1972-07-01
"1972-08",1972,8,-0.441,-0.801,-1.387,1.48,0.792,863,863,100,1972-08-01
"1972-09",1972,9,-0.391,-0.621,-1.941,2.133,1.001,863,863,100,1972-09-01
"1972-10",1972,10,-0.139,-0.185,-1.74,2.13,0.845,863,863,100,1972-10-01
"1972-11",1972,11,-0.056,0.024,-1.787,2,0.762,863,863,100,1972-11-01
"1972-12",1972,12,-0.172,-0.071,-2.104,2.071,0.951,863,863,100,1972-12-01
"1973-01",1973,1,-0.362,-0.647,-2.023,2.005,0.983,863,863,100,1973-01-01
"1973-02",1973,2,-0.182,-0.24,-1.514,1.522,0.688,863,863,100,1973-02-01
"1973-03",1973,3,-0.116,-0.154,-1.219,1.039,0.503,863,863,100,1973-03-01
"1973-04",1973,4,-0.017,-0.026,-0.499,0.473,0.162,863,863,100,1973-04-01
"1973-05",1973,5,0.038,0.09,-0.583,0.61,0.275,863,863,100,1973-05-01
"1973-06",1973,6,-0.011,0.018,-0.586,0.389,0.192,863,863,100,1973-06-01
"1973-07",1973,7,0.154,0.287,-0.839,0.928,0.427,863,863,100,1973-07-01
"1973-08",1973,8,0.27,0.497,-1.051,1.26,0.656,863,863,100,1973-08-01
"1973-09",1973,9,-0.17,-0.18,-1.526,0.879,0.545,863,863,100,1973-09-01
"1973-10",1973,10,-0.226,-0.401,-1.491,0.977,0.634,863,863,100,1973-10-01
"1973-11",1973,11,0.098,-0.038,-1.273,1.325,0.615,863,863,100,1973-11-01
"1973-12",1973,12,0.062,0.009,-1.036,1.078,0.421,863,863,100,1973-12-01
"1974-01",1974,1,-0.129,-0.09,-1.304,1.125,0.64,863,863,100,1974-01-01
"1974-02",1974,2,-0.212,-0.2,-1.431,1.241,0.637,863,863,100,1974-02-01
"1974-03",1974,3,-0.325,-0.481,-1.615,1.54,1.02,863,863,100,1974-03-01
"1974-04",1974,4,-0.272,-0.425,-1.522,1.517,0.881,863,863,100,1974-04-01
"1974-05",1974,5,-0.44,-0.756,-2.067,2.074,1.115,863,863,100,1974-05-01
"1974-06",1974,6,-0.086,-0.084,-0.908,0.738,0.337,863,863,100,1974-06-01
"1974-07",1974,7,-0.15,-0.095,-1.081,0.953,0.402,863,863,100,1974-07-01
"1974-08",1974,8,0.206,0.271,-1.028,1.103,0.535,863,863,100,1974-08-01
"1974-09",1974,9,0.392,0.494,-1.511,1.608,0.848,863,863,100,1974-09-01
"1974-10",1974,10,0.254,0.635,-1.197,1.222,0.783,863,863,100,1974-10-01
"1974-11",1974,11,0.5,1.018,-1.766,1.769,1.155,863,863,100,1974-11-01
"1974-12",1974,12,0.248,0.578,-1.272,1.265,0.841,863,863,100,1974-12-01
"1975-01",1975,1,0.234,0.559,-1.22,1.217,0.859,863,863,100,1975-01-01
"1975-02",1975,2,0.274,0.489,-1.408,1.5,0.927,863,863,100,1975-02-01
"1975-03",1975,3,0.333,0.616,-1.344,1.474,0.886,863,863,100,1975-03-01
"1975-04",1975,4,0.454,0.891,-1.517,1.6,0.994,863,863,100,1975-04-01
"1975-05",1975,5,0.397,0.744,-1.357,1.545,0.896,863,863,100,1975-05-01
"1975-06",1975,6,0.255,0.41,-0.876,1.108,0.467,863,863,100,1975-06-01
"1975-07",1975,7,0.291,0.522,-1.018,1.288,0.615,863,863,100,1975-07-01
"1975-08",1975,8,-0.054,-0.017,-1.021,0.535,0.31,863,863,100,1975-08-01
"1975-09",1975,9,0.252,0.347,-0.936,1.123,0.47,863,863,100,1975-09-01
"1975-10",1975,10,0.17,0.181,-0.943,1.056,0.43,863,863,100,1975-10-01
"1975-11",1975,11,-0.633,-1.076,-2.495,2.464,1.579,863,863,100,1975-11-01
"1975-12",1975,12,-0.698,-1.314,-2.465,2.462,1.649,863,863,100,1975-12-01
"1976-01",1976,1,-0.813,-1.507,-2.483,2.491,1.778,863,863,100,1976-01-01
"1976-02",1976,2,-0.77,-1.49,-2.26,2.249,1.605,863,863,100,1976-02-01
"1976-03",1976,3,-0.788,-1.529,-2.287,2.154,1.561,863,863,100,1976-03-01
"1976-04",1976,4,-0.586,-1.204,-1.852,1.755,1.251,863,863,100,1976-04-01
"1976-05",1976,5,-0.666,-1.207,-2.441,2.363,1.372,863,863,100,1976-05-01
"1976-06",1976,6,-0.898,-1.692,-2.636,2.301,1.802,863,863,100,1976-06-01
"1976-07",1976,7,-0.884,-1.807,-2.398,2.35,1.832,863,863,100,1976-07-01
"1976-08",1976,8,-0.931,-1.816,-2.615,2.595,1.956,863,863,100,1976-08-01
"1976-09",1976,9,-0.687,-1.329,-2.311,2.327,1.564,863,863,100,1976-09-01
"1976-10",1976,10,-0.578,-1.12,-1.953,1.923,1.271,863,863,100,1976-10-01
"1976-11",1976,11,-0.241,-0.398,-0.909,0.86,0.541,863,863,100,1976-11-01
"1976-12",1976,12,-0.42,-0.911,-1.499,1.552,0.886,863,863,100,1976-12-01
"1977-01",1977,1,-0.126,-0.342,-0.943,1.026,0.51,863,863,100,1977-01-01
"1977-02",1977,2,-0.096,-0.254,-0.962,1.072,0.465,863,863,100,1977-02-01
"1977-03",1977,3,-0.166,-0.508,-1.513,1.62,0.734,863,863,100,1977-03-01
"1977-04",1977,4,-0.02,-0.055,-0.87,0.954,0.403,863,863,100,1977-04-01
"1977-05",1977,5,-0.006,-0.034,-0.935,0.752,0.343,863,863,100,1977-05-01
"1977-06",1977,6,-0.071,-0.047,-0.931,0.691,0.351,863,863,100,1977-06-01
"1977-07",1977,7,-0.451,-0.842,-2.121,1.782,1.102,863,863,100,1977-07-01
"1977-08",1977,8,-0.339,-0.601,-1.689,1.456,0.835,863,863,100,1977-08-01
"1977-09",1977,9,-0.27,-0.495,-2.102,1.697,0.876,863,863,100,1977-09-01
"1977-10",1977,10,-0.22,-0.358,-2.043,1.749,0.698,863,863,100,1977-10-01
"1977-11",1977,11,-0.208,-0.259,-1.899,1.393,0.564,863,863,100,1977-11-01
"1977-12",1977,12,-0.009,-0.01,-1.088,0.829,0.336,863,863,100,1977-12-01
"1978-01",1978,1,0.33,0.4,-1.42,1.404,0.597,863,863,100,1978-01-01
"1978-02",1978,2,0.525,0.912,-1.625,1.604,0.921,863,863,100,1978-02-01
"1978-03",1978,3,0.437,0.788,-1.511,1.494,0.793,863,863,100,1978-03-01
"1978-04",1978,4,0.469,0.703,-1.757,1.743,0.792,863,863,100,1978-04-01
"1978-05",1978,5,0.434,0.713,-1.648,1.684,0.792,863,863,100,1978-05-01
"1978-06",1978,6,0.739,1.356,-2.069,2.123,1.259,863,863,100,1978-06-01
"1978-07",1978,7,0.91,1.756,-2.322,2.322,1.56,863,863,100,1978-07-01
"1978-08",1978,8,0.459,0.687,-1.838,1.838,0.784,863,863,100,1978-08-01
"1978-09",1978,9,0.237,0.231,-1.582,1.563,0.592,863,863,100,1978-09-01
"1978-10",1978,10,0.263,0.378,-1.036,1.121,0.473,863,863,100,1978-10-01
"1978-11",1978,11,0.12,0.107,-0.517,0.878,0.289,863,863,100,1978-11-01
"1978-12",1978,12,0.086,0.037,-0.56,0.86,0.298,863,863,100,1978-12-01
"1979-01",1979,1,0.284,0.323,-0.708,1.241,0.436,863,863,100,1979-01-01
"1979-02",1979,2,0.047,0.026,-0.398,0.596,0.205,863,863,100,1979-02-01
"1979-03",1979,3,0.084,0.076,-0.19,0.53,0.134,863,863,100,1979-03-01
"1979-04",1979,4,0.117,0.095,-0.658,0.804,0.296,863,863,100,1979-04-01
"1979-05",1979,5,-0.049,-0.085,-0.718,0.526,0.307,863,863,100,1979-05-01
"1979-06",1979,6,0.027,0.031,-0.644,0.736,0.297,863,863,100,1979-06-01
"1979-07",1979,7,0.086,0.105,-0.747,0.786,0.357,863,863,100,1979-07-01
"1979-08",1979,8,0.185,0.165,-1.424,1.319,0.531,863,863,100,1979-08-01
"1979-09",1979,9,0.212,0.22,-1.294,1.18,0.461,863,863,100,1979-09-01
"1979-10",1979,10,0.526,0.64,-1.97,1.823,0.904,863,863,100,1979-10-01
"1979-11",1979,11,0.919,1.641,-2.33,2.314,1.62,863,863,100,1979-11-01
"1979-12",1979,12,0.701,1.427,-1.971,1.983,1.344,863,863,100,1979-12-01
"1980-01",1980,1,0.787,1.577,-1.982,1.983,1.455,863,863,100,1980-01-01
"1980-02",1980,2,0.795,1.535,-1.845,1.923,1.365,863,863,100,1980-02-01
"1980-03",1980,3,0.729,1.358,-1.779,1.805,1.326,863,863,100,1980-03-01
"1980-04",1980,4,0.796,1.611,-1.866,1.979,1.472,863,863,100,1980-04-01
"1980-05",1980,5,0.628,1.316,-1.725,1.728,1.251,863,863,100,1980-05-01
"1980-06",1980,6,0.442,0.869,-1.783,1.8,1.15,863,863,100,1980-06-01
"1980-07",1980,7,0.358,0.697,-1.493,1.488,0.886,863,863,100,1980-07-01
"1980-08",1980,8,0.12,0.133,-0.8,0.935,0.503,863,863,100,1980-08-01
"1980-09",1980,9,-0.258,-0.272,-1.351,0.787,0.383,863,863,100,1980-09-01
"1980-10",1980,10,0.073,0.051,-0.699,0.728,0.385,863,863,100,1980-10-01
"1980-11",1980,11,0.068,0.137,-0.829,0.723,0.283,863,863,100,1980-11-01
"1980-12",1980,12,-0.437,-0.739,-1.592,1.556,0.731,863,863,100,1980-12-01
"1981-01",1981,1,-0.052,-0.057,-1.179,1.15,0.34,863,863,100,1981-01-01
"1981-02",1981,2,-0.06,-0.035,-1.067,1.024,0.39,863,863,100,1981-02-01
"1981-03",1981,3,0.205,0.22,-1.201,1.282,0.582,863,863,100,1981-03-01
"1981-04",1981,4,-0.073,-0.06,-1.369,1.298,0.567,863,863,100,1981-04-01
"1981-05",1981,5,-0.288,-0.51,-2.159,2.157,1.164,863,863,100,1981-05-01
"1981-06",1981,6,-0.297,-0.479,-2.086,2.099,1.031,863,863,100,1981-06-01
"1981-07",1981,7,-0.05,-0.122,-1.117,1.014,0.476,863,863,100,1981-07-01
"1981-08",1981,8,0.23,0.169,-0.635,1.057,0.337,863,863,100,1981-08-01
"1981-09",1981,9,0.263,0.232,-0.574,1.281,0.336,863,863,100,1981-09-01
"1981-10",1981,10,0.364,0.393,-0.811,1.425,0.39,863,863,100,1981-10-01
"1981-11",1981,11,0.348,0.372,-0.798,1.453,0.381,863,863,100,1981-11-01
"1981-12",1981,12,0.523,0.666,-1.143,1.435,0.566,863,863,100,1981-12-01
"1982-01",1982,1,0.005,-0.084,-1.493,1.428,0.763,863,863,100,1982-01-01
"1982-02",1982,2,-0.169,-0.386,-1.84,1.758,1.054,863,863,100,1982-02-01
"1982-03",1982,3,-0.061,-0.124,-1.447,1.41,0.858,863,863,100,1982-03-01
"1982-04",1982,4,0.093,0.144,-0.912,1.125,0.511,863,863,100,1982-04-01
"1982-05",1982,5,0.139,0.114,-0.975,1.006,0.432,863,863,100,1982-05-01
"1982-06",1982,6,0.383,0.376,-1.701,1.793,0.628,863,863,100,1982-06-01
"1982-07",1982,7,-0.109,-0.3,-1.419,1.466,0.872,863,863,100,1982-07-01
"1982-08",1982,8,-0.058,-0.049,-1.591,1.257,0.705,863,863,100,1982-08-01
"1982-09",1982,9,-0.263,-0.254,-1.688,1.351,0.823,863,863,100,1982-09-01
"1982-10",1982,10,-0.186,-0.181,-1.461,0.917,0.543,863,863,100,1982-10-01
"1982-11",1982,11,0.206,0.065,-1.109,1.514,0.639,863,863,100,1982-11-01
"1982-12",1982,12,0.355,0.315,-1.437,1.699,0.749,863,863,100,1982-12-01
"1983-01",1983,1,0.413,0.671,-1.35,1.476,0.829,863,863,100,1983-01-01
"1983-02",1983,2,0.383,0.641,-1.323,1.488,0.73,863,863,100,1983-02-01
"1983-03",1983,3,0.599,1.135,-1.768,1.808,1.095,863,863,100,1983-03-01
"1983-04",1983,4,0.732,1.383,-2.027,2.081,1.355,863,863,100,1983-04-01
"1983-05",1983,5,0.845,1.666,-2.081,2.155,1.577,863,863,100,1983-05-01
"1983-06",1983,6,0.047,0.049,-1.07,1.088,0.489,863,863,100,1983-06-01
"1983-07",1983,7,-0.396,-0.476,-2.063,2.058,1.208,863,863,100,1983-07-01
"1983-08",1983,8,-0.272,-0.149,-1.686,1.829,0.949,863,863,100,1983-08-01
"1983-09",1983,9,-0.305,-0.317,-1.604,1.785,0.94,863,863,100,1983-09-01
"1983-10",1983,10,-0.084,-0.135,-1.079,0.989,0.597,863,863,100,1983-10-01
"1983-11",1983,11,0.147,-0.042,-1.224,1.278,0.598,863,863,100,1983-11-01
"1983-12",1983,12,0.521,0.561,-1.722,2.026,1.01,863,863,100,1983-12-01
"1984-01",1984,1,0.206,0.466,-1.01,1.045,0.605,863,863,100,1984-01-01
"1984-02",1984,2,0.144,0.275,-1.118,1.163,0.581,863,863,100,1984-02-01
"1984-03",1984,3,0.167,0.26,-1.152,1.181,0.621,863,863,100,1984-03-01
"1984-04",1984,4,0.249,0.495,-1.264,1.311,0.747,863,863,100,1984-04-01
"1984-05",1984,5,0.095,0.146,-1.137,0.907,0.497,863,863,100,1984-05-01
"1984-06",1984,6,0.165,0.22,-0.983,1.075,0.469,863,863,100,1984-06-01
"1984-07",1984,7,0.342,0.454,-1.4,1.441,0.751,863,863,100,1984-07-01
"1984-08",1984,8,0.264,0.234,-1.294,1.356,0.728,863,863,100,1984-08-01
"1984-09",1984,9,0.16,0.178,-0.753,0.908,0.392,863,863,100,1984-09-01
"1984-10",1984,10,0.104,0.173,-0.536,0.559,0.284,863,863,100,1984-10-01
"1984-11",1984,11,0.2,0.212,-0.629,0.741,0.299,863,863,100,1984-11-01
"1984-12",1984,12,0.162,0.124,-0.813,0.911,0.323,863,863,100,1984-12-01
"1985-01",1985,1,0.46,0.691,-1.173,1.451,0.718,863,863,100,1985-01-01
"1985-02",1985,2,0.183,0.124,-1.063,1.106,0.444,863,863,100,1985-02-01
"1985-03",1985,3,0.195,0.125,-1.182,1.22,0.515,863,863,100,1985-03-01
"1985-04",1985,4,0.09,-0.094,-1.285,1.326,0.62,863,863,100,1985-04-01
"1985-05",1985,5,0.162,-0.056,-1.87,1.855,0.859,863,863,100,1985-05-01
"1985-06",1985,6,0.217,-0.096,-1.896,1.944,0.965,863,863,100,1985-06-01
"1985-07",1985,7,0.497,0.401,-2.238,2.286,1.395,863,863,100,1985-07-01
"1985-08",1985,8,0.593,0.965,-2.024,2.309,1.342,863,863,100,1985-08-01
"1985-09",1985,9,0.575,0.919,-1.738,1.826,1.04,863,863,100,1985-09-01
"1985-10",1985,10,0.25,0.407,-1.165,1.274,0.691,863,863,100,1985-10-01
"1985-11",1985,11,0.537,1.067,-1.64,1.649,1.067,863,863,100,1985-11-01
"1985-12",1985,12,0.808,1.703,-2.222,2.222,1.649,863,863,100,1985-12-01
"1986-01",1986,1,0.583,1.251,-1.701,1.698,1.232,863,863,100,1986-01-01
"1986-02",1986,2,0.573,1.206,-1.617,1.63,1.152,863,863,100,1986-02-01
"1986-03",1986,3,0.361,0.604,-1.181,1.223,0.688,863,863,100,1986-03-01
"1986-04",1986,4,0.135,0.278,-0.788,0.776,0.396,863,863,100,1986-04-01
"1986-05",1986,5,-0.098,-0.084,-0.892,0.512,0.276,863,863,100,1986-05-01
"1986-06",1986,6,-0.068,-0.067,-1.039,0.841,0.372,863,863,100,1986-06-01
"1986-07",1986,7,-0.111,-0.117,-0.767,0.552,0.269,863,863,100,1986-07-01
"1986-08",1986,8,0.281,0.557,-1.142,1.141,0.669,863,863,100,1986-08-01
"1986-09",1986,9,0.128,0.064,-0.955,1.054,0.481,863,863,100,1986-09-01
"1986-10",1986,10,0.478,0.481,-1.969,2.094,0.988,863,863,100,1986-10-01
"1986-11",1986,11,0.189,0.057,-1.185,1.3,0.524,863,863,100,1986-11-01
"1986-12",1986,12,0.386,0.6,-1.48,1.503,0.756,863,863,100,1986-12-01
"1987-01",1987,1,0.391,0.677,-1.252,1.296,0.726,863,863,100,1987-01-01
"1987-02",1987,2,0.32,0.602,-0.93,1.133,0.577,863,863,100,1987-02-01
"1987-03",1987,3,0.24,0.313,-0.792,0.943,0.423,863,863,100,1987-03-01
"1987-04",1987,4,0.205,0.238,-1.118,1.169,0.614,863,863,100,1987-04-01
"1987-05",1987,5,0.095,0.167,-1.195,1.124,0.482,863,863,100,1987-05-01
"1987-06",1987,6,0.243,0.175,-1.671,2.026,1.102,863,863,100,1987-06-01
"1987-07",1987,7,0.123,0.12,-1.465,1.572,0.863,863,863,100,1987-07-01
"1987-08",1987,8,0.121,0.117,-1.212,1.316,0.55,863,863,100,1987-08-01
"1987-09",1987,9,0.217,0.133,-1.916,2.051,0.993,863,863,100,1987-09-01
"1987-10",1987,10,0.432,0.555,-2.122,2.169,1.22,863,863,100,1987-10-01
"1987-11",1987,11,0.415,0.502,-2.047,2.081,1.22,863,863,100,1987-11-01
"1987-12",1987,12,0.614,0.924,-2.121,2.178,1.365,863,863,100,1987-12-01
"1988-01",1988,1,0.575,0.763,-2.073,2.116,1.255,863,863,100,1988-01-01
"1988-02",1988,2,0.391,0.54,-1.614,1.64,0.869,863,863,100,1988-02-01
"1988-03",1988,3,0.269,0.39,-1.43,1.47,0.74,863,863,100,1988-03-01
"1988-04",1988,4,0.258,0.307,-1.36,1.408,0.707,863,863,100,1988-04-01
"1988-05",1988,5,0.018,0.209,-1.437,1.332,0.672,863,863,100,1988-05-01
"1988-06",1988,6,-0.005,0.013,-1.561,1.517,0.631,863,863,100,1988-06-01
"1988-07",1988,7,-0.02,-0.01,-1.639,1.647,0.588,863,863,100,1988-07-01
"1988-08",1988,8,-0.096,-0.177,-1.267,1.182,0.455,863,863,100,1988-08-01
"1988-09",1988,9,-0.223,-0.331,-1.418,1.12,0.626,863,863,100,1988-09-01
"1988-10",1988,10,0.014,0.019,-0.972,1.015,0.44,863,863,100,1988-10-01
"1988-11",1988,11,0.139,0.08,-1.074,1.117,0.409,863,863,100,1988-11-01
"1988-12",1988,12,0.095,0.059,-1.028,1.076,0.363,863,863,100,1988-12-01
"1989-01",1989,1,-0.227,-0.162,-1.533,1.498,0.726,863,863,100,1989-01-01
"1989-02",1989,2,0.168,0.04,-1.323,1.322,0.565,863,863,100,1989-02-01
"1989-03",1989,3,0.215,0.157,-1.261,1.304,0.492,863,863,100,1989-03-01
"1989-04",1989,4,0.299,0.375,-1.006,1.206,0.488,863,863,100,1989-04-01
"1989-05",1989,5,0.418,0.671,-1.294,1.522,0.766,863,863,100,1989-05-01
"1989-06",1989,6,0.525,0.89,-1.869,1.967,1.138,863,863,100,1989-06-01
"1989-07",1989,7,0.329,0.566,-1.276,1.363,0.724,863,863,100,1989-07-01
"1989-08",1989,8,0.145,0.203,-0.764,1.121,0.46,863,863,100,1989-08-01
"1989-09",1989,9,0.457,0.772,-1.44,1.81,0.919,863,863,100,1989-09-01
"1989-10",1989,10,0.469,0.913,-1.629,1.518,0.965,863,863,100,1989-10-01
"1989-11",1989,11,0.234,0.469,-0.975,1.127,0.577,863,863,100,1989-11-01
"1989-12",1989,12,-0.017,0.028,-0.834,0.692,0.281,863,863,100,1989-12-01
"1990-01",1990,1,-0.166,-0.118,-1.389,0.971,0.515,863,863,100,1990-01-01
"1990-02",1990,2,-0.15,-0.098,-1.351,0.751,0.458,863,863,100,1990-02-01
"1990-03",1990,3,-0.067,-0.034,-0.955,0.892,0.424,863,863,100,1990-03-01
"1990-04",1990,4,-0.019,-0.069,-0.498,0.38,0.221,863,863,100,1990-04-01
"1990-05",1990,5,-0.16,-0.154,-0.924,0.605,0.305,863,863,100,1990-05-01
"1990-06",1990,6,-0.427,-0.756,-1.677,1.237,0.797,863,863,100,1990-06-01
"1990-07",1990,7,-0.307,-0.342,-1.386,1.141,0.541,863,863,100,1990-07-01
"1990-08",1990,8,-0.072,-0.101,-0.852,0.535,0.311,863,863,100,1990-08-01
"1990-09",1990,9,0.45,0.831,-1.292,1.492,0.869,863,863,100,1990-09-01
"1990-10",1990,10,-0.023,-0.023,-0.801,0.809,0.299,863,863,100,1990-10-01
"1990-11",1990,11,-0.339,-0.386,-1.757,0.905,0.58,863,863,100,1990-11-01
"1990-12",1990,12,-0.449,-0.651,-1.852,1.015,0.679,863,863,100,1990-12-01
"1991-01",1991,1,-0.163,-0.127,-0.995,0.379,0.273,863,863,100,1991-01-01
"1991-02",1991,2,-0.241,-0.213,-1.062,0.59,0.329,863,863,100,1991-02-01
"1991-03",1991,3,0.045,0.133,-1.077,1.076,0.571,863,863,100,1991-03-01
"1991-04",1991,4,0.179,0.429,-1.143,1.13,0.708,863,863,100,1991-04-01
"1991-05",1991,5,0.404,0.816,-1.469,1.493,0.979,863,863,100,1991-05-01
"1991-06",1991,6,0.032,-0.02,-0.746,0.954,0.381,863,863,100,1991-06-01
"1991-07",1991,7,0.022,0.012,-0.555,0.673,0.259,863,863,100,1991-07-01
"1991-08",1991,8,-0.036,-0.036,-0.669,0.789,0.307,863,863,100,1991-08-01
"1991-09",1991,9,0.32,0.659,-1.566,1.599,0.903,863,863,100,1991-09-01
"1991-10",1991,10,0.283,0.338,-0.998,1.548,0.624,863,863,100,1991-10-01
"1991-11",1991,11,-0.002,0.016,-1.384,1.407,0.556,863,863,100,1991-11-01
"1991-12",1991,12,-0.312,-0.157,-2.371,2.392,1.064,863,863,100,1991-12-01
"1992-01",1992,1,-0.401,-0.269,-2.388,2.39,1.142,863,863,100,1992-01-01
"1992-02",1992,2,-0.397,-0.369,-2.284,2.311,1.206,863,863,100,1992-02-01
"1992-03",1992,3,-0.122,-0.043,-1.623,1.617,0.769,863,863,100,1992-03-01
"1992-04",1992,4,-0.12,-0.035,-1.545,1.535,0.694,863,863,100,1992-04-01
"1992-05",1992,5,0.083,0.158,-1.444,1.293,0.724,863,863,100,1992-05-01
"1992-06",1992,6,0.33,0.074,-1.878,1.976,0.88,863,863,100,1992-06-01
"1992-07",1992,7,0.517,0.716,-2.199,2.396,1.212,863,863,100,1992-07-01
"1992-08",1992,8,0.681,1.251,-2.343,2.463,1.423,863,863,100,1992-08-01
"1992-09",1992,9,0.059,0.071,-1.462,1.645,0.782,863,863,100,1992-09-01
"1992-10",1992,10,0.002,0.075,-1.472,1.339,0.658,863,863,100,1992-10-01
"1992-11",1992,11,0.037,0.079,-1.004,0.849,0.439,863,863,100,1992-11-01
"1992-12",1992,12,0.007,0.025,-0.877,0.715,0.259,863,863,100,1992-12-01
"1993-01",1993,1,0.335,0.654,-1.001,1.105,0.664,863,863,100,1993-01-01
"1993-02",1993,2,0.492,0.975,-1.482,1.577,1.004,863,863,100,1993-02-01
"1993-03",1993,3,0.424,0.768,-1.627,1.666,1.047,863,863,100,1993-03-01
"1993-04",1993,4,0.225,0.409,-1.049,1.124,0.542,863,863,100,1993-04-01
"1993-05",1993,5,-0.032,-0.055,-0.694,0.841,0.303,863,863,100,1993-05-01
"1993-06",1993,6,-0.595,-1.067,-2.163,1.989,1.296,863,863,100,1993-06-01
"1993-07",1993,7,-0.668,-1.375,-2.395,2.06,1.437,863,863,100,1993-07-01
"1993-08",1993,8,-0.634,-1.153,-2.344,2.127,1.368,863,863,100,1993-08-01
"1993-09",1993,9,-0.102,-0.113,-1.569,1.476,0.718,863,863,100,1993-09-01
"1993-10",1993,10,0.135,-0.081,-0.925,1.754,0.673,863,863,100,1993-10-01
"1993-11",1993,11,-0.013,-0.037,-0.893,0.887,0.354,863,863,100,1993-11-01
"1993-12",1993,12,0.161,0.199,-0.788,1.111,0.43,863,863,100,1993-12-01
"1994-01",1994,1,-0.12,-0.135,-1.182,0.991,0.605,863,863,100,1994-01-01
"1994-02",1994,2,-0.254,-0.318,-1.438,1.188,0.723,863,863,100,1994-02-01
"1994-03",1994,3,-0.194,-0.352,-1.006,0.862,0.46,863,863,100,1994-03-01
"1994-04",1994,4,-0.198,-0.363,-0.857,0.853,0.406,863,863,100,1994-04-01
"1994-05",1994,5,0.023,0.02,-0.458,0.561,0.228,863,863,100,1994-05-01
"1994-06",1994,6,0.076,0.049,-0.464,0.62,0.224,863,863,100,1994-06-01
"1994-07",1994,7,0.063,-0.016,-0.707,0.864,0.317,863,863,100,1994-07-01
"1994-08",1994,8,0.126,0.217,-0.817,0.899,0.415,863,863,100,1994-08-01
"1994-09",1994,9,-0.154,-0.183,-1.093,1.227,0.359,863,863,100,1994-09-01
"1994-10",1994,10,-0.066,-0.082,-0.995,0.99,0.303,863,863,100,1994-10-01
"1994-11",1994,11,-0.273,-0.351,-1.348,0.933,0.536,863,863,100,1994-11-01
"1994-12",1994,12,-0.217,-0.277,-1.354,0.742,0.525,863,863,100,1994-12-01
"1995-01",1995,1,0.147,0.105,-1.093,1.255,0.474,863,863,100,1995-01-01
"1995-02",1995,2,0.129,0.074,-1.039,1.209,0.413,863,863,100,1995-02-01
"1995-03",1995,3,0.167,0.113,-0.852,1.223,0.345,863,863,100,1995-03-01
"1995-04",1995,4,0.157,0.07,-0.958,0.935,0.314,863,863,100,1995-04-01
"1995-05",1995,5,0.395,0.57,-1.459,1.546,0.693,863,863,100,1995-05-01
"1995-06",1995,6,0.476,0.839,-1.362,1.533,0.829,863,863,100,1995-06-01
"1995-07",1995,7,0.188,0.225,-0.695,0.96,0.442,863,863,100,1995-07-01
"1995-08",1995,8,0.078,0.082,-0.442,0.671,0.249,863,863,100,1995-08-01
"1995-09",1995,9,0.41,0.778,-1.258,1.538,0.838,863,863,100,1995-09-01
"1995-10",1995,10,0.278,0.464,-1.501,1.725,0.728,863,863,100,1995-10-01
"1995-11",1995,11,0.02,-0.036,-1.098,1.279,0.488,863,863,100,1995-11-01
"1995-12",1995,12,0.002,-0.084,-1.087,1.003,0.472,863,863,100,1995-12-01
"1996-01",1996,1,-0.308,-0.509,-1.48,1.003,0.662,863,863,100,1996-01-01
"1996-02",1996,2,-0.159,-0.171,-1.151,1.114,0.395,863,863,100,1996-02-01
"1996-03",1996,3,-0.043,0.021,-0.868,0.726,0.271,863,863,100,1996-03-01
"1996-04",1996,4,-0.453,-0.944,-1.491,1.495,0.955,863,863,100,1996-04-01
"1996-05",1996,5,-0.559,-0.988,-2.043,1.944,1.188,863,863,100,1996-05-01
"1996-06",1996,6,-0.552,-0.891,-2.171,2.171,1.075,863,863,100,1996-06-01
"1996-07",1996,7,-0.423,-0.8,-1.645,1.429,0.951,863,863,100,1996-07-01
"1996-08",1996,8,-0.505,-0.823,-1.728,1.71,0.863,863,863,100,1996-08-01
"1996-09",1996,9,-0.459,-0.704,-1.457,1.526,0.696,863,863,100,1996-09-01
"1996-10",1996,10,-0.46,-0.677,-1.783,1.581,0.855,863,863,100,1996-10-01
"1996-11",1996,11,-0.462,-0.851,-2.197,2.104,1.201,863,863,100,1996-11-01
"1996-12",1996,12,-0.326,-0.513,-2.083,2.003,1.094,863,863,100,1996-12-01
"1997-01",1997,1,-0.41,-0.564,-2.233,2.149,1.293,863,863,100,1997-01-01
"1997-02",1997,2,-0.376,-0.448,-2.023,1.952,1.162,863,863,100,1997-02-01
"1997-03",1997,3,-0.648,-1.053,-2.386,2.384,1.527,863,863,100,1997-03-01
"1997-04",1997,4,-0.628,-1.08,-2.418,2.195,1.435,863,863,100,1997-04-01
"1997-05",1997,5,-0.481,-0.726,-2.397,2.061,1.217,863,863,100,1997-05-01
"1997-06",1997,6,-0.542,-1.033,-2.203,1.751,1.144,863,863,100,1997-06-01
"1997-07",1997,7,-0.376,-0.564,-1.282,1.391,0.671,863,863,100,1997-07-01
"1997-08",1997,8,-0.247,-0.2,-1.156,1.218,0.382,863,863,100,1997-08-01
"1997-09",1997,9,-0.243,-0.233,-0.943,0.675,0.355,863,863,100,1997-09-01
"1997-10",1997,10,-0.3,-0.402,-1.388,1.071,0.592,863,863,100,1997-10-01
"1997-11",1997,11,0.041,0.066,-0.663,0.707,0.356,863,863,100,1997-11-01
"1997-12",1997,12,-0.163,-0.171,-1.175,0.964,0.51,863,863,100,1997-12-01
"1998-01",1998,1,0.088,0.03,-1.155,1.351,0.501,863,863,100,1998-01-01
"1998-02",1998,2,0.338,0.328,-1.5,1.766,0.675,863,863,100,1998-02-01
"1998-03",1998,3,0.417,0.655,-1.208,1.44,0.733,863,863,100,1998-03-01
"1998-04",1998,4,0.442,0.747,-1.659,1.766,0.946,863,863,100,1998-04-01
"1998-05",1998,5,0.486,0.897,-1.804,1.794,1.156,863,863,100,1998-05-01
"1998-06",1998,6,0.414,0.73,-1.444,1.619,0.918,863,863,100,1998-06-01
"1998-07",1998,7,0.272,0.483,-1.306,1.357,0.74,863,863,100,1998-07-01
"1998-08",1998,8,0.313,0.575,-1.387,1.44,0.823,863,863,100,1998-08-01
"1998-09",1998,9,0.58,1.073,-1.897,1.984,1.26,863,863,100,1998-09-01
"1998-10",1998,10,0.122,0.151,-1.074,1.065,0.47,863,863,100,1998-10-01
"1998-11",1998,11,0.299,0.494,-1.611,1.605,0.726,863,863,100,1998-11-01
"1998-12",1998,12,0.002,-0.038,-1.044,0.931,0.278,863,863,100,1998-12-01
"1999-01",1999,1,-0.066,-0.058,-1.105,0.83,0.332,863,863,100,1999-01-01
"1999-02",1999,2,-0.108,-0.086,-0.942,0.553,0.289,863,863,100,1999-02-01
"1999-03",1999,3,-0.061,-0.035,-0.819,0.623,0.304,863,863,100,1999-03-01
"1999-04",1999,4,0.006,0.008,-0.806,0.77,0.321,863,863,100,1999-04-01
"1999-05",1999,5,-0.247,-0.205,-1.615,1.544,0.688,863,863,100,1999-05-01
"1999-06",1999,6,-0.24,-0.336,-1.277,1.182,0.629,863,863,100,1999-06-01
"1999-07",1999,7,-0.245,-0.179,-1.76,1.67,0.767,863,863,100,1999-07-01
"1999-08",1999,8,-0.469,-0.819,-1.97,1.873,0.943,863,863,100,1999-08-01
"1999-09",1999,9,-0.34,-0.574,-1.519,1.446,0.719,863,863,100,1999-09-01
"1999-10",1999,10,0.004,0.014,-0.762,0.704,0.32,863,863,100,1999-10-01
"1999-11",1999,11,0.063,0.08,-0.925,0.885,0.439,863,863,100,1999-11-01
"1999-12",1999,12,0.136,0.246,-1.078,1.018,0.531,863,863,100,1999-12-01
"2000-01",2000,1,0.326,0.603,-1.54,1.564,0.841,863,863,100,2000-01-01
"2000-02",2000,2,0.541,1.052,-1.807,1.794,1.139,863,863,100,2000-02-01
"2000-03",2000,3,0.401,0.699,-1.498,1.53,0.869,863,863,100,2000-03-01
"2000-04",2000,4,0.425,0.8,-1.621,1.657,0.96,863,863,100,2000-04-01
"2000-05",2000,5,0.291,0.493,-1.186,1.297,0.702,863,863,100,2000-05-01
"2000-06",2000,6,0.279,0.424,-0.858,1.172,0.546,863,863,100,2000-06-01
"2000-07",2000,7,0.011,0.035,-1.588,1.565,0.52,863,863,100,2000-07-01
"2000-08",2000,8,-0.031,0.03,-1.713,1.767,0.603,863,863,100,2000-08-01
"2000-09",2000,9,-0.024,0.05,-1.571,1.556,0.602,863,863,100,2000-09-01
"2000-10",2000,10,-0.175,-0.215,-1.524,1.537,0.718,863,863,100,2000-10-01
"2000-11",2000,11,-0.018,0.023,-1.079,1.127,0.465,863,863,100,2000-11-01
"2000-12",2000,12,0.166,0.137,-0.54,1.148,0.368,863,863,100,2000-12-01
"2001-01",2001,1,0.265,0.398,-0.662,1.22,0.45,863,863,100,2001-01-01
"2001-02",2001,2,0.432,0.803,-1.16,1.495,0.797,863,863,100,2001-02-01
"2001-03",2001,3,0.387,0.725,-0.967,1.196,0.653,863,863,100,2001-03-01
"2001-04",2001,4,0.289,0.58,-1.251,1.345,0.692,863,863,100,2001-04-01
"2001-05",2001,5,0.174,0.219,-0.82,1.056,0.389,863,863,100,2001-05-01
"2001-06",2001,6,-0.032,0.037,-1.357,1.284,0.417,863,863,100,2001-06-01
"2001-07",2001,7,-0.031,-0.067,-0.979,0.972,0.391,863,863,100,2001-07-01
"2001-08",2001,8,-0.239,-0.218,-1.595,1.63,0.532,863,863,100,2001-08-01
"2001-09",2001,9,-0.234,-0.162,-1.716,1.698,0.622,863,863,100,2001-09-01
"2001-10",2001,10,-0.225,-0.191,-2.038,1.902,0.738,863,863,100,2001-10-01
"2001-11",2001,11,-0.426,-0.272,-2.15,1.773,0.925,863,863,100,2001-11-01
"2001-12",2001,12,-0.247,-0.142,-1.696,1.359,0.694,863,863,100,2001-12-01
"2002-01",2002,1,-0.122,-0.041,-1.527,1.096,0.64,863,863,100,2002-01-01
"2002-02",2002,2,-0.111,-0.029,-1.323,1.041,0.669,863,863,100,2002-02-01
"2002-03",2002,3,-0.184,-0.163,-1.187,0.977,0.635,863,863,100,2002-03-01
"2002-04",2002,4,-0.308,-0.522,-1.653,1.443,0.838,863,863,100,2002-04-01
"2002-05",2002,5,-0.415,-0.871,-2.058,1.974,1.164,863,863,100,2002-05-01
"2002-06",2002,6,-0.387,-0.657,-2.431,2.436,1.259,863,863,100,2002-06-01
"2002-07",2002,7,-0.174,-0.218,-1.671,1.728,0.866,863,863,100,2002-07-01
"2002-08",2002,8,0.101,0.003,-0.876,0.921,0.43,863,863,100,2002-08-01
"2002-09",2002,9,-0.193,-0.15,-1.223,1.245,0.684,863,863,100,2002-09-01
"2002-10",2002,10,0.331,0.452,-1.215,1.321,0.563,863,863,100,2002-10-01
"2002-11",2002,11,0.375,0.403,-1.51,1.591,0.696,863,863,100,2002-11-01
"2002-12",2002,12,0.64,0.959,-2.01,2.071,1.159,863,863,100,2002-12-01
"2003-01",2003,1,0.502,0.631,-1.836,1.964,0.956,863,863,100,2003-01-01
"2003-02",2003,2,0.655,1.125,-1.885,1.952,1.126,863,863,100,2003-02-01
"2003-03",2003,3,0.39,0.497,-1.548,1.582,0.696,863,863,100,2003-03-01
"2003-04",2003,4,0.186,0.318,-0.977,1.061,0.478,863,863,100,2003-04-01
"2003-05",2003,5,0.176,0.181,-1.24,1.356,0.597,863,863,100,2003-05-01
"2003-06",2003,6,0.267,0.35,-1.552,1.676,0.812,863,863,100,2003-06-01
"2003-07",2003,7,0.246,0.389,-1.52,1.621,0.735,863,863,100,2003-07-01
"2003-08",2003,8,0.139,0.278,-0.771,1.174,0.528,863,863,100,2003-08-01
"2003-09",2003,9,-0.032,0.023,-1.152,1.033,0.419,863,863,100,2003-09-01
"2003-10",2003,10,-0.249,-0.32,-1.097,1.047,0.409,863,863,100,2003-10-01
"2003-11",2003,11,0.01,0.066,-0.735,0.749,0.296,863,863,100,2003-11-01
"2003-12",2003,12,0.281,0.643,-1.339,1.316,0.776,863,863,100,2003-12-01
"2004-01",2004,1,0.275,0.503,-1.253,1.232,0.707,863,863,100,2004-01-01
"2004-02",2004,2,0.456,0.834,-1.536,1.52,0.937,863,863,100,2004-02-01
"2004-03",2004,3,0.327,0.618,-1.218,1.19,0.74,863,863,100,2004-03-01
"2004-04",2004,4,0.552,1.122,-1.481,1.543,1.079,863,863,100,2004-04-01
"2004-05",2004,5,0.538,0.967,-1.309,1.373,0.877,863,863,100,2004-05-01
"2004-06",2004,6,0.374,0.522,-1.221,1.219,0.581,863,863,100,2004-06-01
"2004-07",2004,7,0.173,0.164,-1.094,1.113,0.364,863,863,100,2004-07-01
"2004-08",2004,8,-0.136,-0.088,-1.176,1.044,0.467,863,863,100,2004-08-01
"2004-09",2004,9,-0.289,-0.476,-1.473,1.509,0.77,863,863,100,2004-09-01
"2004-10",2004,10,-0.257,-0.509,-1.667,1.539,0.788,863,863,100,2004-10-01
"2004-11",2004,11,-0.601,-1.213,-2.017,2.031,1.313,863,863,100,2004-11-01
"2004-12",2004,12,-0.615,-1.237,-2.076,2.074,1.336,863,863,100,2004-12-01
"2005-01",2005,1,-0.663,-1.292,-2.071,1.927,1.311,863,863,100,2005-01-01
"2005-02",2005,2,-0.554,-0.909,-2.05,1.88,1.107,863,863,100,2005-02-01
"2005-03",2005,3,-0.568,-1.004,-2.019,1.988,1.182,863,863,100,2005-03-01
"2005-04",2005,4,-0.406,-0.76,-1.756,1.859,1.066,863,863,100,2005-04-01
"2005-05",2005,5,-0.282,-0.596,-1.519,1.468,0.864,863,863,100,2005-05-01
"2005-06",2005,6,-0.317,-0.586,-1.519,1.556,0.777,863,863,100,2005-06-01
"2005-07",2005,7,-0.587,-1.208,-2.008,1.991,1.203,863,863,100,2005-07-01
"2005-08",2005,8,-0.658,-1.358,-2.136,2.08,1.381,863,863,100,2005-08-01
"2005-09",2005,9,-0.543,-0.914,-1.933,1.84,1.073,863,863,100,2005-09-01
"2005-10",2005,10,-0.601,-0.925,-2.136,1.886,1.113,863,863,100,2005-10-01
"2005-11",2005,11,-0.283,-0.314,-1.231,1.109,0.617,863,863,100,2005-11-01
"2005-12",2005,12,-0.052,-0.076,-0.73,0.996,0.392,863,863,100,2005-12-01
"2006-01",2006,1,-0.013,-0.073,-0.831,1.143,0.395,863,863,100,2006-01-01
"2006-02",2006,2,0.143,0.121,-0.701,1.044,0.392,863,863,100,2006-02-01
"2006-03",2006,3,0.197,0.263,-0.739,1.129,0.401,863,863,100,2006-03-01
"2006-04",2006,4,0.306,0.583,-1.224,1.259,0.69,863,863,100,2006-04-01
"2006-05",2006,5,0.368,0.752,-1.266,1.474,0.863,863,863,100,2006-05-01
"2006-06",2006,6,0.693,1.423,-2.099,2.202,1.519,863,863,100,2006-06-01
"2006-07",2006,7,0.423,0.72,-1.906,1.868,1.058,863,863,100,2006-07-01
"2006-08",2006,8,0.689,1.374,-2.158,2.248,1.469,863,863,100,2006-08-01
"2006-09",2006,9,0.808,1.616,-2.203,2.228,1.573,863,863,100,2006-09-01
"2006-10",2006,10,0.532,0.849,-2.085,2.133,1.147,863,863,100,2006-10-01
"2006-11",2006,11,0.109,0.133,-1.539,1.554,0.768,863,863,100,2006-11-01
"2006-12",2006,12,-0.086,-0.162,-1.215,1.187,0.651,863,863,100,2006-12-01
"2007-01",2007,1,-0.292,-0.122,-1.715,1.377,0.8,863,863,100,2007-01-01
"2007-02",2007,2,-0.349,-0.389,-1.61,1.389,0.814,863,863,100,2007-02-01
"2007-03",2007,3,-0.701,-0.998,-2.51,2.038,1.314,863,863,100,2007-03-01
"2007-04",2007,4,-0.832,-1.456,-2.505,2.1,1.487,863,863,100,2007-04-01
"2007-05",2007,5,-0.682,-0.846,-2.372,1.864,1.254,863,863,100,2007-05-01
"2007-06",2007,6,-0.822,-1.376,-2.53,2.519,1.688,863,863,100,2007-06-01
"2007-07",2007,7,-0.732,-1.026,-2.558,2.516,1.68,863,863,100,2007-07-01
"2007-08",2007,8,-0.818,-1.539,-2.631,2.631,1.849,863,863,100,2007-08-01
"2007-09",2007,9,-0.687,-1.23,-2.236,2.252,1.521,863,863,100,2007-09-01
"2007-10",2007,10,-0.735,-1.312,-2.302,2.321,1.623,863,863,100,2007-10-01
"2007-11",2007,11,-0.665,-1.415,-2.163,2.144,1.489,863,863,100,2007-11-01
"2007-12",2007,12,-0.482,-1.033,-1.805,1.814,1.141,863,863,100,2007-12-01
"2008-01",2008,1,-0.274,-0.571,-1.132,1.182,0.696,863,863,100,2008-01-01
"2008-02",2008,2,-0.24,-0.458,-1.188,1.256,0.617,863,863,100,2008-02-01
"2008-03",2008,3,-0.139,-0.088,-1.387,1.318,0.575,863,863,100,2008-03-01
"2008-04",2008,4,-0.064,-0.042,-0.971,0.888,0.417,863,863,100,2008-04-01
"2008-05",2008,5,-0.003,-0.071,-0.87,0.73,0.397,863,863,100,2008-05-01
"2008-06",2008,6,0.216,0.431,-1.51,1.431,0.814,863,863,100,2008-06-01
"2008-07",2008,7,0.284,0.69,-1.795,1.626,0.996,863,863,100,2008-07-01
"2008-08",2008,8,-0.143,-0.194,-1.048,0.958,0.407,863,863,100,2008-08-01
"2008-09",2008,9,0.209,0.293,-1.494,1.468,0.733,863,863,100,2008-09-01
"2008-10",2008,10,0.323,0.546,-1.595,1.618,0.903,863,863,100,2008-10-01
"2008-11",2008,11,-0.08,-0.065,-1.107,0.807,0.345,863,863,100,2008-11-01
"2008-12",2008,12,-0.077,-0.14,-0.691,0.615,0.288,863,863,100,2008-12-01
"2009-01",2009,1,-0.052,-0.091,-0.694,0.799,0.297,863,863,100,2009-01-01
"2009-02",2009,2,0.034,0.081,-0.644,0.678,0.308,863,863,100,2009-02-01
"2009-03",2009,3,-0.034,-0.018,-0.737,0.519,0.257,863,863,100,2009-03-01
"2009-04",2009,4,-0.107,-0.14,-1.011,0.765,0.35,863,863,100,2009-04-01
"2009-05",2009,5,-0.116,-0.245,-0.909,0.922,0.497,863,863,100,2009-05-01
"2009-06",2009,6,0.053,0.017,-0.604,0.792,0.255,863,863,100,2009-06-01
"2009-07",2009,7,0.054,0.034,-0.591,0.771,0.256,863,863,100,2009-07-01
"2009-08",2009,8,0.286,0.416,-0.782,0.945,0.416,863,863,100,2009-08-01
"2009-09",2009,9,0.25,0.266,-0.898,1.173,0.447,863,863,100,2009-09-01
"2009-10",2009,10,0.15,0.133,-0.715,0.81,0.302,863,863,100,2009-10-01
"2009-11",2009,11,-0.121,-0.006,-1.255,0.475,0.399,863,863,100,2009-11-01
"2009-12",2009,12,0.242,0.4,-1.281,1.287,0.546,863,863,100,2009-12-01
"2010-01",2010,1,0.355,0.641,-1.206,1.222,0.691,863,863,100,2010-01-01
"2010-02",2010,2,0.564,1.036,-1.543,1.562,1.006,863,863,100,2010-02-01
"2010-03",2010,3,0.639,1.221,-1.765,1.908,1.257,863,863,100,2010-03-01
"2010-04",2010,4,0.68,1.189,-1.573,1.775,1.051,863,863,100,2010-04-01
"2010-05",2010,5,0.573,0.826,-1.578,1.717,0.746,863,863,100,2010-05-01
"2010-06",2010,6,0.566,0.89,-1.764,1.83,0.891,863,863,100,2010-06-01
"2010-07",2010,7,0.868,1.661,-2.297,2.323,1.635,863,863,100,2010-07-01
"2010-08",2010,8,0.824,1.541,-2.061,2.135,1.504,863,863,100,2010-08-01
"2010-09",2010,9,0.197,0.139,-1.248,1.326,0.68,863,863,100,2010-09-01
"2010-10",2010,10,0.119,-0.014,-1.183,1.326,0.774,863,863,100,2010-10-01
"2010-11",2010,11,0.15,-0.099,-1.199,1.483,0.707,863,863,100,2010-11-01
"2010-12",2010,12,0.308,0.214,-1.231,1.404,0.768,863,863,100,2010-12-01
"2011-01",2011,1,-0.022,-0.07,-0.646,0.74,0.381,863,863,100,2011-01-01
"2011-02",2011,2,-0.246,-0.306,-1.171,0.945,0.554,863,863,100,2011-02-01
"2011-03",2011,3,-0.208,-0.269,-1.105,0.927,0.522,863,863,100,2011-03-01
"2011-04",2011,4,-0.118,-0.135,-0.976,0.945,0.488,863,863,100,2011-04-01
"2011-05",2011,5,-0.612,-1.192,-2.249,2.099,1.464,863,863,100,2011-05-01
"2011-06",2011,6,-0.518,-1.156,-1.995,2.151,1.395,863,863,100,2011-06-01
"2011-07",2011,7,-0.906,-1.84,-2.492,2.466,1.901,863,863,100,2011-07-01
"2011-08",2011,8,-0.717,-1.418,-2.047,1.936,1.406,863,863,100,2011-08-01
"2011-09",2011,9,-0.877,-1.546,-2.529,2.408,1.696,863,863,100,2011-09-01
"2011-10",2011,10,-0.591,-0.629,-2.186,1.869,1.105,863,863,100,2011-10-01
"2011-11",2011,11,-0.665,-0.855,-2.385,2.098,1.344,863,863,100,2011-11-01
"2011-12",2011,12,-0.643,-0.656,-2.449,1.949,1.258,863,863,100,2011-12-01
"2012-01",2012,1,-0.782,-0.881,-2.696,2.336,1.59,863,863,100,2012-01-01
"2012-02",2012,2,-0.633,-0.693,-2.297,1.997,1.32,863,863,100,2012-02-01
"2012-03",2012,3,-0.558,-0.559,-2.131,1.81,1.179,863,863,100,2012-03-01
"2012-04",2012,4,-0.608,-1.135,-2.051,2.141,1.352,863,863,100,2012-04-01
"2012-05",2012,5,-0.309,-0.347,-1.505,1.323,0.814,863,863,100,2012-05-01
"2012-06",2012,6,-0.512,-0.603,-2.241,2.107,1.003,863,863,100,2012-06-01
"2012-07",2012,7,-0.29,-0.182,-1.617,1.33,0.532,863,863,100,2012-07-01
"2012-08",2012,8,-0.119,-0.134,-0.714,0.633,0.283,863,863,100,2012-08-01
"2012-09",2012,9,0.297,0.687,-1.668,1.626,0.95,863,863,100,2012-09-01
"2012-10",2012,10,0.271,0.612,-1.238,1.203,0.746,863,863,100,2012-10-01
"2012-11",2012,11,0.449,0.802,-1.525,1.619,0.972,863,863,100,2012-11-01
"2012-12",2012,12,0.541,0.848,-1.846,1.998,1.186,863,863,100,2012-12-01
"2013-01",2013,1,0.697,1.281,-2.164,2.224,1.479,863,863,100,2013-01-01
"2013-02",2013,2,0.531,1.088,-1.997,1.988,1.346,863,863,100,2013-02-01
"2013-03",2013,3,0.481,0.951,-1.918,1.929,1.235,863,863,100,2013-03-01
"2013-04",2013,4,0.253,0.436,-1.489,1.524,0.893,863,863,100,2013-04-01
"2013-05",2013,5,-0.058,-0.005,-1.355,1.095,0.528,863,863,100,2013-05-01
"2013-06",2013,6,-0.335,-0.356,-1.686,1.609,0.789,863,863,100,2013-06-01
"2013-07",2013,7,-0.101,-0.112,-0.841,0.644,0.32,863,863,100,2013-07-01
"2013-08",2013,8,-0.181,-0.246,-1.046,0.646,0.318,863,863,100,2013-08-01
"2013-09",2013,9,-0.1,-0.079,-0.73,0.488,0.231,863,863,100,2013-09-01
"2013-10",2013,10,0.185,0.167,-1.006,1.158,0.558,863,863,100,2013-10-01
"2013-11",2013,11,0.355,0.529,-1.481,1.596,0.893,863,863,100,2013-11-01
"2013-12",2013,12,-0.029,-0.048,-1.196,0.951,0.551,863,863,100,2013-12-01
"2014-01",2014,1,0.036,-0.037,-1.352,1.157,0.654,863,863,100,2014-01-01
"2014-02",2014,2,0.194,0.111,-1.23,1.311,0.709,863,863,100,2014-02-01
"2014-03",2014,3,0.072,0.08,-0.915,0.986,0.471,863,863,100,2014-03-01
"2014-04",2014,4,-0.107,0.045,-1.443,1.213,0.623,863,863,100,2014-04-01
"2014-05",2014,5,-0.165,-0.091,-1.108,1.023,0.48,863,863,100,2014-05-01
"2014-06",2014,6,0.126,0.171,-1.218,1.247,0.535,863,863,100,2014-06-01
"2014-07",2014,7,0.272,0.513,-1.774,1.772,0.889,863,863,100,2014-07-01
"2014-08",2014,8,0.552,1.177,-2.135,2.165,1.356,863,863,100,2014-08-01
"2014-09",2014,9,0.689,1.483,-2.157,2.178,1.497,863,863,100,2014-09-01
"2014-10",2014,10,0.248,0.403,-1.033,1.388,0.606,863,863,100,2014-10-01
"2014-11",2014,11,-0.025,-0.016,-0.589,0.426,0.213,863,863,100,2014-11-01
"2014-12",2014,12,0.12,0.25,-0.588,0.749,0.343,863,863,100,2014-12-01
"2015-01",2015,1,-0.222,-0.406,-0.921,0.898,0.488,863,863,100,2015-01-01
"2015-02",2015,2,-0.365,-0.757,-1.546,1.429,0.937,863,863,100,2015-02-01
"2015-03",2015,3,-0.636,-1.346,-2.073,1.999,1.347,863,863,100,2015-03-01
"2015-04",2015,4,-0.67,-1.468,-2.032,1.888,1.399,863,863,100,2015-04-01
"2015-05",2015,5,-0.625,-1.335,-2.012,2.043,1.428,863,863,100,2015-05-01
"2015-06",2015,6,-0.447,-0.92,-1.715,1.743,1.101,863,863,100,2015-06-01
"2015-07",2015,7,-0.284,-0.489,-1.266,1.173,0.614,863,863,100,2015-07-01
"2015-08",2015,8,-0.301,-0.426,-1.44,1.41,0.756,863,863,100,2015-08-01
"2015-09",2015,9,-0.267,-0.29,-1.582,1.304,0.725,863,863,100,2015-09-01
"2015-10",2015,10,-0.136,-0.066,-1.149,0.991,0.397,863,863,100,2015-10-01
"2015-11",2015,11,0.222,0.392,-1.266,1.371,0.727,863,863,100,2015-11-01
"2015-12",2015,12,0.196,0.369,-1.172,1.05,0.622,863,863,100,2015-12-01
"2016-01",2016,1,0.404,0.873,-1.648,1.477,0.973,863,863,100,2016-01-01
"2016-02",2016,2,0.249,0.599,-1.181,1.141,0.678,863,863,100,2016-02-01
"2016-03",2016,3,0.238,0.373,-0.965,1.041,0.548,863,863,100,2016-03-01
"2016-04",2016,4,0.221,0.31,-0.705,0.967,0.431,863,863,100,2016-04-01
"2016-05",2016,5,0.348,0.636,-1.234,1.309,0.763,863,863,100,2016-05-01
"2016-06",2016,6,0.029,-0.028,-1.128,1.176,0.571,863,863,100,2016-06-01
"2016-07",2016,7,-0.254,-0.297,-1.396,1.254,0.651,863,863,100,2016-07-01
"2016-08",2016,8,-0.441,-0.756,-2.039,1.541,0.905,863,863,100,2016-08-01
"2016-09",2016,9,-0.577,-1.11,-2.141,1.802,1.134,863,863,100,2016-09-01
"2016-10",2016,10,-0.436,-0.621,-2.188,1.736,1.159,863,863,100,2016-10-01
"2016-11",2016,11,-0.528,-1.016,-1.933,1.633,1.087,863,863,100,2016-11-01
"2016-12",2016,12,-0.347,-0.628,-1.595,1.58,0.806,863,863,100,2016-12-01
"2017-01",2017,1,-0.347,-0.562,-1.592,1.576,0.78,863,863,100,2017-01-01
"2017-02",2017,2,-0.143,-0.223,-1.16,1.171,0.529,863,863,100,2017-02-01
"2017-03",2017,3,-0.254,-0.436,-1.284,1.25,0.565,863,863,100,2017-03-01
"2017-04",2017,4,-0.333,-0.555,-1.593,1.594,0.857,863,863,100,2017-04-01
"2017-05",2017,5,-0.34,-0.645,-1.739,1.81,0.968,863,863,100,2017-05-01
"2017-06",2017,6,-0.131,-0.361,-1.314,1.317,0.645,863,863,100,2017-06-01
"2017-07",2017,7,0.085,0.057,-0.993,1.114,0.483,863,863,100,2017-07-01
"2017-08",2017,8,0.24,0.197,-1.399,1.449,0.65,863,863,100,2017-08-01
"2017-09",2017,9,0.029,0.009,-0.804,1.046,0.453,863,863,100,2017-09-01
"2017-10",2017,10,-0.284,-0.328,-1.737,1.696,0.796,863,863,100,2017-10-01
"2017-11",2017,11,-0.446,-0.802,-1.924,1.856,1.046,863,863,100,2017-11-01
"2017-12",2017,12,0.022,-0.013,-0.84,0.864,0.315,863,863,100,2017-12-01
"2018-01",2018,1,0.127,0.122,-0.509,0.83,0.246,863,863,100,2018-01-01
"2018-02",2018,2,-0.126,-0.348,-1.153,1.257,0.73,863,863,100,2018-02-01
"2018-03",2018,3,-0.255,-0.596,-1.648,1.639,1.073,863,863,100,2018-03-01
"2018-04",2018,4,-0.153,-0.424,-1.609,1.638,0.965,863,863,100,2018-04-01
"2018-05",2018,5,0.098,0.137,-1.064,1.189,0.452,863,863,100,2018-05-01
"2018-06",2018,6,0.114,0.086,-1.448,1.402,0.48,863,863,100,2018-06-01
"2018-07",2018,7,0.193,0.117,-1.64,1.637,0.521,863,863,100,2018-07-01
"2018-08",2018,8,0.618,1.159,-2.152,2.181,1.255,863,863,100,2018-08-01
"2018-09",2018,9,0.553,0.953,-2.258,2.263,1.191,863,863,100,2018-09-01
"2018-10",2018,10,0.811,1.476,-2.278,2.318,1.58,863,863,100,2018-10-01
"2018-11",2018,11,0.548,0.799,-2.017,2.022,1.121,863,863,100,2018-11-01
"2018-12",2018,12,0.277,0.234,-1.703,1.726,0.697,863,863,100,2018-12-01
"2019-01",2019,1,0.213,0.232,-1.138,1.138,0.57,863,863,100,2019-01-01
"2019-02",2019,2,0.349,0.374,-1.4,1.529,0.754,863,863,100,2019-02-01
"2019-03",2019,3,0.494,0.697,-1.844,1.886,1.012,863,863,100,2019-03-01
"2019-04",2019,4,0.519,0.871,-1.521,1.678,0.977,863,863,100,2019-04-01
"2019-05",2019,5,0.492,0.839,-1.522,1.836,0.924,863,863,100,2019-05-01
"2019-06",2019,6,0.381,0.655,-1.625,1.65,0.841,863,863,100,2019-06-01
"2019-07",2019,7,-0.067,-0.021,-1.378,0.934,0.57,863,863,100,2019-07-01
"2019-08",2019,8,-0.124,-0.242,-1.387,1.269,0.57,863,863,100,2019-08-01
"2019-09",2019,9,-0.163,-0.211,-1.515,1.308,0.637,863,863,100,2019-09-01
"2019-10",2019,10,-0.107,-0.292,-1.855,1.678,0.798,863,863,100,2019-10-01
"2019-11",2019,11,-0.204,-0.545,-2.095,1.888,0.972,863,863,100,2019-11-01
"2019-12",2019,12,-0.147,-0.3,-1.549,1.3,0.724,863,863,100,2019-12-01
"2020-01",2020,1,-0.595,-1.203,-2.146,2.034,1.325,863,863,100,2020-01-01
"2020-02",2020,2,-0.65,-1.211,-2.249,1.712,1.221,863,863,100,2020-02-01
"2020-03",2020,3,-0.643,-1.196,-1.948,1.727,1.144,863,863,100,2020-03-01
"2020-04",2020,4,-0.361,-0.589,-1.468,1.106,0.623,863,863,100,2020-04-01
"2020-05",2020,5,-0.265,-0.379,-1.346,0.846,0.432,863,863,100,2020-05-01
"2020-06",2020,6,-0.367,-0.627,-1.588,1.425,0.659,863,863,100,2020-06-01
"2020-07",2020,7,-0.491,-0.857,-1.939,1.941,1.048,863,863,100,2020-07-01
"2020-08",2020,8,-0.631,-1.059,-2.49,2.545,1.433,863,863,100,2020-08-01
"2020-09",2020,9,-0.58,-1.069,-2.439,2.432,1.325,863,863,100,2020-09-01
"2020-10",2020,10,-0.732,-1.515,-2.415,2.274,1.583,863,863,100,2020-10-01
"2020-11",2020,11,-0.87,-1.617,-2.625,2.466,1.64,863,863,100,2020-11-01
"2020-12",2020,12,-0.776,-1.396,-2.318,2.157,1.436,863,863,100,2020-12-01
"2021-01",2021,1,-0.61,-1.109,-1.974,2.127,1.092,863,863,100,2021-01-01
"2021-02",2021,2,-0.638,-1.13,-1.877,1.954,1.105,863,863,100,2021-02-01
"2021-03",2021,3,-0.64,-0.784,-2.368,2.397,1.084,863,863,100,2021-03-01
"2021-04",2021,4,-0.565,-0.654,-2.208,2.271,0.868,863,863,100,2021-04-01
"2021-05",2021,5,-0.569,-0.962,-2.017,1.832,1.045,863,863,100,2021-05-01
"2021-06",2021,6,-0.276,-0.147,-1.621,1.552,0.614,863,863,100,2021-06-01
"2021-07",2021,7,-0.085,-0.013,-1.361,1.077,0.518,863,863,100,2021-07-01
"2021-08",2021,8,0.062,0.101,-1.339,1.25,0.572,863,863,100,2021-08-01
"2021-09",2021,9,-0.262,0.012,-2.129,1.971,0.831,863,863,100,2021-09-01
"2021-10",2021,10,-0.006,-0.047,-1.533,1.354,0.565,863,863,100,2021-10-01
"2021-11",2021,11,-0.247,-0.066,-2.127,1.976,0.728,863,863,100,2021-11-01
"2021-12",2021,12,-0.029,-0.01,-0.996,0.986,0.418,863,863,100,2021-12-01
"2022-01",2022,1,-0.095,-0.042,-0.935,1.164,0.321,863,863,100,2022-01-01
"2022-02",2022,2,-0.076,-0.039,-0.92,1.246,0.312,863,863,100,2022-02-01
"2022-03",2022,3,-0.032,0.056,-0.886,1.185,0.429,863,863,100,2022-03-01
"2022-04",2022,4,-0.127,-0.108,-0.868,1.149,0.286,863,863,100,2022-04-01
"2022-05",2022,5,-0.462,-0.661,-1.411,1.326,0.629,863,863,100,2022-05-01
"2022-06",2022,6,-0.733,-1.24,-2.002,1.953,1.154,863,863,100,2022-06-01
"2022-07",2022,7,-0.685,-1.235,-1.961,1.819,1.149,863,863,100,2022-07-01
"2022-08",2022,8,-0.506,-0.808,-1.675,1.5,0.832,863,863,100,2022-08-01
"2022-09",2022,9,0.024,0.047,-0.825,0.947,0.353,863,863,100,2022-09-01
"2022-10",2022,10,0.466,0.959,-1.73,1.965,1.084,863,863,100,2022-10-01
"2022-11",2022,11,0.763,1.537,-2.12,2.288,1.515,863,863,100,2022-11-01
"2022-12",2022,12,0.967,2.007,-2.425,2.444,1.882,863,863,100,2022-12-01
"2023-01",2023,1,1.094,2.296,-2.553,2.551,2.099,863,863,100,2023-01-01
"2023-02",2023,2,0.996,2.098,-2.353,2.379,1.903,863,863,100,2023-02-01
"2023-03",2023,3,1.119,2.366,-2.524,2.529,2.145,863,863,100,2023-03-01
"2023-04",2023,4,1.18,2.462,-2.619,2.667,2.202,863,863,100,2023-04-01
"2023-05",2023,5,1.232,2.595,-2.678,2.678,2.295,863,863,100,2023-05-01
"2023-06",2023,6,1.271,2.684,-2.735,2.762,2.384,863,863,100,2023-06-01
"2023-07",2023,7,1.208,2.576,-2.693,2.7,2.281,863,863,100,2023-07-01
"2023-08",2023,8,1.208,2.549,-2.712,2.72,2.277,863,863,100,2023-08-01
"2023-09",2023,9,1.25,2.641,-2.692,2.73,2.342,863,863,100,2023-09-01
"2023-10",2023,10,1.264,2.677,-2.708,2.728,2.358,863,863,100,2023-10-01
"2023-11",2023,11,1.248,2.635,-2.688,2.697,2.333,863,863,100,2023-11-01
"2023-12",2023,12,1.194,2.513,-2.607,2.626,2.241,863,863,100,2023-12-01
"2024-01",2024,1,1.168,2.467,-2.554,2.574,2.2,863,863,100,2024-01-01
"2024-02",2024,2,1.208,2.54,-2.697,2.701,2.283,863,863,100,2024-02-01
"2024-03",2024,3,1.152,2.385,-2.55,2.601,2.144,863,863,100,2024-03-01
"2024-04",2024,4,1.061,2.202,-2.458,2.485,2.025,863,863,100,2024-04-01
"2024-05",2024,5,0.876,1.804,-2.338,2.39,1.747,863,863,100,2024-05-01
"2024-06",2024,6,0.49,0.899,-1.473,1.648,0.997,863,863,100,2024-06-01
"2024-07",2024,7,0.6,1.228,-1.904,1.919,1.316,863,863,100,2024-07-01
"2024-08",2024,8,0.508,1.021,-1.87,1.864,1.277,863,863,100,2024-08-01
"2024-09",2024,9,0.176,0.315,-1.407,1.472,0.705,863,863,100,2024-09-01
"2024-10",2024,10,-0.082,-0.155,-0.964,0.979,0.366,863,863,100,2024-10-01
"2024-11",2024,11,-0.199,-0.255,-0.954,0.816,0.419,863,863,100,2024-11-01
"2024-12",2024,12,-0.265,-0.246,-1.888,1.348,0.747,863,863,100,2024-12-01
"2025-01",2025,1,-0.09,-0.024,-1.293,0.719,0.448,863,863,100,2025-01-01
"2025-02",2025,2,0.026,0.034,-0.878,0.67,0.339,863,863,100,2025-02-01
"2025-03",2025,3,-0.036,-0.021,-0.922,0.815,0.374,863,863,100,2025-03-01
"2025-04",2025,4,0.145,0.232,-0.66,0.885,0.384,863,863,100,2025-04-01
"2025-05",2025,5,0.121,0.136,-0.935,0.957,0.362,863,863,100,2025-05-01
"2025-06",2025,6,0.309,0.604,-1.534,1.567,0.805,863,863,100,2025-06-01
"2025-07",2025,7,0.314,0.568,-1.363,1.493,0.893,863,863,100,2025-07-01
"2025-08",2025,8,0.318,0.583,-1.458,1.424,0.776,863,863,100,2025-08-01
"2025-09",2025,9,0.174,0.31,-1.3,1.297,0.629,863,863,100,2025-09-01
"2025-10",2025,10,0.158,0.249,-1.481,1.462,0.728,863,863,100,2025-10-01
"2025-11",2025,11,0.247,0.265,-1.613,1.623,0.836,863,863,100,2025-11-01
"2025-12",2025,12,-0.302,-0.13,-1.895,1.635,0.764,863,863,100,2025-12-01
