"date","year","month","mean_pet","min_pet","max_pet","std_dev"
"1950-01",1950,1,0.143486424577264,0.110945733321608,0.213642091282733,0.0143836946808
"1950-02",1950,2,0.00452175266894086,0,0.103140462357928,0.0169205983233213
"1950-03",1950,3,0.63219487102223,0.468920960033587,0.815751877405219,0.078115959545706
"1950-04",1950,4,1.3247429328163,1.15453398609505,1.56125904557845,0.0931411054641719
"1950-05",1950,5,2.20883641154505,1.65395459309793,2.58043581203834,0.158451264311619
"1950-06",1950,6,3.40679918988626,2.64972459690851,3.91488981137362,0.264777194627254
"1950-07",1950,7,3.29117733676604,2.20551822738513,3.93270853470621,0.404127923791674
"1950-08",1950,8,2.369725112476,1.71232877786798,2.84162493496348,0.278104517528304
"1950-09",1950,9,1.62480399915532,1.23710599192144,1.95550874894182,0.177748598050221
"1950-10",1950,10,0.645938607983575,0.48053346215615,0.88250517264961,0.0901350487379905
"1950-11",1950,11,0.189560265623462,0.134703432135459,0.248482256923788,0.0232266023800628
"1950-12",1950,12,0.031228480545795,0,0.115442310617328,0.0266127265039475
"1951-01",1951,1,0.105673819034259,0.0629273181506354,0.190952752046446,0.0233388601872386
"1951-02",1951,2,0.0857376393040979,0.00337176260879881,0.224636764223184,0.0390495761712901
"1951-03",1951,3,0.505556281763744,0.38511030592192,0.654388097575504,0.0666040670616649
"1951-04",1951,4,1.49953865588183,1.27518503325841,1.73818861862793,0.10383155584676
"1951-05",1951,5,2.24090272139702,1.87621194283468,2.48328727676318,0.107184957022153
"1951-06",1951,6,3.19095188410143,2.60049263683467,3.75655389600939,0.293696562057905
"1951-07",1951,7,3.11928131338478,2.35719127297217,3.65503709776572,0.288802909663183
"1951-08",1951,8,2.64213165962541,1.97450459771913,3.06215577295581,0.238803806044286
"1951-09",1951,9,1.55413130899711,1.2612896547615,1.80474360886238,0.127013159120484
"1951-10",1951,10,0.61623203552437,0.472016118413843,0.738492240938932,0.0573941750523383
"1951-11",1951,11,0.171280891434201,0.0990161337576242,0.35036056104608,0.0438445536561578
"1951-12",1951,12,0.131921492198781,0.0913961441081914,0.192383427248391,0.0191627930617782
"1952-01",1952,1,0.0655947391879254,0.00895152049045277,0.169818895502559,0.0245345835426441
"1952-02",1952,2,0.0508142512742116,0,0.188118755328253,0.049644588895399
"1952-03",1952,3,0.608222395991679,0.472156764994246,0.78908296126979,0.0808183000815611
"1952-04",1952,4,1.40647097197843,1.11501464190883,1.73356561346374,0.142758927607423
"1952-05",1952,5,2.521470744029,2.07786165025227,3.01882771488535,0.193770349507035
"1952-06",1952,6,2.60433801868056,2.0626037758134,3.11698465632496,0.229751946433108
"1952-07",1952,7,3.3130947654253,2.39417822583877,3.95807926751641,0.373842841487818
"1952-08",1952,8,2.71951129075325,1.98697377544052,3.38891543308368,0.345814036544307
"1952-09",1952,9,1.60009433064885,1.13405749066203,1.9869943648702,0.224437031725816
"1952-10",1952,10,0.656153100858433,0.455697673897091,0.942985780774807,0.112313786514374
"1952-11",1952,11,0.233737247654463,0.16813456226433,0.414083613199758,0.0503864089597257
"1952-12",1952,12,0.138946100756934,0.0810995913666657,0.248322739764961,0.0283774258382503
"1953-01",1953,1,0.107691117036345,0.0648041464730966,0.158524395069722,0.017416553415485
"1953-02",1953,2,0.0561545456033248,0,0.236461744918239,0.0652054024957694
"1953-03",1953,3,0.687850705559422,0.532649697738396,0.8698382056865,0.089321977595977
"1953-04",1953,4,1.39391942380624,1.20221462852432,1.573708577482,0.079053708342253
"1953-05",1953,5,2.34627070503049,2.05057473229127,2.63626432224907,0.136721443881243
"1953-06",1953,6,2.77720339235729,2.24877697333964,3.28703930744799,0.238593944093788
"1953-07",1953,7,2.96463078714667,2.20528459442737,3.50710243329376,0.279225268187117
"1953-08",1953,8,2.52572236070928,2.07382890845723,2.83132135173808,0.17861632257657
"1953-09",1953,9,1.52773859650203,1.10933523938017,1.85421885925919,0.191901350209761
"1953-10",1953,10,0.623840171167853,0.426092709897004,0.993808505712202,0.12284922706218
"1953-11",1953,11,0.223116267908004,0.108215765987462,0.623227949598477,0.103471965700162
"1953-12",1953,12,0.157834996384182,0.0719389571104626,0.358870602069997,0.0579481297856964
"1954-01",1954,1,0.151600451327853,0.10072878417702,0.235655748230169,0.0200546542223552
"1954-02",1954,2,0.0400470427146561,0,0.191749522640245,0.0447473178800184
"1954-03",1954,3,0.635373583190221,0.477570230316388,0.819235785385447,0.0757675792507196
"1954-04",1954,4,1.24792354924556,1.06982250105002,1.37183503457531,0.0662688798484902
"1954-05",1954,5,2.11783700011292,1.85183871960667,2.34299569125707,0.118660185038372
"1954-06",1954,6,2.63757898960071,1.82092814836318,3.12634142574609,0.234388836507328
"1954-07",1954,7,2.86509794693876,2.11983010685419,3.35867332299488,0.301955359954487
"1954-08",1954,8,2.16063650272384,1.76414175270241,2.48464551328503,0.160260530610933
"1954-09",1954,9,1.34492918204008,1.09637923157722,1.55548281397649,0.105469218016082
"1954-10",1954,10,0.647491878131672,0.47741194673655,0.967458338231521,0.101660181097314
"1954-11",1954,11,0.149272382642668,0.054637337008433,0.34283431991721,0.0511141809032682
"1954-12",1954,12,0.201179064985881,0.114764172197254,0.465837003912162,0.0734041273301193
"1955-01",1955,1,0.0768202189249483,0.00821647565317307,0.204835179376422,0.0357916802091728
"1955-02",1955,2,0.181728299333991,0.0459086266997191,0.303619233224778,0.0569343998206138
"1955-03",1955,3,0.566413118898263,0.422473417224604,0.690221328385843,0.0660127799350211
"1955-04",1955,4,1.36717105115059,1.13781955135768,1.54624948133624,0.103698348043752
"1955-05",1955,5,2.2465318274589,1.88671637092859,2.55187217261239,0.114788302212366
"1955-06",1955,6,2.87984066299941,2.25971968377332,3.3094431161833,0.226927552036672
"1955-07",1955,7,2.84740115787312,2.14128572354544,3.40115527699952,0.32053545087145
"1955-08",1955,8,2.40922199475222,1.5966721113962,2.94077163155145,0.364731059071657
"1955-09",1955,9,1.49135237131416,1.14362999981656,1.86868451550726,0.182405851526804
"1955-10",1955,10,0.627703277027636,0.450194058001845,0.919601744744005,0.11135199309609
"1955-11",1955,11,0.205375938810133,0.146724957118473,0.266509113932932,0.025762979993865
"1955-12",1955,12,0.0651115653301646,0.0175708024620273,0.137865530609426,0.0181592307847277
"1956-01",1956,1,0.0447780847265947,0,0.126186932484101,0.0193828568769991
"1956-02",1956,2,0.0964413287387079,0.0243619676077042,0.225252140361817,0.0389323613259934
"1956-03",1956,3,0.529153885587155,0.356799814440668,0.733329627544004,0.0913747068302963
"1956-04",1956,4,1.45349241511956,1.24682049822495,1.68213632597329,0.0960486440213124
"1956-05",1956,5,2.73063382199353,2.26664996533608,3.12723052987165,0.184876734318613
"1956-06",1956,6,2.74168678090196,1.86825552360344,3.26840519812184,0.260990440244607
"1956-07",1956,7,3.26646145504039,2.59456239901178,3.86311085532797,0.310254721112604
"1956-08",1956,8,2.6240665002785,1.86091366391323,3.23886712738939,0.3475635689815
"1956-09",1956,9,1.6033812843053,1.24884436466141,1.93343744608593,0.175659562346564
"1956-10",1956,10,0.630931580899972,0.444007661599319,0.904163591346714,0.10973713848696
"1956-11",1956,11,0.160788493186468,0.0525949915355348,0.420196156465091,0.0766164326691936
"1956-12",1956,12,0.148114108035195,0.0824925650381607,0.304404390118009,0.0406420241360436
"1957-01",1957,1,0.120244434852372,0.0632041025196059,0.247083012125821,0.0228638587815384
"1957-02",1957,2,0.044318255899561,0,0.18538811603853,0.0374700424722879
"1957-03",1957,3,0.54833915059438,0.391592411029486,0.68360037479056,0.0568308379951897
"1957-04",1957,4,1.4442844350697,1.28619696267003,1.604694298063,0.0730940017924032
"1957-05",1957,5,2.41358900093547,2.04364780322775,2.90696816927487,0.199834787815012
"1957-06",1957,6,3.00023817753135,2.21701400388816,3.63161518886005,0.31421940950163
"1957-07",1957,7,2.74537093536481,1.98733690324556,3.33669295627796,0.321456148494213
"1957-08",1957,8,2.23987374810152,1.87411670429142,2.56152341935686,0.157840155195002
"1957-09",1957,9,1.55405850334975,1.25721994282813,1.81648761579904,0.145412480287882
"1957-10",1957,10,0.634813385393599,0.482919156169565,0.770508731249499,0.063630361722406
"1957-11",1957,11,0.144656294975674,0.0915259231351207,0.269619752273616,0.0312943532692998
"1957-12",1957,12,0.14911433074412,0.0871862295130304,0.269921913433055,0.0349197131767158
"1958-01",1958,1,0.0230547984686131,0,0.183791393973288,0.032203675177235
"1958-02",1958,2,0.238690160933234,0.138624274580102,0.367720281272892,0.0411266018278106
"1958-03",1958,3,0.615560686079412,0.410328033222449,0.818677953681547,0.0677565773905225
"1958-04",1958,4,1.51962338199061,1.32573431986331,1.69666378215481,0.0802591698702534
"1958-05",1958,5,2.70420417749079,2.29864465792536,3.17366903838304,0.205044193111998
"1958-06",1958,6,3.55278862933117,2.97145131880487,4.15422314981049,0.264542352187871
"1958-07",1958,7,3.9155440343319,3.19181689333005,4.51883896764592,0.294707607914476
"1958-08",1958,8,2.65766013606975,1.89167786209391,3.17010172733524,0.316413520011583
"1958-09",1958,9,1.38732097901576,1.02791527478137,1.81438720936696,0.195349423672594
"1958-10",1958,10,0.623977613259771,0.413591405899724,1.02932386820168,0.13384051217678
"1958-11",1958,11,0.239232544788027,0.143887019911892,0.433918445028198,0.063656914150231
"1958-12",1958,12,0.0838074311076273,0.023735840978449,0.179178996357548,0.0279059508450161
"1959-01",1959,1,0.0982413339479489,0.05309013856521,0.159496192336033,0.022509521477448
"1959-02",1959,2,0.0821648443276007,0,0.267785044898513,0.0570529525480842
"1959-03",1959,3,0.624632026212137,0.466790244278968,0.831461598583628,0.0938627618891643
"1959-04",1959,4,1.57850738050326,1.33375474692073,1.77198155360577,0.0964040163203081
"1959-05",1959,5,2.29077838145666,2.0174014693809,2.60776314688504,0.124059712404566
"1959-06",1959,6,2.75428138774714,2.35345414236749,3.14576869255815,0.189158660682119
"1959-07",1959,7,3.13528356475662,2.05641600240385,3.73931259897967,0.40766583364064
"1959-08",1959,8,2.19411202610449,1.63183826062347,2.57878006263763,0.229036168015583
"1959-09",1959,9,1.20896888089924,0.994695896535084,1.45358553691663,0.116525141702635
"1959-10",1959,10,0.544789826169856,0.423945522856403,0.70898048367582,0.0623738188041676
"1959-11",1959,11,0.195024845675187,0.134767042850989,0.341333910585799,0.037264279670368
"1959-12",1959,12,0.0830625233242639,0,0.251201956750157,0.0510540688869888
"1960-01",1960,1,0.114578119074089,0.0635605289833907,0.210693113699674,0.0282456891213113
"1960-02",1960,2,0.0558255881391013,0,0.23989643613774,0.0554514831980438
"1960-03",1960,3,0.612552151107735,0.460456158776518,0.784761655747305,0.0631241273611673
"1960-04",1960,4,1.51010784348475,1.32116289748906,1.79829701606688,0.0970229160505969
"1960-05",1960,5,2.21094059491993,1.90403275418963,2.46340075686778,0.0862311994615871
"1960-06",1960,6,2.78408836345782,1.99201263271289,3.37726254338722,0.280113597919415
"1960-07",1960,7,3.25142210327179,2.34927640462008,3.98143966288568,0.406986855188641
"1960-08",1960,8,2.52500443415038,1.7663015294154,3.11211607666493,0.309607271736176
"1960-09",1960,9,1.59767446699829,1.13572098779658,1.92163513168998,0.19821659770835
"1960-10",1960,10,0.611857030073064,0.435719194362882,0.882246593993872,0.0989129827214968
"1960-11",1960,11,0.213133263592743,0.151409703553616,0.359181420049692,0.0459400686550986
"1960-12",1960,12,0.0891671881855949,0.0193633586603149,0.190495211765749,0.031606666937521
"1961-01",1961,1,0.0695065960817651,0.00108459590053917,0.167035200672418,0.0290161424145556
"1961-02",1961,2,0.174545279448066,0.082146074054857,0.313265612364925,0.0475583015638685
"1961-03",1961,3,0.637839062362498,0.469500720580863,0.845059760320927,0.0819200261828947
"1961-04",1961,4,1.52622430000462,1.30888143433106,1.77434582559317,0.114454198395651
"1961-05",1961,5,2.45068355493851,2.15193439057794,2.81088932861826,0.149972521512588
"1961-06",1961,6,3.23502741719288,2.4354056676758,3.91638341081353,0.379532105221919
"1961-07",1961,7,3.59217799990371,2.82099172650771,4.05933949682188,0.27766182658778
"1961-08",1961,8,3.22608067576099,2.41131822429496,3.7962368403611,0.312874722737933
"1961-09",1961,9,1.61734100600038,1.29355958885229,1.93373721615103,0.160243195672398
"1961-10",1961,10,0.609544883347026,0.44043234272726,0.824461754516048,0.0908017429511615
"1961-11",1961,11,0.194111302398799,0.126948290552006,0.329204370533145,0.0396351181150054
"1961-12",1961,12,0.100069204712362,0.0491229903266811,0.1678293335244,0.0218457807656936
"1962-01",1962,1,0.0264823893579425,0,0.154893856106706,0.032164946269822
"1962-02",1962,2,0.126241569665664,0.0223457574225099,0.312421168754591,0.0459834292078924
"1962-03",1962,3,0.578057813277744,0.453632199302062,0.725093158411521,0.0611703288039639
"1962-04",1962,4,1.39323910243665,1.00546443120226,1.65414762658247,0.100047775058373
"1962-05",1962,5,2.44547978700723,2.19828503980488,2.75582243495472,0.0973620949557822
"1962-06",1962,6,2.8261643609455,2.07379282881109,3.42342083921674,0.314752131959698
"1962-07",1962,7,3.35958226024014,2.67679510252099,3.96459461607719,0.280633769666479
"1962-08",1962,8,2.34524802518955,1.71797350467784,2.82146370940129,0.242799767064768
"1962-09",1962,9,1.50459304860384,1.20296078056047,1.82080215296326,0.150472967164165
"1962-10",1962,10,0.597593881243067,0.447526498792397,0.852107848660463,0.0839027877513349
"1962-11",1962,11,0.186386758312645,0.0923397878228209,0.380136969979488,0.0619937583729836
"1962-12",1962,12,0.135409688858964,0.0578691920243944,0.241984786035937,0.0350880239780058
"1963-01",1963,1,0.105173397261233,0.0451872161005897,0.204271807735813,0.0283462336785999
"1963-02",1963,2,0.0668382233457278,0,0.249762227325612,0.0614465097413337
"1963-03",1963,3,0.711156953384042,0.544391259337492,0.932631753573968,0.0851218010002435
"1963-04",1963,4,1.42912850304331,1.27419592475898,1.60984613344589,0.0631084713072984
"1963-05",1963,5,2.55065091110646,2.23210723340385,2.88910648465145,0.144301330147952
"1963-06",1963,6,2.95498471014312,2.1784981617707,3.70527825335172,0.365373427553487
"1963-07",1963,7,2.87829915878761,2.18649061708126,3.44488684589489,0.309545110305806
"1963-08",1963,8,2.6544615927835,2.26409716071385,2.95065690646423,0.152363982752461
"1963-09",1963,9,1.4595714532374,1.18821338860307,1.7570136256818,0.117735833499427
"1963-10",1963,10,0.734385140364493,0.506408960517456,1.13557203083887,0.143980628763396
"1963-11",1963,11,0.236256843985629,0.158561556219943,0.398803536479246,0.0506684824854141
"1963-12",1963,12,0.0847807136032341,0.0219095046076162,0.203546292707182,0.0319853300007608
"1964-01",1964,1,0.0714622042526183,0.0107087862729234,0.183187201568173,0.0330270870134778
"1964-02",1964,2,0.164806840112282,0.0197642112406209,0.390176345826531,0.0789327496023076
"1964-03",1964,3,0.666769526673978,0.523442061576346,0.812043729241639,0.0736526315760391
"1964-04",1964,4,1.41802483532867,1.15604630258958,1.58896125634384,0.0874369580472466
"1964-05",1964,5,2.29983211639116,2.03238118222749,2.56922386293034,0.0994475764207146
"1964-06",1964,6,2.70018497469886,2.15013058692812,3.08082333251343,0.166836933646695
"1964-07",1964,7,2.60708058894464,1.79566292684894,3.19312744177113,0.350679713333306
"1964-08",1964,8,2.25854467661514,1.59828626948294,2.66409538069669,0.264954733873967
"1964-09",1964,9,1.3392544730172,1.12910400257658,1.56433614640561,0.0857619482209634
"1964-10",1964,10,0.612912993670587,0.435591141789407,0.907502308188935,0.100659107356651
"1964-11",1964,11,0.211773327696663,0.150441056778467,0.296683505890793,0.0292980493119239
"1964-12",1964,12,0.13169050987824,0.0819561806450762,0.173484549771278,0.0156073887954276
"1965-01",1965,1,0.000724928306353156,0,0.058669211486903,0.00354131942376237
"1965-02",1965,2,0.128863615109055,0.018199759220758,0.284083716959799,0.0577423328163268
"1965-03",1965,3,0.669412354873869,0.476321105923796,0.896598970518731,0.0815834388398714
"1965-04",1965,4,1.35288792377557,1.2175451484918,1.50097894211453,0.0574142343573245
"1965-05",1965,5,2.35033983425774,2.10288922391521,2.65664042137458,0.103081595399909
"1965-06",1965,6,3.27037061619986,2.74777965602121,3.82715010669423,0.24759733976061
"1965-07",1965,7,3.16568464500123,2.39656808557441,3.60218574356225,0.278381345809768
"1965-08",1965,8,2.75000173140776,2.26968105703399,3.16804908235051,0.188460785532793
"1965-09",1965,9,1.60702069035059,1.34930457594025,1.90950050819424,0.130494398328942
"1965-10",1965,10,0.65427560560993,0.454934288107516,1.00296564439836,0.114775625873587
"1965-11",1965,11,0.19993535029935,0.132281127812926,0.302920924735712,0.0342363451646522
"1965-12",1965,12,0.119810282330474,0.0629109790741107,0.199681126009779,0.0258750862397566
"1966-01",1966,1,0.091847477124789,0.0462248696949338,0.18798200548974,0.0195716845052736
"1966-02",1966,2,0.0423590215622704,0,0.211301605053568,0.0549217314749005
"1966-03",1966,3,0.662068495455657,0.492788046644103,0.915466863564849,0.0957319585121535
"1966-04",1966,4,1.47828106619255,1.25572967324134,1.68055053650374,0.111154903207231
"1966-05",1966,5,2.15585592512686,1.73308385001823,2.51833349048193,0.15115146013966
"1966-06",1966,6,2.84015767453102,2.13956776238574,3.21530878435564,0.180487699824716
"1966-07",1966,7,2.99401836776155,2.45579173719474,3.35292987803421,0.18681700898036
"1966-08",1966,8,2.27641868104412,1.68734070384829,2.71867662079725,0.223235765695821
"1966-09",1966,9,1.42606395327365,1.10552070407835,1.71251841793388,0.130649951396891
"1966-10",1966,10,0.649726089625807,0.4752673232768,0.901529022825568,0.0977232605716694
"1966-11",1966,11,0.178383872994486,0.117208432031777,0.27660809097273,0.0295031468059186
"1966-12",1966,12,0.0756851909493655,0.00624200176260237,0.158405161426608,0.0285039724051737
"1967-01",1967,1,0.0731289695528075,0.027538164910819,0.143718081060103,0.0202179595200067
"1967-02",1967,2,0.132349752300745,0,0.339713330322393,0.0835471692411205
"1967-03",1967,3,0.646504070203609,0.462529601480412,0.771211161274933,0.0719939370689161
"1967-04",1967,4,1.44398043366078,1.18126923492481,1.62387102797813,0.0789849773090344
"1967-05",1967,5,2.29865448536523,2.00802690272102,2.56685332737737,0.0698219922794148
"1967-06",1967,6,3.34206278705922,2.94512117021,3.77878260884543,0.189770689025609
"1967-07",1967,7,3.14736227118659,2.14963113567665,3.83502691545128,0.41243549700242
"1967-08",1967,8,2.70723698840227,2.05538593429248,3.14237491005904,0.279455551725562
"1967-09",1967,9,1.54087713671078,1.0823792799592,2.08546115544549,0.207625209396995
"1967-10",1967,10,0.648770345893779,0.482092312658038,0.918431244674028,0.0983209702769186
"1967-11",1967,11,0.158853941313006,0.0951184641166657,0.290236802452267,0.0398056890901464
"1967-12",1967,12,0.133287162250852,0.0888445836363461,0.210539687651563,0.0228290918967693
"1968-01",1968,1,0.0608994083278097,0.00324845030575385,0.150929001991897,0.0250862779746995
"1968-02",1968,2,0.109359981660432,0,0.277503947150559,0.0534873212327858
"1968-03",1968,3,0.625310829387804,0.483336164157905,0.815932230299893,0.0674795456483069
"1968-04",1968,4,1.41849343536103,1.15713585486871,1.6088222177887,0.0860104507896475
"1968-05",1968,5,2.43320055072412,2.21627610189173,2.64903502732911,0.0742734953941188
"1968-06",1968,6,2.95532910802714,2.57371475702256,3.37363109233057,0.158470403375308
"1968-07",1968,7,3.19430880833539,2.52154049259209,3.62952778194451,0.251290280367844
"1968-08",1968,8,2.41794834992597,2.04289477407647,2.6707285145771,0.131525004299162
"1968-09",1968,9,1.33229604675772,1.0144525666445,1.60582301606933,0.158447884512568
"1968-10",1968,10,0.587912122834873,0.426643838609567,0.865418927318603,0.0935877622285009
"1968-11",1968,11,0.168063441147135,0.0924877539647069,0.384749191987992,0.0585925232979577
"1968-12",1968,12,0.161577979817423,0.107316183816722,0.210254454906993,0.0200830450646919
"1969-01",1969,1,0.0860079875719268,0.051676086026842,0.173985354197284,0.0163481290964354
"1969-02",1969,2,0.00156745658762273,0,0.0732465549012484,0.00698738127630351
"1969-03",1969,3,0.602432168173175,0.443994298550801,0.775094852481429,0.083565300090413
"1969-04",1969,4,1.37020442998403,1.13817305542225,1.61681119581335,0.0844957835405637
"1969-05",1969,5,2.6139542764712,2.30441049972637,2.89498958831073,0.130084134282225
"1969-06",1969,6,3.3034617507755,2.74888825205905,4.03449900509173,0.32094270592294
"1969-07",1969,7,3.46020246977403,2.44284296033762,4.21775674532041,0.411671132261024
"1969-08",1969,8,2.25894931088017,1.35431211127048,2.70559973244609,0.32686461539338
"1969-09",1969,9,1.22022912037839,0.99389833931607,1.51397075206362,0.127588850211837
"1969-10",1969,10,0.538302905047876,0.396726178331679,0.707632879335822,0.0679021289309888
"1969-11",1969,11,0.205257261699751,0.103791489695165,0.473130898696302,0.0643588156464496
"1969-12",1969,12,0.132877906644857,0.0709546845080817,0.298876512063629,0.0446513294603889
"1970-01",1970,1,0.135095740414591,0.0856752111199455,0.192267288125311,0.0178821943407346
"1970-02",1970,2,0.022044996217492,0,0.181795768608922,0.0404950846851786
"1970-03",1970,3,0.706752092310749,0.561986538847416,0.853002948405352,0.0725057828238463
"1970-04",1970,4,1.54522806857382,1.27649496332561,1.82389921326539,0.105159548546526
"1970-05",1970,5,2.09969871505864,1.57794287671687,2.4721842909418,0.1629433070554
"1970-06",1970,6,3.31899026111172,2.54791606014215,3.92283976255541,0.316884237143281
"1970-07",1970,7,3.13484742266108,2.05461657936731,3.88369263924189,0.478124383624035
"1970-08",1970,8,2.60488452655056,1.8204286491946,3.11974626404953,0.331965310965904
"1970-09",1970,9,1.47692885673164,1.08810647248827,1.80332661343859,0.188400711510993
"1970-10",1970,10,0.579961559442002,0.418514373954991,0.888407811029349,0.0992512804337514
"1970-11",1970,11,0.202493582286432,0.150811075576295,0.269626117169645,0.0228088087647193
"1970-12",1970,12,0.117799422720015,0.0656732278558865,0.192450380971502,0.0218993418324281
"1971-01",1971,1,0.0379125600622466,0,0.13573997047423,0.0195953481364131
"1971-02",1971,2,0.0811615646525002,0,0.242468144067625,0.0679711047751737
"1971-03",1971,3,0.625937096361342,0.48876893403784,0.781520808024159,0.0706834802362142
"1971-04",1971,4,1.43160433571639,1.20321614981628,1.66882951005515,0.108996310850139
"1971-05",1971,5,2.46750337538102,2.21024686820266,2.78842153204702,0.122115759101548
"1971-06",1971,6,2.71600229845784,2.19122866570502,3.05410540880384,0.149305185537888
"1971-07",1971,7,3.41244857436703,2.89879892580193,3.83541444335461,0.19515015254798
"1971-08",1971,8,2.65292192638347,1.87053522739724,3.03152069239121,0.243969536835674
"1971-09",1971,9,1.44811467793595,1.17509466652571,1.69663360131865,0.133349915939014
"1971-10",1971,10,0.596641173384668,0.43741672435751,0.808076411286289,0.0853118371750149
"1971-11",1971,11,0.1651506173985,0.0819317377749167,0.328747064404804,0.047856506145174
"1971-12",1971,12,0.157300432928129,0.113604504185763,0.222842460886908,0.0193685112789262
"1972-01",1972,1,0.0495638295290431,0.00259366109603342,0.120914816367485,0.023775714432772
"1972-02",1972,2,0.0916100013358825,0,0.195710826024348,0.0323589287282118
"1972-03",1972,3,0.53934580929413,0.367762370680506,0.762790556839521,0.0916705858435237
"1972-04",1972,4,1.3932550441796,1.18989444377676,1.62849939645948,0.0921166028467307
"1972-05",1972,5,2.58315937392253,2.1172413070383,2.93219252656922,0.155348443520094
"1972-06",1972,6,2.84035770262162,2.13995653011996,3.39292368301929,0.272852480559274
"1972-07",1972,7,2.89617266439348,2.37798724119167,3.39113508041447,0.176714913525833
"1972-08",1972,8,2.67583559046258,2.03684911203489,3.12898111165805,0.268242683439319
"1972-09",1972,9,1.42856371199297,1.16483340421621,1.67776563329123,0.140241136749226
"1972-10",1972,10,0.54662589226059,0.377069092636057,0.758258696485441,0.0903280296014953
"1972-11",1972,11,0.15412598316208,0.0705369623323526,0.287329153068957,0.0379180133468616
"1972-12",1972,12,0.145675389596373,0.105003553378679,0.219516511714627,0.0192455117379243
"1973-01",1973,1,0.055200717393969,0,0.177346294768381,0.0377889770288856
"1973-02",1973,2,0.109068233222678,0.0366980499098933,0.235888800777566,0.0295910091432333
"1973-03",1973,3,0.629640286558699,0.504345960554096,0.803352749013491,0.0756047479948289
"1973-04",1973,4,1.55671816507976,1.3421353326402,1.75767132201488,0.0946321440983543
"1973-05",1973,5,2.34033149251484,1.86045402754486,2.76354522204128,0.183961374700286
"1973-06",1973,6,2.7728277104241,1.83972954264832,3.42612584621345,0.328283492319305
"1973-07",1973,7,3.13324403705152,2.10240840136179,3.74524801414863,0.358858533459432
"1973-08",1973,8,2.66878258181248,1.99434157406784,3.22940477473884,0.298496275364053
"1973-09",1973,9,1.33415317481276,1.0788410097815,1.58527174939594,0.122951968010711
"1973-10",1973,10,0.581473271683081,0.433744922969955,0.794374211342779,0.0839319444733601
"1973-11",1973,11,0.225899059901514,0.15421795372237,0.33272408398795,0.0399445239786535
"1973-12",1973,12,0.00746257387136285,0,0.0771798603748442,0.0141247370630275
"1974-01",1974,1,0.104677909084433,0.061366460622138,0.191590953642847,0.0212771300297935
"1974-02",1974,2,0.0689867336427098,0,0.225255301488438,0.0559106022734265
"1974-03",1974,3,0.618479384764528,0.436142208876013,0.786891547284385,0.0808741719526732
"1974-04",1974,4,1.43826977005832,1.24479213230582,1.63233378439211,0.0968682225211959
"1974-05",1974,5,2.22600071812882,1.77047317074329,2.51594459338152,0.124889325835645
"1974-06",1974,6,3.00716177893773,2.05032879566512,3.71968953662796,0.355859910635564
"1974-07",1974,7,2.80754938849584,2.1435792945813,3.35851036234288,0.306185013738192
"1974-08",1974,8,2.65591810979911,2.09082655354988,3.11244646119975,0.25948889266546
"1974-09",1974,9,1.54018368069214,1.23279510586032,1.8953091929076,0.18030380108102
"1974-10",1974,10,0.681289151158105,0.479497752736175,0.963702423605816,0.109402506740675
"1974-11",1974,11,0.198861481160969,0.123895893690793,0.334412039291739,0.0476642524625716
"1974-12",1974,12,0.103464031695296,0.0241360799725742,0.253334888570699,0.0450352871120256
"1975-01",1975,1,0.132568206946568,0.0691707126294078,0.238309952934792,0.0309659777320265
"1975-02",1975,2,0.155135023926914,0.0740869331274691,0.299364975724655,0.0359996709988774
"1975-03",1975,3,0.468168212108442,0.361918159741139,0.593554159884561,0.0575753916276976
"1975-04",1975,4,1.40066756750536,1.22097370929041,1.60511032644924,0.0854409587398893
"1975-05",1975,5,2.34962865874058,1.94748425260627,2.64069969290509,0.119039718069699
"1975-06",1975,6,2.68413094217781,1.90499645506158,3.25019714445113,0.295984472345253
"1975-07",1975,7,3.20418428122294,2.30552441494333,3.72782923165737,0.306472086098981
"1975-08",1975,8,2.23897129154349,1.47324780572862,2.59455738790015,0.228858634569446
"1975-09",1975,9,1.54370171801293,1.20247168480298,1.8170241355183,0.156148422072152
"1975-10",1975,10,0.624775541622042,0.475577425499478,0.87207137742624,0.0870392601546382
"1975-11",1975,11,0.205817346883771,0.133016417932248,0.333659683972214,0.0409821957517422
"1975-12",1975,12,0.0954735818738945,0.0248416833196726,0.221139664996668,0.036036522670249
"1976-01",1976,1,0.0686963835931271,0.000656233920151531,0.179705469814164,0.0337296499415812
"1976-02",1976,2,0.158225762754522,0.0413169746251578,0.323583856215007,0.0611051406248545
"1976-03",1976,3,0.625272553404686,0.490724356615486,0.78022185028333,0.074900720148933
"1976-04",1976,4,1.51975352989854,1.33249610389859,1.69423361548426,0.0818589332865924
"1976-05",1976,5,2.25467047949163,1.58665712115704,2.66904046237703,0.18544626365518
"1976-06",1976,6,2.52052603537685,2.01465061006421,2.86694034318323,0.153385384839316
"1976-07",1976,7,2.67045435165217,1.7179061153581,3.1338583954428,0.293381062869106
"1976-08",1976,8,2.06039857513272,1.51947298112178,2.42536531106638,0.214772563229607
"1976-09",1976,9,1.43334688784068,1.05606216850684,1.76286651890644,0.177206368853213
"1976-10",1976,10,0.618915459216828,0.463187317115225,0.824630818109059,0.0811041068859303
"1976-11",1976,11,0.169228188931482,0.0790398348036804,0.3156973839778,0.0426971975847736
"1976-12",1976,12,0.106536547295416,0.0366720492349123,0.258438882787902,0.0432723282213063
"1977-01",1977,1,0.104272620005353,0.0365505516945797,0.218724695055034,0.0365575849853478
"1977-02",1977,2,0.108102488537989,0,0.375725132026383,0.0846418715922997
"1977-03",1977,3,0.742706187853497,0.600984423031022,0.975653573631413,0.0800502785797167
"1977-04",1977,4,1.59107564538294,1.33971017488992,1.90661155912991,0.120108631368949
"1977-05",1977,5,2.35547009751859,2.0773668630484,2.65554417267228,0.134919954254891
"1977-06",1977,6,2.93237374164287,1.88666004610786,3.3971818088439,0.29609722439561
"1977-07",1977,7,2.81340969971019,1.90720855172331,3.3112058361184,0.274736449299686
"1977-08",1977,8,2.66329063055019,2.21435207908275,3.04512572800232,0.200202939178069
"1977-09",1977,9,1.40583834617867,1.19238885572966,1.63801852128383,0.107235593687617
"1977-10",1977,10,0.623126144420029,0.445529890147633,0.948675121567313,0.104970372954015
"1977-11",1977,11,0.228148386308093,0.150390151938385,0.40614055912459,0.0542714311227911
"1977-12",1977,12,0.125608312153677,0.0615161303823481,0.173096989491217,0.0236772905688516
"1978-01",1978,1,0.0165841334426611,0,0.120270137331517,0.0177284519941069
"1978-02",1978,2,0.0655379874032383,0,0.217252125089095,0.037081100365253
"1978-03",1978,3,0.597530238633018,0.477505716043594,0.771165724861065,0.0702561059647696
"1978-04",1978,4,1.4220659989153,1.28012268543597,1.57048211820572,0.0686939297561551
"1978-05",1978,5,2.4139492723208,1.98257659799628,2.88095142120184,0.185783707633401
"1978-06",1978,6,3.44602495038492,2.61039498645454,4.07451218347177,0.322280804400295
"1978-07",1978,7,3.64979877619407,2.96034862565692,4.29617265453274,0.29133818961153
"1978-08",1978,8,2.44337650129242,1.92159002387273,2.81938880233399,0.199946309396892
"1978-09",1978,9,1.41536829754643,1.17976478383061,1.62934424991605,0.111220660395755
"1978-10",1978,10,0.65005135849812,0.438285995439486,0.960027792904208,0.121132355038848
"1978-11",1978,11,0.231660902259824,0.155014392109241,0.40142236515079,0.0443457197996739
"1978-12",1978,12,0.126640363307054,0.056734857851258,0.21432089517722,0.0368630058440267
"1979-01",1979,1,0.0830872149914102,0.0377171703677402,0.15351134138675,0.0176587759608922
"1979-02",1979,2,0.11478822392946,0.0376176833470455,0.22169353874388,0.0268806904845299
"1979-03",1979,3,0.519906373878585,0.305535334034776,0.741103368364782,0.103178799178927
"1979-04",1979,4,1.53521700976193,1.330814273898,1.69927674101491,0.0715652707106661
"1979-05",1979,5,2.19988467156245,1.83840004786609,2.53900279295775,0.143006338484421
"1979-06",1979,6,2.98609577145653,2.19386866040756,3.54886917361858,0.299345905575345
"1979-07",1979,7,3.16670041834569,2.49740238943324,3.69035238182708,0.300489125212083
"1979-08",1979,8,2.85764462714385,2.46990476168947,3.27353774562296,0.187796864227277
"1979-09",1979,9,1.55665881439831,1.21586720846176,2.04102607567631,0.179583577143799
"1979-10",1979,10,0.640178556771352,0.484178085309699,0.89183474672805,0.0891781190563264
"1979-11",1979,11,0.229977677444347,0.145241495139701,0.475414897755123,0.0659024215844414
"1979-12",1979,12,0.138349128927121,0.058903559559251,0.25008558049034,0.0419314224180191
"1980-01",1980,1,0.114471211617969,0.0659918097226943,0.182744231001991,0.0232247706560848
"1980-02",1980,2,0.0416938969817994,0,0.181724998790666,0.0377368472773527
"1980-03",1980,3,0.625375001849108,0.49994848238176,0.744938693634977,0.0672704330678665
"1980-04",1980,4,1.54671363637377,1.22851021671321,1.9839320400536,0.158359186393591
"1980-05",1980,5,2.36598135631233,1.99451560891569,2.71879155635611,0.154427500617827
"1980-06",1980,6,3.07277325147241,2.64458727161835,3.45042430963348,0.179661611254022
"1980-07",1980,7,2.74381134557169,1.78829996563918,3.39041986011346,0.333751014942453
"1980-08",1980,8,2.36218795127179,1.83274498682402,2.75799023377421,0.200612461628387
"1980-09",1980,9,1.33630983540011,1.07022783962442,1.64289657826375,0.140632412635277
"1980-10",1980,10,0.59739455236211,0.434143567940533,0.872721045851659,0.0930492332768873
"1980-11",1980,11,0.225904945908308,0.138772713050861,0.477146197786637,0.0631182318320851
"1980-12",1980,12,0.1690172766198,0.113094365990259,0.262472168274002,0.0259408912219878
"1981-01",1981,1,0.00637982877438551,0,0.160127119985118,0.0215705054605134
"1981-02",1981,2,0.189652234663481,0.0763583277936505,0.379973567043859,0.0607372132503709
"1981-03",1981,3,0.709316342812992,0.549616436392961,1.00011522745884,0.106814969507159
"1981-04",1981,4,1.43353794389001,1.1380502517988,1.78610710540921,0.159421740802189
"1981-05",1981,5,2.30041028160806,1.8575811826056,2.61264733551413,0.132286861131839
"1981-06",1981,6,2.93970089014942,1.84614692050013,3.54234928728618,0.355308012824738
"1981-07",1981,7,3.40248646272658,2.6785014605393,3.9288506992437,0.257731145689874
"1981-08",1981,8,2.91982740376113,2.28431435870226,3.41612354905692,0.258189547004068
"1981-09",1981,9,1.61993880486665,1.2473505668475,2.0928646557116,0.191126295705343
"1981-10",1981,10,0.631547756247749,0.459948051554471,0.851655762914094,0.0934508351171333
"1981-11",1981,11,0.168587884835466,0.0862530631503044,0.35750820246233,0.0451221458943843
"1981-12",1981,12,0.154568300151129,0.106728812320551,0.263704147592025,0.0294790069768287
"1982-01",1982,1,0.0916029497215471,0.0506056287258436,0.158774142486244,0.0171981820440239
"1982-02",1982,2,0.0803312592753607,0,0.221002914989142,0.0367018612356593
"1982-03",1982,3,0.545219307254678,0.393518771939122,0.707414219754461,0.0778826166003418
"1982-04",1982,4,1.42335232275116,1.23321976468316,1.5902996083206,0.0860509741993406
"1982-05",1982,5,2.28917600065811,1.91290239981194,2.60313749182093,0.115926447465947
"1982-06",1982,6,3.54356127648247,3.14917471251186,3.94809879742445,0.165735508171926
"1982-07",1982,7,3.09488480479398,2.33447223107306,3.44199574170095,0.20300190049494
"1982-08",1982,8,2.46163919107965,2.03929665986883,2.89697809933746,0.225778621301844
"1982-09",1982,9,1.49180192972206,1.23820581601687,1.70212522753023,0.116837901261484
"1982-10",1982,10,0.680227292881373,0.503715487502372,0.999297915722371,0.0991276021876537
"1982-11",1982,11,0.217103154814938,0.150314408195213,0.364347440323095,0.0404614786303821
"1982-12",1982,12,0.0729829151862028,0.0110558990289941,0.177500546376744,0.0344091291268407
"1983-01",1983,1,0.0278779993194699,0,0.13230476603189,0.0253363293923279
"1983-02",1983,2,0.139962270242412,0.0112441574657402,0.30565416796092,0.0583996008006832
"1983-03",1983,3,0.717429120068344,0.508523967220415,0.831865049146964,0.0678019561324872
"1983-04",1983,4,1.58172493772747,1.37566855727488,1.84362080874412,0.11547435316211
"1983-05",1983,5,2.58726917949967,2.18695990004752,3.05025793738944,0.22461985780863
"1983-06",1983,6,2.45224279860726,1.62003161598656,2.75721662627571,0.209406515112338
"1983-07",1983,7,2.85748494657071,2.12519124201615,3.2672055224439,0.248153780583597
"1983-08",1983,8,2.52094886030445,1.94840726608517,2.91052815288396,0.251158340258139
"1983-09",1983,9,1.44852524584997,1.10593611950438,1.77314307576227,0.178743043422218
"1983-10",1983,10,0.5830521083624,0.408133319054077,0.807818940880846,0.0954904707147734
"1983-11",1983,11,0.164092403089111,0.0998596384177611,0.281011435304098,0.0318810960642781
"1983-12",1983,12,0.159194874242555,0.108701441068312,0.217577773774939,0.0188269838585144
"1984-01",1984,1,0.000340068661193212,0,0.0303597575812822,0.00238151037977617
"1984-02",1984,2,0.195185092813249,0.0362463826897521,0.455949679636297,0.0891507299519562
"1984-03",1984,3,0.72423691007723,0.589227208683517,0.944284082311537,0.0799515753730089
"1984-04",1984,4,1.56557049217029,1.36834061922327,1.88928467640965,0.117793485006608
"1984-05",1984,5,2.23288044062752,1.81791248239891,2.6675053147637,0.174376798850448
"1984-06",1984,6,2.76878038651938,1.98918287015612,3.31620393037025,0.264926456459977
"1984-07",1984,7,3.24106907540359,2.13904763642338,3.9821290986031,0.435995174316983
"1984-08",1984,8,2.4894437784384,1.72172555552552,3.13084135654005,0.338915931861127
"1984-09",1984,9,1.35356111917003,1.14902973350831,1.62083404051881,0.111859057686067
"1984-10",1984,10,0.53768890593293,0.413053253371287,0.683755272059708,0.0552455920171978
"1984-11",1984,11,0.163937672716523,0.110690927615358,0.245978027513973,0.0270789326336751
"1984-12",1984,12,0.116972766298047,0.0766752013104659,0.188287805478128,0.0180931441690341
"1985-01",1985,1,0.000177378782167316,0,0.0241703328723446,0.00159971893824089
"1985-02",1985,2,0.217951444507868,0.114270268355566,0.349810474252392,0.0517098152221301
"1985-03",1985,3,0.608824279105646,0.463141811036068,0.793336431285553,0.0860801939374117
"1985-04",1985,4,1.5403906096727,1.27286660006796,1.87360727168849,0.129697725602345
"1985-05",1985,5,2.5561816121651,2.16721546163719,3.074076574547,0.217308892999011
"1985-06",1985,6,3.24947478452987,2.28399439281251,3.98436328805662,0.378197320463632
"1985-07",1985,7,3.6810096590476,2.8860820447386,4.39774677831284,0.371195505941465
"1985-08",1985,8,2.74448044374414,2.13987087542692,3.23882373244246,0.263009916131084
"1985-09",1985,9,1.4441719909754,1.13790628507567,1.70277328899328,0.134991728868716
"1985-10",1985,10,0.624356958420106,0.463408486397252,0.83480597559493,0.0931424167371027
"1985-11",1985,11,0.203818933418477,0.15278141475845,0.255219240975704,0.0214045546504088
"1985-12",1985,12,0.00122610142672958,0,0.0593224262432315,0.00566349319620252
"1986-01",1986,1,0.0280576223955475,0,0.222416116281023,0.0425259182119808
"1986-02",1986,2,0.210336180758548,0.121028115293132,0.36027715372125,0.0410931795457751
"1986-03",1986,3,0.566797173025612,0.431420477699288,0.83107232682909,0.0850782963993005
"1986-04",1986,4,1.43863538894473,1.2428934878158,1.70087032433323,0.112868707867489
"1986-05",1986,5,2.26581374049399,1.76727794830083,2.58366805886595,0.143807711805378
"1986-06",1986,6,3.05962484833587,2.42447639879696,3.57390867521222,0.278036543743781
"1986-07",1986,7,2.98177110168754,2.04545352899836,3.62657071683403,0.327324665509293
"1986-08",1986,8,3.00054325024489,2.32180826495364,3.54359131387314,0.276497336727324
"1986-09",1986,9,1.48480892041796,1.25274727569253,1.82190118020088,0.131674546556039
"1986-10",1986,10,0.596485871044222,0.432131941230148,0.878499813191475,0.0961370001471898
"1986-11",1986,11,0.265725552213347,0.186715474217568,0.399143236358008,0.0408977289513016
"1986-12",1986,12,0.0840096891861217,0,0.194553672807743,0.0375782438862085
"1987-01",1987,1,0.0453999578681793,0,0.216492721533474,0.0368237567693176
"1987-02",1987,2,0.146006834129912,0.0246091703329594,0.351071679286173,0.0644731443896104
"1987-03",1987,3,0.683911826002095,0.505902008696159,0.831439235189983,0.0763133729209334
"1987-04",1987,4,1.54711888137034,1.22191119659068,1.98928339805783,0.174423901249744
"1987-05",1987,5,2.50700092643775,1.94191871673591,2.994983771226,0.235855406105737
"1987-06",1987,6,3.2830264713263,2.35923568259591,4.1213337481407,0.434639678775454
"1987-07",1987,7,3.29235314733042,2.72513332028656,3.8678501899219,0.278845470942785
"1987-08",1987,8,2.5330006869606,2.20391920282449,2.90693831638468,0.172967011500176
"1987-09",1987,9,1.61399864705578,1.09534363436591,2.07362580926386,0.249659576085002
"1987-10",1987,10,0.711217531852094,0.473245421617898,1.0409099318639,0.127078003694942
"1987-11",1987,11,0.19566424701003,0.112745198712545,0.38067572331141,0.0508597972778582
"1987-12",1987,12,0.161328784241632,0.0816361100780899,0.379009271538292,0.0548640768445339
"1988-01",1988,1,0.105375171793909,0.0428113172886963,0.224100466265782,0.0325839831591959
"1988-02",1988,2,0.110490766991308,0.00557248778693707,0.254443702135185,0.0516807789023285
"1988-03",1988,3,0.648141883701969,0.488736359597561,0.841754691995882,0.0894704102971584
"1988-04",1988,4,1.62509184212468,1.39307637161714,1.84683236287279,0.113573644128335
"1988-05",1988,5,2.3581169015543,1.77112909372147,2.80374918188246,0.213271138171922
"1988-06",1988,6,2.80995066809085,1.91192661431663,3.43710449323952,0.338108792148935
"1988-07",1988,7,2.97380702023883,2.06079543981399,3.69120892490212,0.391539058400327
"1988-08",1988,8,2.50983382975631,1.86599506383227,3.0248186479915,0.267816362138995
"1988-09",1988,9,1.60388935777852,1.22567561324611,1.9279567015933,0.165008230806473
"1988-10",1988,10,0.617182804838049,0.440079812867764,0.868057215900881,0.0963237058675848
"1988-11",1988,11,0.238603577948139,0.142261576363348,0.474881779598645,0.0701189783262532
"1988-12",1988,12,0.12287290812216,0.0556434548413115,0.238798262195843,0.0286442193728737
"1989-01",1989,1,0.108157052958707,0.011324864774458,0.250995504352335,0.0485552043641102
"1989-02",1989,2,0.182529369479236,0.0540273693648126,0.367622340634759,0.0462069916415345
"1989-03",1989,3,0.493073434055923,0.384652390341247,0.640731431697649,0.0534173366086583
"1989-04",1989,4,1.55225675335443,1.41865429567013,1.72803138981631,0.0545076428216687
"1989-05",1989,5,2.56768976659338,2.06861339182005,3.08725183223096,0.218510662758339
"1989-06",1989,6,3.35359570686556,2.79071474859806,3.818577539679,0.220014768849618
"1989-07",1989,7,3.23505947558509,2.64429499686566,3.74807313052707,0.261501227856692
"1989-08",1989,8,2.60012035312694,2.04624474327413,3.03501738914861,0.214223100115384
"1989-09",1989,9,1.73466169021202,1.33246045683889,2.13438017046396,0.189389133911708
"1989-10",1989,10,0.681270208829535,0.5022066265095,0.925544866859474,0.0967216939279696
"1989-11",1989,11,0.25073988626666,0.135487467451748,0.494840413658878,0.0822563481242402
"1989-12",1989,12,0.0879008941542873,0,0.221932596466736,0.0451813105173952
"1990-01",1990,1,0.122120344313038,0.0571825138973374,0.250471280469645,0.0373271640109655
"1990-02",1990,2,0.202050603408463,0.097560390945003,0.358591623774689,0.0607416159130679
"1990-03",1990,3,0.585493969750508,0.459701901977655,0.783735587593761,0.0790228476402315
"1990-04",1990,4,1.54652400598081,1.39617514161653,1.71581463617956,0.0657294657526323
"1990-05",1990,5,2.31773520681865,2.0583547729964,2.62578816222393,0.130993088601119
"1990-06",1990,6,2.83168728392234,2.11869485732443,3.30752694957908,0.263335262864798
"1990-07",1990,7,3.56894900577145,2.97189340104314,3.97851419593153,0.220520982606535
"1990-08",1990,8,2.77064315687212,2.22523320981238,3.27288787595247,0.258446906792746
"1990-09",1990,9,1.88332951437956,1.32849406284411,2.32682221341934,0.230329392299961
"1990-10",1990,10,0.687488339360808,0.493012667697781,0.992833912246505,0.118861004379476
"1990-11",1990,11,0.190178080762785,0.110581347710534,0.351542766865678,0.0451255799965092
"1990-12",1990,12,0.120467608352075,0.0440467202341107,0.230699606905491,0.037926701355762
"1991-01",1991,1,0.0656114638909749,0.00918051763097864,0.137693393558165,0.0207142487964716
"1991-02",1991,2,0.0215392107010605,0,0.178089088724437,0.0373442638169572
"1991-03",1991,3,0.741747260155934,0.589707391864117,0.896073141481646,0.0780165240123072
"1991-04",1991,4,1.58983647647643,1.41214107705618,1.84085565237167,0.0916042509953818
"1991-05",1991,5,2.67939940936312,2.0433183829551,3.18206872211139,0.213795795329907
"1991-06",1991,6,3.00360299340037,2.06658095085665,3.42775213961279,0.254521083990829
"1991-07",1991,7,3.13619104655334,2.15611638157352,3.77073759863754,0.36379932152566
"1991-08",1991,8,2.68777765894099,2.09863518557472,3.14800934803938,0.250309607647091
"1991-09",1991,9,1.67218940631177,1.15125736733781,2.11993941373651,0.240068642294092
"1991-10",1991,10,0.640472606040082,0.478538895366129,0.816386353506847,0.0769173172256367
"1991-11",1991,11,0.176947109076647,0.067988569270817,0.352569229446075,0.0524700936794302
"1991-12",1991,12,0.113792994544017,0.0214643584652835,0.419254685541202,0.0716296797658044
"1992-01",1992,1,0.0888807265016773,0.0149493163053664,0.318093207033316,0.0518312776413017
"1992-02",1992,2,0.208095735113693,0.106390201927516,0.328741288203687,0.043362810580011
"1992-03",1992,3,0.695242383959762,0.546977964568374,0.913865975940741,0.0866524387291881
"1992-04",1992,4,1.56968890914357,1.36103096012266,1.90172479990411,0.123590508140534
"1992-05",1992,5,2.39682570274064,1.97617489026129,2.90226732745142,0.216339094223239
"1992-06",1992,6,3.20107015675207,2.43735242122354,4.0037702096157,0.369683533651179
"1992-07",1992,7,3.59336107448108,2.81705238933542,4.29668586422458,0.339620255351494
"1992-08",1992,8,2.94275765556054,2.48352142910262,3.36287375423608,0.194047924259344
"1992-09",1992,9,1.40884247059091,1.08545552239652,1.79044155272247,0.186657620462464
"1992-10",1992,10,0.536089056319675,0.382510837447203,0.778588586561553,0.085057943004607
"1992-11",1992,11,0.160728319459534,0.0746016997938711,0.333608386778072,0.0497140619262048
"1992-12",1992,12,0.156367157705261,0.107703032643798,0.226675639918042,0.0216697007451028
"1993-01",1993,1,0.0648452636090308,0,0.155673973818245,0.025355803982303
"1993-02",1993,2,0.0413642972874997,0,0.215970970308693,0.0421555419820246
"1993-03",1993,3,0.673727087471392,0.530348475025058,0.900818006027779,0.0762849139238203
"1993-04",1993,4,1.44818385599036,1.2764893493652,1.77207060992359,0.0981047026414251
"1993-05",1993,5,2.54856122232571,2.11382158436537,2.8624304897013,0.12919307071241
"1993-06",1993,6,2.72949661399095,2.00766223571762,3.22676834444478,0.25781312986173
"1993-07",1993,7,2.92824028267293,2.28923724092335,3.39625855214253,0.227462619241832
"1993-08",1993,8,2.52633910281535,2.21103852762862,2.79823588188826,0.134606206658222
"1993-09",1993,9,1.79705198466698,1.41627311878735,2.0789089676237,0.157758038055548
"1993-10",1993,10,0.64760176206925,0.47477404523184,0.860972964678182,0.0854028370672285
"1993-11",1993,11,0.261633046716804,0.17051745617689,0.479921368569846,0.0625026520229024
"1993-12",1993,12,0.0886181151236944,0.0163946633527233,0.268427524441209,0.0453544776016976
"1994-01",1994,1,0.0517267276442531,0,0.14867935408289,0.0334508783879427
"1994-02",1994,2,0.225101652792724,0.0967143103944484,0.3902171658776,0.0495813141273544
"1994-03",1994,3,0.544944207506225,0.372773145279797,0.759033740612593,0.100500459432268
"1994-04",1994,4,1.56420543203958,1.32641206258627,1.73454784520122,0.0870589981776709
"1994-05",1994,5,2.5066195099704,1.96367434843297,2.85395613333596,0.162519335039539
"1994-06",1994,6,2.92861322273157,2.09214765701881,3.59265910826196,0.341866435779052
"1994-07",1994,7,3.19512102669584,2.51719175600087,3.76379264829231,0.288070700564044
"1994-08",1994,8,2.78408486381032,2.32131298980391,3.15021522023342,0.186403242289821
"1994-09",1994,9,1.50370799304949,1.14055436253857,1.87680665694139,0.180083938964263
"1994-10",1994,10,0.631401086406019,0.458660167217102,0.880263073502982,0.0924798103550093
"1994-11",1994,11,0.220574576426683,0.140767500448864,0.44016241828052,0.0534438476266584
"1994-12",1994,12,0.10584360980773,0.0246837993068904,0.237143813537064,0.0383652568657822
"1995-01",1995,1,0.0667257717142961,0,0.174540454445533,0.0270388629619352
"1995-02",1995,2,0.0876315472159139,0.00369699683203748,0.229191673793487,0.0378865087949948
"1995-03",1995,3,0.622808588578056,0.481641570900208,0.852990494050019,0.0724697904667876
"1995-04",1995,4,1.492993094016,1.29882716181198,1.63626145931065,0.0636561788230852
"1995-05",1995,5,2.7283606307924,2.39587366531094,3.12141917926875,0.156512553463578
"1995-06",1995,6,3.27379797366466,2.77674257424135,3.78093376558885,0.217326235203487
"1995-07",1995,7,3.00995069391324,2.19208134928753,3.70302332446001,0.32417269432716
"1995-08",1995,8,2.32695825763119,1.87596500227084,2.77125833331396,0.212384552991931
"1995-09",1995,9,1.55496225339844,1.29164738868683,1.84074667087087,0.126713441766282
"1995-10",1995,10,0.699918821781456,0.532006084448143,0.922305420186753,0.0936690242942555
"1995-11",1995,11,0.186149093526838,0.119420977235848,0.286220735286937,0.0320061483232357
"1995-12",1995,12,0.120489867841246,0.0570267357446807,0.217252414024351,0.0280134770446288
"1996-01",1996,1,0.0900326317080708,0.0525798953758761,0.180063485920705,0.0176027206496878
"1996-02",1996,2,0.0293403114379846,0,0.176935638000942,0.0410531174860572
"1996-03",1996,3,0.645634333882749,0.489180088204841,0.775181470099074,0.0668988623524409
"1996-04",1996,4,1.32214247864287,1.14475060666963,1.60892700045068,0.0916143725487219
"1996-05",1996,5,2.32226800606329,2.09104761999999,2.52265376190733,0.0872511569401279
"1996-06",1996,6,2.79406430285183,1.89787560001782,3.1928030408872,0.229049153617618
"1996-07",1996,7,3.18273115470829,2.43616526285938,3.84867141541626,0.354950280263802
"1996-08",1996,8,2.47435407986472,1.80859514131236,2.97596676135933,0.289041429572714
"1996-09",1996,9,1.43141881631843,1.15283476519877,1.67065192594767,0.133976853081858
"1996-10",1996,10,0.589855062964663,0.436983881144842,0.845710143672639,0.0848558018867271
"1996-11",1996,11,0.201319055525182,0.140109277901314,0.278737478784781,0.0242660533602438
"1996-12",1996,12,0.100111382905838,0.0572470274544969,0.170239752995671,0.0158613625623772
"1997-01",1997,1,0.00156969874877104,0,0.0446327964908036,0.00566321181164033
"1997-02",1997,2,0.0730268829006891,0,0.248417458082202,0.0671564084703399
"1997-03",1997,3,0.660915494423118,0.507904595975634,0.816258333462932,0.0658268514806262
"1997-04",1997,4,1.48486582801415,1.33585452345426,1.64582205394949,0.0747111014357503
"1997-05",1997,5,2.53493403075751,2.17852728611125,2.78786357332353,0.0993593061483368
"1997-06",1997,6,2.92197446910425,2.06326653844259,3.4980859791408,0.303169148509232
"1997-07",1997,7,3.12994911098195,2.09403898574723,3.85100209218348,0.389182319655959
"1997-08",1997,8,2.61573213880806,2.11087932581258,3.14859641424094,0.253220286863167
"1997-09",1997,9,1.53168721797159,1.22639851669275,1.95536304617101,0.15682110679202
"1997-10",1997,10,0.628388575250852,0.478003966751972,0.840193754783356,0.0827001546171779
"1997-11",1997,11,0.136608334393578,0.0805261890633291,0.278290131315949,0.0353308265237238
"1997-12",1997,12,0.12014410132402,0.00837656124513723,0.434650221594498,0.0780019057108288
"1998-01",1998,1,0.144087928578843,0.0865292008624341,0.20450714927323,0.0217978754656481
"1998-02",1998,2,0.0527612460010652,0,0.272484432035055,0.0623433345741833
"1998-03",1998,3,0.679461367085833,0.568011652063498,0.812323399003077,0.0623245468090065
"1998-04",1998,4,1.55544916953041,1.35434886523606,1.81167391193399,0.0972357677926299
"1998-05",1998,5,2.72440085931519,2.09359858958273,3.1847929779508,0.211897718750178
"1998-06",1998,6,3.12638845375979,2.49448062780552,3.71235555701805,0.286731696690035
"1998-07",1998,7,3.42759602916415,2.65252562311226,4.05885098887696,0.299372746227498
"1998-08",1998,8,2.65502800995029,1.92330561851596,3.29768720939044,0.341202117476185
"1998-09",1998,9,1.55743478782081,1.20720999061057,1.88054176936937,0.166104792445527
"1998-10",1998,10,0.60671457757104,0.454365908757814,0.864968602353712,0.08398515553803
"1998-11",1998,11,0.172284722720458,0.123563797396507,0.264784628333648,0.0281166089361429
"1998-12",1998,12,0.131316198809209,0.0655808986513392,0.25115102641182,0.0321663315619824
"1999-01",1999,1,0.0300902175628417,0,0.136102027458865,0.0238233958057646
"1999-02",1999,2,0.175541202889267,0.00608753256634995,0.393017035043753,0.0830375965888515
"1999-03",1999,3,0.677953467097446,0.520282605475452,0.919458516133255,0.0883036893570035
"1999-04",1999,4,1.52118586450996,1.29770305857145,1.76101393876599,0.108211606704778
"1999-05",1999,5,2.16528863041338,1.67970359776194,2.51409860261605,0.164054605494226
"1999-06",1999,6,2.64571738706803,1.71705154879197,3.15080979136995,0.259492498193061
"1999-07",1999,7,2.96146906246949,2.25926619839823,3.45552457008951,0.276742357813477
"1999-08",1999,8,2.31783442479892,1.77096813846854,2.74156291438239,0.213673332328122
"1999-09",1999,9,1.61055077169223,1.21332609153084,1.91228330724961,0.172034918677743
"1999-10",1999,10,0.670008615879875,0.453370496428844,0.978848706938771,0.128318132913382
"1999-11",1999,11,0.182897843559309,0.0924189371007808,0.421893579381717,0.0645861702917125
"1999-12",1999,12,0.124039058700861,0.0321442152866312,0.331061315120593,0.0602782815649021
"2000-01",2000,1,0.129224705698422,0.0853411668797325,0.201499216140875,0.0205012629164577
"2000-02",2000,2,0.0714619593835651,0,0.247645205054411,0.0586746789435867
"2000-03",2000,3,0.610370610086648,0.498406777206586,0.785547396041762,0.0714002815933388
"2000-04",2000,4,1.49672493654922,1.31380142062063,1.71616182717354,0.0834949056055953
"2000-05",2000,5,2.33598531911803,2.03561460997144,2.70347162045806,0.135471657977209
"2000-06",2000,6,2.93716317578173,2.22486115878196,3.54749632920146,0.278485153022597
"2000-07",2000,7,2.85613260879496,1.81424229889478,3.40869590947004,0.330800366066534
"2000-08",2000,8,2.36110878114919,1.77452807057454,2.83484033947667,0.259200347740777
"2000-09",2000,9,1.41705882671029,1.1125621452955,1.70490638826281,0.149747652876465
"2000-10",2000,10,0.579049327681432,0.442588336081886,0.791958007655043,0.0754142469198688
"2000-11",2000,11,0.160526670262604,0.0928238468224344,0.369931368120106,0.0518430553944334
"2000-12",2000,12,0.139909415958755,0.0961855272915114,0.251200186471157,0.0259068267367234
"2001-01",2001,1,0.0265028793103769,0,0.216360788022023,0.0388524503321719
"2001-02",2001,2,0.171546141224127,0.0698251235316943,0.319847726721512,0.0418993297901152
"2001-03",2001,3,0.607395804156829,0.467062982966817,0.819029766336129,0.0879954978337825
"2001-04",2001,4,1.46904914740506,1.30226264596361,1.63208926203006,0.0733074395022461
"2001-05",2001,5,2.09604962738871,1.43002195701208,2.58295391013625,0.229322505781565
"2001-06",2001,6,2.67895327347085,2.11104261006241,3.27324901592161,0.320632568661633
"2001-07",2001,7,2.83135604063801,1.79620934340923,3.41467877635271,0.335291745035092
"2001-08",2001,8,2.55019450343424,1.84533706178679,3.00683102169741,0.252940208270178
"2001-09",2001,9,1.49927029272709,1.1317474850813,1.87465513649242,0.199696662176428
"2001-10",2001,10,0.635063914087875,0.456250741717547,0.909751446465247,0.111823574861811
"2001-11",2001,11,0.18163390056581,0.100380808606585,0.406964887857649,0.0532327802753115
"2001-12",2001,12,0.131826991103077,0.0610296058047263,0.268363141937386,0.0377505911525834
"2002-01",2002,1,0.0299341749602179,0,0.155396110260897,0.0332054291296219
"2002-02",2002,2,0.162473969820334,0.0216168154971855,0.325052771930931,0.0586715597060578
"2002-03",2002,3,0.602069788662573,0.472991784542119,0.692873593815291,0.0525440204835738
"2002-04",2002,4,1.30638233402844,1.09385805328167,1.46885330107089,0.0771460604541116
"2002-05",2002,5,2.1234802634579,1.81834692842566,2.34549700193093,0.0797630176318734
"2002-06",2002,6,2.99653152153844,2.19048392363212,3.69274878454758,0.326370947603743
"2002-07",2002,7,3.0910390358204,2.26910804813967,3.90977354504725,0.403186195921272
"2002-08",2002,8,2.57759376253251,1.77514582293506,3.1822205818103,0.31512948681994
"2002-09",2002,9,1.36819938704378,1.07175445017753,1.68041257693395,0.158780757817329
"2002-10",2002,10,0.576381960397072,0.403310420637647,0.765752568671671,0.0837788736104935
"2002-11",2002,11,0.154428514061724,0.0820234926528055,0.318022841078837,0.0410261877959004
"2002-12",2002,12,0.148581026228865,0.0830381500490506,0.360209023847645,0.0487633476972859
"2003-01",2003,1,0.0784985088409122,0,0.267516606846589,0.0513942964293589
"2003-02",2003,2,0.157056587659446,0.0585351220306233,0.318575423662283,0.0553355485828483
"2003-03",2003,3,0.611292523680905,0.440389686978881,0.800181283527338,0.075354169613647
"2003-04",2003,4,1.38530793832849,1.1719062515302,1.56258707314064,0.063968551697724
"2003-05",2003,5,2.32011762432558,1.93925617994346,2.59749302169727,0.114696059081427
"2003-06",2003,6,3.12898639124528,2.2122981990545,3.7557407581867,0.349554128885279
"2003-07",2003,7,3.19034380767104,2.29696253954848,3.88958954098498,0.39481814862944
"2003-08",2003,8,2.59228216184205,1.92457949617428,3.03516758568375,0.253840266176234
"2003-09",2003,9,1.41718510464594,1.06102187290618,1.74559933806188,0.184535350491195
"2003-10",2003,10,0.57583908274624,0.414864611722534,0.820921500603161,0.0902500186280196
"2003-11",2003,11,0.242570730040689,0.16114334117257,0.423646710605825,0.0504765936150695
"2003-12",2003,12,0.10090286760609,0.00708023246561009,0.323442895282872,0.0516315408938632
"2004-01",2004,1,0.0850232125315613,0.0326791595420733,0.192536655472202,0.0244585815618002
"2004-02",2004,2,0.0425137987599347,0,0.199664158063095,0.0486524478820962
"2004-03",2004,3,0.741597903386832,0.586886638871307,0.988620707248621,0.100593919274977
"2004-04",2004,4,1.63569592891368,1.38052423410723,1.94260694669117,0.132738123898225
"2004-05",2004,5,2.58567489211691,2.19762023149704,2.99983896019193,0.191040987946653
"2004-06",2004,6,3.37050251432538,2.86197124742474,3.77555790090225,0.224721616637997
"2004-07",2004,7,3.28938066391381,2.57485755135282,3.81128900513996,0.268983944112366
"2004-08",2004,8,2.58886798340572,2.24763922724276,2.93935714035746,0.167434960790824
"2004-09",2004,9,1.41505817918316,1.12594512902455,1.68721804717762,0.146015305836124
"2004-10",2004,10,0.576378232270444,0.425066081916187,0.794696768762722,0.0820546677035464
"2004-11",2004,11,0.210141028272185,0.124353650326963,0.394325127852239,0.0552914181904186
"2004-12",2004,12,0.126540050666673,0.0534112726008164,0.219581660128295,0.0358677997290741
"2005-01",2005,1,0.103486694347832,0.0407170715675666,0.196649596395514,0.0269110411986811
"2005-02",2005,2,0.109246945427427,0,0.335101599005018,0.0769846000054715
"2005-03",2005,3,0.682480238721878,0.539836557855136,0.943974020503262,0.097460096545743
"2005-04",2005,4,1.66361208086866,1.43630348662634,2.03538534578164,0.134478741306826
"2005-05",2005,5,2.66042497969738,2.32065355710732,3.06697931009425,0.169939697978115
"2005-06",2005,6,3.04507067927502,2.23990397539512,3.57594618012562,0.243188077017276
"2005-07",2005,7,2.87979359138388,1.9504967474091,3.4424896676324,0.297393714232286
"2005-08",2005,8,2.4428760094074,1.94838549143598,2.95160608556458,0.249649431994993
"2005-09",2005,9,1.4921536932117,1.14609461190814,1.83606192895358,0.169124275060638
"2005-10",2005,10,0.605491818325984,0.4492907939053,0.870497155441854,0.0888026225575357
"2005-11",2005,11,0.217158963490046,0.123307607669348,0.440779636795092,0.0660409074015416
"2005-12",2005,12,0.121730291690896,0.0420369716066733,0.268885266364632,0.043980151277527
"2006-01",2006,1,0.0769661444623776,0.000537384632929599,0.199545639270785,0.0416598006528579
"2006-02",2006,2,0.182744395845947,0.0552900009620847,0.326020157044778,0.0628465845429656
"2006-03",2006,3,0.620882939006468,0.465380599310927,0.799612896932392,0.0710845409663318
"2006-04",2006,4,1.5299303935287,1.24484873500178,1.83114041890974,0.126951371812064
"2006-05",2006,5,2.57953296159326,2.05630022887756,3.13437138237283,0.26798063660088
"2006-06",2006,6,3.62800258183346,2.76002416922114,4.20621704504257,0.325594596291781
"2006-07",2006,7,3.31384062834195,2.32739975579715,3.89877577717163,0.327136862148484
"2006-08",2006,8,2.76066826126717,1.97433350776192,3.34501462915823,0.336485334176698
"2006-09",2006,9,1.48816969710416,1.0887069067691,1.78373971243486,0.163566520020777
"2006-10",2006,10,0.633006141819545,0.469917464728179,0.822022440746379,0.0800726197154616
"2006-11",2006,11,0.241553588486778,0.184000449010908,0.309917636800081,0.0231776965401602
"2006-12",2006,12,0.0491780720806924,0,0.27844527865781,0.0584886082819353
"2007-01",2007,1,0.104181909740252,0.0221294904086576,0.307075470554617,0.0449476390942418
"2007-02",2007,2,0.171462266908471,0.0686032119285399,0.272980016021478,0.0371075517502458
"2007-03",2007,3,0.668238295556462,0.470935684332464,0.92757078919126,0.105811166323955
"2007-04",2007,4,1.39788373392608,1.18630064754617,1.65523866400524,0.097745792206774
"2007-05",2007,5,2.37103768281862,1.99268673771098,2.772073212782,0.173277267679145
"2007-06",2007,6,2.82165762722953,1.98470135209565,3.41051777922301,0.302518327381961
"2007-07",2007,7,3.15447092478717,2.13142097422466,3.86614959103617,0.408002040082106
"2007-08",2007,8,2.44267914222876,2.05315584291899,2.850888762437,0.218595378468325
"2007-09",2007,9,1.51953006612172,1.15543035731817,1.83893744774343,0.169810149337938
"2007-10",2007,10,0.635138626646898,0.468574530596524,0.90960776150951,0.104151987896774
"2007-11",2007,11,0.194205175707098,0.118196041616171,0.350573854803897,0.0442966221229306
"2007-12",2007,12,0.148129843179127,0.087166516255185,0.230780723189689,0.0270512487184673
"2008-01",2008,1,0.0349786188940909,0,0.126977073025293,0.0255705813598455
"2008-02",2008,2,0.126594763161734,0.0285715070101359,0.276878388152672,0.0517836281282929
"2008-03",2008,3,0.670113100914674,0.485927869525354,0.890143030282153,0.099583583876796
"2008-04",2008,4,1.40099256096289,1.24977638827347,1.55298869943386,0.0607522730035824
"2008-05",2008,5,2.25925043643851,1.84371129073807,2.60099564407257,0.140681518687368
"2008-06",2008,6,3.09232419507877,1.93858861981825,3.76515515845443,0.374690841090489
"2008-07",2008,7,3.13583416298167,1.9277642434269,3.84485137930336,0.426730515743429
"2008-08",2008,8,2.44131498281699,1.82347966252144,2.92171921767605,0.255208557988505
"2008-09",2008,9,1.56246886785072,1.1881758051326,1.89824425825741,0.172711463576191
"2008-10",2008,10,0.69988156093117,0.505055605872977,0.997419018815712,0.109029395883053
"2008-11",2008,11,0.187451049474577,0.112107762518409,0.408429606673198,0.0537886039442946
"2008-12",2008,12,0.173602265400606,0.137267382975374,0.229328685088557,0.0165796213871325
"2009-01",2009,1,0.0321213566389237,0,0.156618944744779,0.0363140980598395
"2009-02",2009,2,0.1299424510595,0.0090260220675837,0.300032966306409,0.0547118998972179
"2009-03",2009,3,0.575147693669953,0.437933895382779,0.776230708467257,0.0795687042613785
"2009-04",2009,4,1.35401111833393,1.20897661099714,1.53580903264757,0.0665145244343432
"2009-05",2009,5,2.27301280333946,1.95014168463046,2.68371233092269,0.18264327663394
"2009-06",2009,6,3.26515664428285,2.55045850139189,3.92013846520559,0.329546412365316
"2009-07",2009,7,3.40638054691006,2.93150451668197,3.88180005730989,0.226325244095925
"2009-08",2009,8,2.85173560974396,2.21041638466979,3.46585837105366,0.31509142602756
"2009-09",2009,9,1.55424851683748,1.1624033916449,2.06273127259828,0.224317007537647
"2009-10",2009,10,0.612831029226673,0.467903129458925,0.773093540566607,0.061113203879035
"2009-11",2009,11,0.222485196214078,0.123625925805224,0.47431447534095,0.0750880348381372
"2009-12",2009,12,0.161869375684716,0.111098379540431,0.222567528297689,0.0211588477450645
"2010-01",2010,1,0.000540068333168208,0,0.0415779999114457,0.00340113516037754
"2010-02",2010,2,0.122510441064552,0,0.290873842963121,0.0633891348364369
"2010-03",2010,3,0.776175367082218,0.608082513045713,1.20078162625627,0.127599664641483
"2010-04",2010,4,1.57815244147391,1.38178765646079,1.86925763790957,0.1127763769314
"2010-05",2010,5,2.34763082865121,1.95211454797578,2.68348685171798,0.144892256013885
"2010-06",2010,6,3.19169260917969,2.10602525531249,3.77078253998258,0.327749278338607
"2010-07",2010,7,3.61576430245385,2.60373321788593,4.42776978837587,0.425109425838205
"2010-08",2010,8,2.7151696196207,2.05876435256335,3.23109298202039,0.269825855543631
"2010-09",2010,9,1.41208584308237,1.22580649119031,1.59915508808911,0.0849267336074044
"2010-10",2010,10,0.612493645537012,0.471342140380719,0.870134920024694,0.0815757631639925
"2010-11",2010,11,0.237764733712656,0.159555083625236,0.3743295902115,0.0380045285561778
"2010-12",2010,12,0.123057643753646,0.0767086305834728,0.210374058695673,0.0220673931432943
"2011-01",2011,1,0.0354171662828713,0,0.119464690729126,0.0256158262464264
"2011-02",2011,2,0.1546611434045,0.0601339571514405,0.271628054299287,0.0368571689137395
"2011-03",2011,3,0.567771032032673,0.408101595678308,0.719623339875493,0.0633650265172743
"2011-04",2011,4,1.44128833796913,1.24686030845313,1.63737759740147,0.0988215888122674
"2011-05",2011,5,2.04298741507464,1.76519227567495,2.39960947315036,0.133294501368657
"2011-06",2011,6,2.74303274441622,1.81405240625528,3.22878222398758,0.258142655268811
"2011-07",2011,7,2.48023067211764,1.44959110871716,2.98227471578441,0.305927181548635
"2011-08",2011,8,2.45812405607338,1.72694326098941,2.95117554940732,0.274738463967864
"2011-09",2011,9,1.44287841666944,1.00902531616106,1.86845139468314,0.223850560143835
"2011-10",2011,10,0.656918647389071,0.480433485484827,0.917092329252872,0.105615701380123
"2011-11",2011,11,0.256816342670936,0.157168743818151,0.464861165000715,0.0739682569891176
"2011-12",2011,12,0.123263183621405,0.0151777216966163,0.296422615377769,0.0646437951808412
"2012-01",2012,1,0.14176308817846,0.050566117373306,0.315937253614204,0.0559256657461726
"2012-02",2012,2,0.094956682435057,0,0.260591266885961,0.0597194781334405
"2012-03",2012,3,0.693506644560658,0.536058961519443,0.916665845705268,0.0908478306657027
"2012-04",2012,4,1.37982514083515,1.24570453437772,1.51925354599218,0.0508855864196905
"2012-05",2012,5,2.40862929765331,1.92533485458555,2.96228115953081,0.238086284010278
"2012-06",2012,6,2.46165930811372,1.71323830494609,2.97688408131057,0.291972910947916
"2012-07",2012,7,3.396815238043,2.60961121622721,3.9745752141587,0.303074589497247
"2012-08",2012,8,2.73647402140991,2.09850637481215,3.20080887675148,0.257932209266977
"2012-09",2012,9,1.81438652243211,1.29450006680816,2.24166930432387,0.217984731402214
"2012-10",2012,10,0.637133760968106,0.496195859502359,0.785259379933046,0.0590072066908135
"2012-11",2012,11,0.171426779572303,0.0999198362509752,0.268500732922271,0.0287821361032346
"2012-12",2012,12,0.12233933716317,0.0765937365650026,0.196158338178051,0.0241055527914382
"2013-01",2013,1,0.0174780314269181,0,0.142231405527067,0.030794832125782
"2013-02",2013,2,0.171969644673628,0.0255453876064376,0.34103323068322,0.0696231537781469
"2013-03",2013,3,0.715884164033675,0.561673336513529,0.852126040643761,0.069582939892382
"2013-04",2013,4,1.40624338624506,1.18066827213581,1.63418191134434,0.108830828003908
"2013-05",2013,5,2.38654727919831,1.9559875609693,2.76534098435115,0.167941158709977
"2013-06",2013,6,2.99507441358117,2.07863527856721,3.49338222172828,0.277998806710986
"2013-07",2013,7,3.47000609944127,2.76554111548627,4.10872131812358,0.326441142108131
"2013-08",2013,8,2.62837671665698,2.09843967662814,3.03494784434444,0.238104029489558
"2013-09",2013,9,1.70876124853435,1.39767408774285,2.04477769069902,0.156916504176918
"2013-10",2013,10,0.673316560733594,0.517795938211717,0.862855030696503,0.0773287400914737
"2013-11",2013,11,0.206505215049993,0.151160448542551,0.316381705410648,0.0281078259173435
"2013-12",2013,12,0.128304035243324,0.0728590161279603,0.236405477580964,0.0298521541282711
"2014-01",2014,1,0.0256613111677348,0,0.140271254198681,0.0340210260168576
"2014-02",2014,2,0.227112013912009,0.141963424225905,0.359312028296169,0.0381333700078463
"2014-03",2014,3,0.495944317694338,0.384819399277853,0.587484056367281,0.0437882479773122
"2014-04",2014,4,1.35442575227598,1.16697773078246,1.55945653176659,0.0911110053998598
"2014-05",2014,5,2.34789687864403,1.92115967010576,2.71983970848004,0.159248139221353
"2014-06",2014,6,3.28087730667774,2.29402510528521,3.81677220895,0.299122657678154
"2014-07",2014,7,3.60737710837702,2.6078128003081,4.16222184693171,0.318900713053597
"2014-08",2014,8,3.00143830499044,2.35912973311249,3.56540668909606,0.277223631695176
"2014-09",2014,9,1.65567526066978,1.2703455322619,1.96667470510922,0.168476936837867
"2014-10",2014,10,0.658345837844684,0.498570121114625,0.952064117541751,0.0996172310394166
"2014-11",2014,11,0.222361144036747,0.155010107493641,0.333960625298235,0.0316025007850579
"2014-12",2014,12,0.0950623306563042,0.0253487991666995,0.215267230335853,0.0305062794480429
"2015-01",2015,1,0.0340346711810788,0,0.152976065640286,0.0304757387234894
"2015-02",2015,2,0.161131796907021,0.077178622073165,0.297665007160816,0.034719607420154
"2015-03",2015,3,0.680379274526782,0.538664202139894,0.912408633435278,0.0860330218675942
"2015-04",2015,4,1.55403063869887,1.30310363294732,1.9455177800164,0.143635476795383
"2015-05",2015,5,2.72791215162837,2.34407465805284,3.1065163890451,0.181722012622414
"2015-06",2015,6,3.33022581095602,2.60956387643278,3.92586036343221,0.310828516123045
"2015-07",2015,7,3.59637472869096,2.55413911028733,4.35360624176786,0.410073459481495
"2015-08",2015,8,2.51982588542555,1.90812566135697,3.06959570091887,0.307808126895057
"2015-09",2015,9,1.41977667309658,1.06488412729243,1.78558666189621,0.189494834564733
"2015-10",2015,10,0.561283506301276,0.411994177520478,0.770975702192703,0.0791953273445872
"2015-11",2015,11,0.264539773229554,0.180127816082892,0.433806071745023,0.0500332051303299
"2015-12",2015,12,0.113080250932612,0.0487274210746358,0.227759570052111,0.0358607995094813
"2016-01",2016,1,0.0401865343467134,0,0.138157336727339,0.0295704761715758
"2016-02",2016,2,0.119045686579303,0,0.342982355333728,0.0695535302181006
"2016-03",2016,3,0.74651180673069,0.567509950015184,1.0080586194904,0.0962942271221242
"2016-04",2016,4,1.61299199034017,1.27445590706305,1.95223548822823,0.148086586050694
"2016-05",2016,5,2.6042758800248,2.15364403043014,3.06184991737406,0.221173768310659
"2016-06",2016,6,3.0481730591897,2.07216917488156,3.51883883689273,0.298499762968191
"2016-07",2016,7,2.8134202792328,1.93587303818581,3.3523565685125,0.301983555787086
"2016-08",2016,8,2.57702274591451,2.02437741161465,3.11961811258408,0.253199804655217
"2016-09",2016,9,1.48642732390344,1.18449660509589,1.75985167414855,0.144401071651801
"2016-10",2016,10,0.604377402536549,0.485391233635901,0.701137175702563,0.0495117371309311
"2016-11",2016,11,0.155311205356194,0.0588131023183338,0.341458823957902,0.0434689867636941
"2016-12",2016,12,0.186745537969375,0.132151184633338,0.283381655871212,0.0296375544055295
"2017-01",2017,1,0.00947638901994197,0,0.112283740855063,0.0177626940553917
"2017-02",2017,2,0.132272789021329,0.0324672178353125,0.289894447265307,0.0391053620882427
"2017-03",2017,3,0.577480668075434,0.438549119933922,0.768326525710246,0.0800049668919498
"2017-04",2017,4,1.39506161973338,1.1937481282263,1.5933090553124,0.0685263598969812
"2017-05",2017,5,2.44471282535077,1.92028575474461,2.90207392941108,0.209536218463997
"2017-06",2017,6,3.21974757894281,2.22091435922394,3.79593100849901,0.340492524761039
"2017-07",2017,7,3.27625471867727,2.20214430955297,3.97596776548175,0.397096819663402
"2017-08",2017,8,2.65271299983123,2.01054509262709,3.1311415464998,0.267464639630879
"2017-09",2017,9,1.5583665020195,1.28364318749565,1.76740684446457,0.115655631615909
"2017-10",2017,10,0.65730284091813,0.497652817618135,0.852375817673933,0.0814408633828111
"2017-11",2017,11,0.218290821703475,0.159532125348432,0.327339705339739,0.0301407354197092
"2017-12",2017,12,0.115532685857764,0.0554063217875722,0.227494891021183,0.0291845315742959
"2018-01",2018,1,0.0284887114610236,0,0.117287006124199,0.0241402731365299
"2018-02",2018,2,0.17721557802861,0.0722161205108634,0.314467803409295,0.0465994910670702
"2018-03",2018,3,0.517526394265035,0.385587707999628,0.675524108827982,0.0703792662337286
"2018-04",2018,4,1.43764461830561,1.27081277949581,1.60605269766063,0.0657166622526881
"2018-05",2018,5,2.64065160583795,2.09161012292776,3.11572168805726,0.241065830203861
"2018-06",2018,6,3.17415738258631,2.12514055688768,3.89181256766216,0.356313634504246
"2018-07",2018,7,3.47729996772763,2.88567949148171,3.98109557454447,0.255020599897605
"2018-08",2018,8,3.1784225114362,2.37571385254736,3.85768352487374,0.323399556356194
"2018-09",2018,9,1.44828788234757,1.21830230208854,1.68824578884402,0.119593174655582
"2018-10",2018,10,0.542134112612648,0.402195336192554,0.761068426956689,0.0767082740328161
"2018-11",2018,11,0.175039680049439,0.105416756240156,0.290756080661981,0.0289182128957306
"2018-12",2018,12,0.154323173631485,0.0946929053590849,0.319121250279355,0.0424343952962975
"2019-01",2019,1,0.0428850602024603,0,0.167429371976205,0.0353035771033604
"2019-02",2019,2,0.239929620875879,0.149449003010527,0.374355678555517,0.0367913727803775
"2019-03",2019,3,0.486590754313211,0.344193492590328,0.691161835576686,0.0616177750795306
"2019-04",2019,4,1.57547599386189,1.37598603611846,1.81580515740698,0.0941953242938879
"2019-05",2019,5,2.65194134091926,2.28782054737803,3.06705198104059,0.182140871753721
"2019-06",2019,6,3.08558003782967,2.20887149835451,3.67246011452366,0.285346305923873
"2019-07",2019,7,2.86288978048797,2.24710093357628,3.31358169596667,0.22299437620996
"2019-08",2019,8,2.45678337594794,1.9544941232609,2.89186696747412,0.223682146408479
"2019-09",2019,9,1.3732396159846,1.11682133364207,1.63140457649687,0.132366408330807
"2019-10",2019,10,0.63393486944055,0.476905524870078,0.863049056427485,0.0834309655712666
"2019-11",2019,11,0.169460082414304,0.122015129008461,0.294062413028888,0.0252236586661229
"2019-12",2019,12,0.130192765751136,0.064916890345718,0.247956509507622,0.0382728818171233
"2020-01",2020,1,0.0985374919300089,0.0413243255258891,0.176948711448027,0.0250895275796911
"2020-02",2020,2,0.130306508009371,0,0.306186223320348,0.073307111850756
"2020-03",2020,3,0.675955710636124,0.505817980974037,0.837727975976887,0.0820126862208277
"2020-04",2020,4,1.47338290387273,1.31636162760597,1.69738826380248,0.0853813350129681
"2020-05",2020,5,2.43464958032706,2.02919663711953,2.77012143173046,0.14086443829531
"2020-06",2020,6,2.73289636885682,1.78305284865889,3.31099784109555,0.323425948234773
"2020-07",2020,7,2.67747382500493,1.95936483798244,3.1382838768413,0.274729523772037
"2020-08",2020,8,2.26919650835606,1.51307971791499,2.85174268430808,0.346742823174121
"2020-09",2020,9,1.43515957442762,1.1433158851238,1.72596361710548,0.162409304145331
"2020-10",2020,10,0.630199603974205,0.486249034597507,0.769487052243087,0.0693483742651212
"2020-11",2020,11,0.198131512057787,0.119975823159314,0.361955232485794,0.0437128406848745
"2020-12",2020,12,0.0978943768116475,0.0109448768149078,0.294385346443515,0.051336474597561
"2021-01",2021,1,0.104319135587408,0.0279508588250791,0.292993161277045,0.0482938191964342
"2021-02",2021,2,0.199808676680733,0.106123977966501,0.312838603500694,0.0516920204150762
"2021-03",2021,3,0.608283048959647,0.433706430773678,0.838486376629716,0.108303031342555
"2021-04",2021,4,1.63381429509021,1.4017285840752,1.89209488874169,0.118266273777479
"2021-05",2021,5,2.26973416001532,1.73201636986067,2.75675601213784,0.210813572443583
"2021-06",2021,6,3.34215484578356,2.60700247762596,3.88747011713142,0.31775614335971
"2021-07",2021,7,3.56030297545697,2.77446255182573,4.13742175660852,0.337822094789682
"2021-08",2021,8,2.63546305633883,1.9218691516767,3.22523704187138,0.295438728463655
"2021-09",2021,9,1.44443693975143,1.03173002862874,1.90707763660684,0.233755128443105
"2021-10",2021,10,0.625245997563171,0.472773969010517,0.850477479500614,0.0855682076787032
"2021-11",2021,11,0.204742175331159,0.11021806440587,0.435976248946545,0.0746078679250944
"2021-12",2021,12,0.174197832486401,0.126063175961047,0.235079229725532,0.0249287138948382
"2022-01",2022,1,0.00253208085273046,0,0.0785559316977661,0.00871438213969463
"2022-02",2022,2,0.161724520684467,0.0333830376461579,0.353315770938252,0.0676981122551542
"2022-03",2022,3,0.705244641836399,0.542180821187444,0.907312442719565,0.0923431136083331
"2022-04",2022,4,1.46558496958318,1.23049613594708,1.65436136352372,0.0812525541429857
"2022-05",2022,5,2.12968992762673,1.7815869586821,2.43228089430431,0.107096897550041
"2022-06",2022,6,2.99784786594968,2.1196904479252,3.44403986630383,0.240140340937188
"2022-07",2022,7,3.23587268428942,2.43525523051734,3.79849026821425,0.308865181555675
"2022-08",2022,8,2.87781717723554,2.2604059050127,3.32622192344963,0.239561974145613
"2022-09",2022,9,0.99509506817242,0.633329821639063,1.30525607822354,0.160154380813616
"2022-10",2022,10,0.529210765908444,0.262510758251642,0.846489267396548,0.141204577021313
"2022-11",2022,11,0.291402663417619,0.219507153596593,0.375932847316769,0.033014984275324
"2022-12",2022,12,0.113069490180255,0.0743077156154994,0.160856563012756,0.0160431176520941
"2023-01",2023,1,3.4158583667172e-08,0,6.039237592356e-05,1.43628619217906e-06
"2023-02",2023,2,0.158682068541008,0.105226580204599,0.29296632027969,0.0352541732827554
"2023-03",2023,3,0.315058657807623,0.211477479693264,0.421200460395199,0.0364554025686247
"2023-04",2023,4,0.564120716657286,0.394000889024018,0.831984815590238,0.0901992944198195
"2023-05",2023,5,1.16544084208738,0.879702713391306,1.4725504402117,0.134744331764396
"2023-06",2023,6,1.86903381443728,1.29981357910219,2.4131458135923,0.234126054309391
"2023-07",2023,7,1.51475898808147,1.0928315531937,1.98795681971378,0.19525272677235
"2023-08",2023,8,1.36514303176136,0.896126014032585,1.74324205492896,0.168108173078966
"2023-09",2023,9,0.946086302571533,0.600777523870419,1.20199452174438,0.15512439274445
"2023-10",2023,10,0.398905977498879,0.252431766005237,0.70492044197891,0.0913817720613323
"2023-11",2023,11,0.207273470946537,0.126376373170867,0.40157679825602,0.0604255092067083
"2023-12",2023,12,0.136506435628186,0.041091284285818,0.320544332883862,0.0470242112946856
"2024-01",2024,1,0.137870359452227,0.0515157223908885,0.21379480315487,0.0314951971512405
"2024-02",2024,2,0.0773583117904694,0.00106045748668521,0.160453803176641,0.0264120623685613
"2024-03",2024,3,0.630636032708575,0.496727614128444,0.791452860820974,0.0664513127084524
"2024-04",2024,4,1.53704866348429,1.30363662562205,1.78035341049146,0.109527522500113
"2024-05",2024,5,2.41960797560591,1.69551508622371,2.90035256642159,0.237409085120782
"2024-06",2024,6,2.77095141755342,1.9265154630921,3.16693448065042,0.231148939139878
"2024-07",2024,7,3.62723109557414,2.64976594186155,4.42874031950873,0.389851993261661
"2024-08",2024,8,2.81460378679811,2.38563302225248,3.21947939101639,0.19505850906622
"2024-09",2024,9,1.61147465207499,1.14043075420736,1.99624196651234,0.213798065132945
"2024-10",2024,10,0.664064475181679,0.492305982615314,0.909874994611053,0.0988191763645907
"2024-11",2024,11,0.199968553632938,0.135399327037818,0.310053907786889,0.0316130074526238
"2024-12",2024,12,0.047992835991021,0,0.165953037619494,0.0356293046329669
"2025-01",2025,1,0.0970063771810519,0.026866925565285,0.192283875980414,0.0315655281496652
"2025-02",2025,2,0.197513864295789,0.0963086764856696,0.357241827177627,0.045430931971498
"2025-03",2025,3,0.513735457633286,0.440634992818141,0.622051930692254,0.0364818303102271
"2025-04",2025,4,1.61735076326223,1.37988299741755,1.92132409443535,0.118329335661391
"2025-05",2025,5,2.34461466682344,1.5531766913013,2.80769715111317,0.272093796360844
"2025-06",2025,6,3.16081235595733,2.22897081991204,3.8709357029164,0.366434119535876
"2025-07",2025,7,3.12077041838953,2.44783186753253,3.69625151129097,0.279630420749609
"2025-08",2025,8,2.70384114443952,2.19614443412437,3.16042407773803,0.233919669077169
"2025-09",2025,9,1.64248502037574,1.32753772994887,1.916836732601,0.139282523371155
"2025-10",2025,10,0.70462398079671,0.541090370784381,0.936084461849275,0.0930684640537179
"2025-11",2025,11,0.182962088278345,0.122770856975622,0.319298598840113,0.0383176917279852
"2025-12",2025,12,0.153534625325445,0.086489411484807,0.260657050228594,0.0324697987380743
