Date,Tmax_C,Tmin_C,Tmean_C,Total_Precip_mm,Rain_mm,Snow_cm
1973-01-01,NA,NA,NA,NA,NA,NA
1973-01-02,NA,NA,NA,NA,NA,NA
1973-01-03,NA,NA,NA,NA,NA,NA
1973-01-04,NA,NA,NA,NA,NA,NA
1973-01-05,NA,NA,NA,NA,NA,NA
1973-01-06,NA,NA,NA,NA,NA,NA
1973-01-07,NA,NA,NA,NA,NA,NA
1973-01-08,NA,NA,NA,NA,NA,NA
1973-01-09,NA,NA,NA,NA,NA,NA
1973-01-10,NA,NA,NA,NA,NA,NA
1973-01-11,NA,NA,NA,NA,NA,NA
1973-01-12,NA,NA,NA,NA,NA,NA
1973-01-13,NA,NA,NA,NA,NA,NA
1973-01-14,NA,NA,NA,NA,NA,NA
1973-01-15,NA,NA,NA,NA,NA,NA
1973-01-16,NA,NA,NA,NA,NA,NA
1973-01-17,NA,NA,NA,NA,NA,NA
1973-01-18,NA,NA,NA,NA,NA,NA
1973-01-19,NA,NA,NA,NA,NA,NA
1973-01-20,NA,NA,NA,NA,NA,NA
1973-01-21,NA,NA,NA,NA,NA,NA
1973-01-22,NA,NA,NA,NA,NA,NA
1973-01-23,NA,NA,NA,NA,NA,NA
1973-01-24,NA,NA,NA,NA,NA,NA
1973-01-25,NA,NA,NA,NA,NA,NA
1973-01-26,NA,NA,NA,NA,NA,NA
1973-01-27,NA,NA,NA,NA,NA,NA
1973-01-28,NA,NA,NA,NA,NA,NA
1973-01-29,NA,NA,NA,NA,NA,NA
1973-01-30,NA,NA,NA,NA,NA,NA
1973-01-31,NA,NA,NA,NA,NA,NA
1973-02-01,NA,NA,NA,NA,NA,NA
1973-02-02,NA,NA,NA,NA,NA,NA
1973-02-03,NA,NA,NA,NA,NA,NA
1973-02-04,NA,NA,NA,NA,NA,NA
1973-02-05,NA,NA,NA,NA,NA,NA
1973-02-06,NA,NA,NA,NA,NA,NA
1973-02-07,NA,NA,NA,NA,NA,NA
1973-02-08,NA,NA,NA,NA,NA,NA
1973-02-09,NA,NA,NA,NA,NA,NA
1973-02-10,NA,NA,NA,NA,NA,NA
1973-02-11,NA,NA,NA,NA,NA,NA
1973-02-12,NA,NA,NA,NA,NA,NA
1973-02-13,NA,NA,NA,NA,NA,NA
1973-02-14,NA,NA,NA,NA,NA,NA
1973-02-15,NA,NA,NA,NA,NA,NA
1973-02-16,NA,NA,NA,NA,NA,NA
1973-02-17,NA,NA,NA,NA,NA,NA
1973-02-18,NA,NA,NA,NA,NA,NA
1973-02-19,NA,NA,NA,NA,NA,NA
1973-02-20,NA,NA,NA,NA,NA,NA
1973-02-21,NA,NA,NA,NA,NA,NA
1973-02-22,NA,NA,NA,NA,NA,NA
1973-02-23,NA,NA,NA,NA,NA,NA
1973-02-24,NA,NA,NA,NA,NA,NA
1973-02-25,NA,NA,NA,NA,NA,NA
1973-02-26,NA,NA,NA,NA,NA,NA
1973-02-27,NA,NA,NA,NA,NA,NA
1973-02-28,NA,NA,NA,NA,NA,NA
1973-03-01,NA,NA,NA,NA,NA,NA
1973-03-02,NA,NA,NA,NA,NA,NA
1973-03-03,NA,NA,NA,NA,NA,NA
1973-03-04,NA,NA,NA,NA,NA,NA
1973-03-05,NA,NA,NA,NA,NA,NA
1973-03-06,NA,NA,NA,NA,NA,NA
1973-03-07,NA,NA,NA,NA,NA,NA
1973-03-08,NA,NA,NA,NA,NA,NA
1973-03-09,NA,NA,NA,NA,NA,NA
1973-03-10,NA,NA,NA,NA,NA,NA
1973-03-11,NA,NA,NA,NA,NA,NA
1973-03-12,NA,NA,NA,NA,NA,NA
1973-03-13,NA,NA,NA,NA,NA,NA
1973-03-14,NA,NA,NA,NA,NA,NA
1973-03-15,NA,NA,NA,NA,NA,NA
1973-03-16,NA,NA,NA,NA,NA,NA
1973-03-17,NA,NA,NA,NA,NA,NA
1973-03-18,NA,NA,NA,NA,NA,NA
1973-03-19,NA,NA,NA,NA,NA,NA
1973-03-20,NA,NA,NA,NA,NA,NA
1973-03-21,NA,NA,NA,NA,NA,NA
1973-03-22,NA,NA,NA,NA,NA,NA
1973-03-23,NA,NA,NA,NA,NA,NA
1973-03-24,NA,NA,NA,NA,NA,NA
1973-03-25,NA,NA,NA,NA,NA,NA
1973-03-26,NA,NA,NA,NA,NA,NA
1973-03-27,NA,NA,NA,NA,NA,NA
1973-03-28,NA,NA,NA,NA,NA,NA
1973-03-29,NA,NA,NA,NA,NA,NA
1973-03-30,NA,NA,NA,NA,NA,NA
1973-03-31,NA,NA,NA,NA,NA,NA
1973-04-01,NA,NA,NA,NA,NA,NA
1973-04-02,NA,NA,NA,NA,NA,NA
1973-04-03,NA,NA,NA,NA,NA,NA
1973-04-04,NA,NA,NA,NA,NA,NA
1973-04-05,NA,NA,NA,NA,NA,NA
1973-04-06,NA,NA,NA,NA,NA,NA
1973-04-07,NA,NA,NA,NA,NA,NA
1973-04-08,NA,NA,NA,NA,NA,NA
1973-04-09,NA,NA,NA,NA,NA,NA
1973-04-10,NA,NA,NA,NA,NA,NA
1973-04-11,NA,NA,NA,NA,NA,NA
1973-04-12,NA,NA,NA,NA,NA,NA
1973-04-13,NA,NA,NA,NA,NA,NA
1973-04-14,NA,NA,NA,NA,NA,NA
1973-04-15,NA,NA,NA,NA,NA,NA
1973-04-16,NA,NA,NA,NA,NA,NA
1973-04-17,NA,NA,NA,NA,NA,NA
1973-04-18,NA,NA,NA,NA,NA,NA
1973-04-19,NA,NA,NA,NA,NA,NA
1973-04-20,NA,NA,NA,NA,NA,NA
1973-04-21,NA,NA,NA,NA,NA,NA
1973-04-22,NA,NA,NA,NA,NA,NA
1973-04-23,NA,NA,NA,NA,NA,NA
1973-04-24,NA,NA,NA,NA,NA,NA
1973-04-25,NA,NA,NA,NA,NA,NA
1973-04-26,NA,NA,NA,NA,NA,NA
1973-04-27,NA,NA,NA,NA,NA,NA
1973-04-28,NA,NA,NA,NA,NA,NA
1973-04-29,NA,NA,NA,NA,NA,NA
1973-04-30,NA,NA,NA,NA,NA,NA
1973-05-01,NA,NA,NA,NA,NA,NA
1973-05-02,NA,NA,NA,NA,NA,NA
1973-05-03,NA,NA,NA,NA,NA,NA
1973-05-04,NA,NA,NA,NA,NA,NA
1973-05-05,NA,NA,NA,NA,NA,NA
1973-05-06,NA,NA,NA,NA,NA,NA
1973-05-07,NA,NA,NA,NA,NA,NA
1973-05-08,NA,NA,NA,NA,NA,NA
1973-05-09,NA,NA,NA,NA,NA,NA
1973-05-10,NA,NA,NA,NA,NA,NA
1973-05-11,NA,NA,NA,NA,NA,NA
1973-05-12,NA,NA,NA,NA,NA,NA
1973-05-13,NA,NA,NA,NA,NA,NA
1973-05-14,NA,NA,NA,NA,NA,NA
1973-05-15,NA,NA,NA,NA,NA,NA
1973-05-16,NA,NA,NA,NA,NA,NA
1973-05-17,NA,NA,NA,NA,NA,NA
1973-05-18,NA,NA,NA,NA,NA,NA
1973-05-19,NA,NA,NA,NA,NA,NA
1973-05-20,NA,NA,NA,NA,NA,NA
1973-05-21,NA,NA,NA,NA,NA,NA
1973-05-22,NA,NA,NA,NA,NA,NA
1973-05-23,NA,NA,NA,NA,NA,NA
1973-05-24,NA,NA,NA,NA,NA,NA
1973-05-25,NA,NA,NA,NA,NA,NA
1973-05-26,NA,NA,NA,NA,NA,NA
1973-05-27,NA,NA,NA,NA,NA,NA
1973-05-28,NA,NA,NA,NA,NA,NA
1973-05-29,NA,NA,NA,NA,NA,NA
1973-05-30,NA,NA,NA,NA,NA,NA
1973-05-31,NA,NA,NA,NA,NA,NA
1973-06-01,NA,NA,NA,NA,NA,NA
1973-06-02,NA,NA,NA,NA,NA,NA
1973-06-03,NA,NA,NA,NA,NA,NA
1973-06-04,NA,NA,NA,NA,NA,NA
1973-06-05,NA,NA,NA,NA,NA,NA
1973-06-06,NA,NA,NA,NA,NA,NA
1973-06-07,NA,NA,NA,NA,NA,NA
1973-06-08,NA,NA,NA,NA,NA,NA
1973-06-09,NA,NA,NA,NA,NA,NA
1973-06-10,NA,NA,NA,NA,NA,NA
1973-06-11,NA,NA,NA,NA,NA,NA
1973-06-12,NA,NA,NA,NA,NA,NA
1973-06-13,NA,NA,NA,NA,NA,NA
1973-06-14,NA,NA,NA,NA,NA,NA
1973-06-15,NA,NA,NA,NA,NA,NA
1973-06-16,NA,NA,NA,NA,NA,NA
1973-06-17,NA,NA,NA,NA,NA,NA
1973-06-18,NA,NA,NA,NA,NA,NA
1973-06-19,NA,NA,NA,NA,NA,NA
1973-06-20,NA,NA,NA,NA,NA,NA
1973-06-21,NA,NA,NA,NA,NA,NA
1973-06-22,NA,NA,NA,NA,NA,NA
1973-06-23,NA,NA,NA,NA,NA,NA
1973-06-24,NA,NA,NA,NA,NA,NA
1973-06-25,NA,NA,NA,NA,NA,NA
1973-06-26,NA,NA,NA,NA,NA,NA
1973-06-27,NA,NA,NA,NA,NA,NA
1973-06-28,NA,NA,NA,NA,NA,NA
1973-06-29,NA,NA,NA,NA,NA,NA
1973-06-30,NA,NA,NA,NA,NA,NA
1973-07-01,NA,NA,NA,NA,NA,0
1973-07-02,NA,NA,NA,NA,NA,0
1973-07-03,NA,NA,NA,NA,NA,0
1973-07-04,NA,NA,NA,NA,NA,0
1973-07-05,NA,NA,NA,NA,NA,0
1973-07-06,NA,NA,NA,NA,NA,0
1973-07-07,NA,NA,NA,NA,NA,0
1973-07-08,NA,NA,NA,NA,NA,0
1973-07-09,NA,NA,NA,NA,NA,0
1973-07-10,NA,NA,NA,NA,NA,0
1973-07-11,NA,NA,NA,0,0,0
1973-07-12,18.3,2.8,10.6,0,0,0
1973-07-13,23.9,6.7,15.3,0,0,0
1973-07-14,21.7,16.1,18.9,0,0,0
1973-07-15,26.1,5,15.6,0,0,0
1973-07-16,21.1,11.7,16.4,3.6,3.6,0
1973-07-17,24.4,6.1,15.3,0,0,0
1973-07-18,27.8,8.9,18.4,0,0,0
1973-07-19,30,9.4,19.7,0,0,0
1973-07-20,23.3,10.6,17,3.6,3.6,0
1973-07-21,23.9,7.2,15.6,0,0,0
1973-07-22,17.2,6.7,12,2.8,2.8,0
1973-07-23,16.7,7.2,12,0,0,0
1973-07-24,20.6,2.2,11.4,0,0,0
1973-07-25,20.6,10.6,15.6,0,0,0
1973-07-26,22.2,10.6,16.4,0,0,0
1973-07-27,23.9,10,17,0,0,0
1973-07-28,26.1,8.3,17.2,0,0,0
1973-07-29,28.9,10,19.5,0,0,0
1973-07-30,26.7,9.4,18.1,0,0,0
1973-07-31,25,9.4,17.2,0,0,0
1973-08-01,25.6,8.9,17.3,0,0,0
1973-08-02,25,8.3,16.7,0,0,0
1973-08-03,28.3,5,16.7,0,0,0
1973-08-04,17.2,12.8,15,5.6,5.6,0
1973-08-05,20,8.3,14.2,0,0,0
1973-08-06,23.3,5.6,14.5,0,0,0
1973-08-07,25.6,7.2,16.4,0,0,0
1973-08-08,27.8,8.3,18.1,0,0,0
1973-08-09,25,8.9,17,0,0,0
1973-08-10,23.9,7.8,15.9,0,0,0
1973-08-11,25,5.6,15.3,0,0,0
1973-08-12,27.8,7.2,17.5,0,0,0
1973-08-13,23.3,7.8,15.6,0,0,0
1973-08-14,17.8,6.1,12,0,0,0
1973-08-15,13.9,5.6,9.8,5.8,5.8,0
1973-08-16,7.8,0.6,4.2,4.1,4.1,0
1973-08-17,5,2.2,3.6,4.6,4.6,0
1973-08-18,11.1,2.2,6.7,0,0,0
1973-08-19,15,-2.2,6.4,0,0,0
1973-08-20,21.1,0.6,10.9,0,0,0
1973-08-21,22.2,2.8,12.5,1.5,1.5,0
1973-08-22,23.3,6.7,15,0,0,0
1973-08-23,21.1,3.9,12.5,0.5,0.5,0
1973-08-24,20,8.3,14.2,0,0,0
1973-08-25,14.4,4.4,9.4,0,0,0
1973-08-26,16.7,7.2,12,0.5,0.5,0
1973-08-27,15,2.2,8.6,3.8,3.8,0
1973-08-28,16.7,6.7,11.7,0.3,0.3,0
1973-08-29,13.9,3.9,8.9,0,0,0
1973-08-30,12.2,-0.6,5.8,0.8,0.8,0
1973-08-31,15.6,3.3,9.5,0,0,0
1973-09-01,15.6,5.6,10.6,0.3,0.3,0
1973-09-02,13.3,7.8,10.6,3.8,3.8,0
1973-09-03,13.3,5,9.2,0,0,0
1973-09-04,18.9,6.1,12.5,0,0,0
1973-09-05,26.1,6.1,16.1,0,0,0
1973-09-06,25,10,17.5,0,0,0
1973-09-07,17.8,5.6,11.7,0.5,0.5,0
1973-09-08,11.1,4.4,7.8,8.4,8.4,0
1973-09-09,15,7.2,11.1,0.5,0.5,0
1973-09-10,22.2,6.7,14.5,0,0,0
1973-09-11,18.3,7.2,12.8,3.3,3.3,0
1973-09-12,11.1,6.7,8.9,0,0,0
1973-09-13,11.1,1.1,6.1,0,0,0
1973-09-14,14.4,2.2,8.3,0,0,0
1973-09-15,15.6,-2.2,6.7,0,0,0
1973-09-16,18.3,-1.7,8.3,0,0,0
1973-09-17,19.4,-0.6,9.4,0,0,0
1973-09-18,16.1,1.7,8.9,2,2,0
1973-09-19,14.4,6.1,10.3,7.6,7.6,0
1973-09-20,13.3,7.2,10.3,5.6,5.6,0
1973-09-21,13.9,7.8,10.9,3.8,3.8,0
1973-09-22,5.6,3.3,4.5,0.3,0.3,0
1973-09-23,13.9,4.4,9.2,2.3,2.3,0
1973-09-24,8.9,2.2,5.6,3,3,0
1973-09-25,11.1,0.6,5.9,3.8,3.8,0
1973-09-26,10,0.6,5.3,28.7,28.7,0
1973-09-27,12.8,7.2,10,0,0,0
1973-09-28,11.1,5.6,8.4,5.8,5.8,0
1973-09-29,11.1,5.6,8.4,0,0,0
1973-09-30,7.8,-2.8,2.5,5.8,5.8,0
1973-10-01,7.2,0,3.6,0,0,0
1973-10-02,7.8,0,3.9,1,1,0
1973-10-03,8.3,2.8,5.6,3.8,3.8,0
1973-10-04,5,2.8,3.9,13,13,0
1973-10-05,3.3,0.6,2,0,0,0
1973-10-06,NA,NA,NA,0,0,0
1973-10-07,NA,NA,NA,0,0,0
1973-10-08,7.2,NA,NA,0,0,0
1973-10-09,8.3,-4.4,2,9.4,9.4,0
1973-10-10,5.6,-0.6,2.5,1.8,1.8,0
1973-10-11,8.3,-0.6,3.9,0.5,0.5,0
1973-10-12,7.8,-1.1,3.4,4.6,4.6,0
1973-10-13,7.2,0.6,3.9,0,0,0
1973-10-14,7.2,-2.2,2.5,0,0,0
1973-10-15,7.8,-1.7,3.1,5.6,5.6,0
1973-10-16,8.3,0.6,4.5,1.3,1.3,0
1973-10-17,7.2,0,3.6,10.9,10.9,0
1973-10-18,8.3,-1.1,3.6,10.9,10.9,0
1973-10-19,7.2,0,3.6,3,3,0
1973-10-20,2.2,0,1.1,5.8,5.8,0
1973-10-21,3.9,-0.6,1.7,3,3,0
1973-10-22,4.4,1.7,3.1,0,0,0
1973-10-23,5.6,-1.1,2.3,1.5,1.5,0
1973-10-24,4.4,-1.1,1.7,4.3,2.8,1.5
1973-10-25,4.4,-0.6,1.9,2.5,2.5,0
1973-10-26,5.6,-0.6,2.5,19.1,19.1,0
1973-10-27,6.7,0.6,3.7,13.7,13.7,0
1973-10-28,8.3,4.4,6.4,0,0,0
1973-10-29,1.7,-1.7,0,11.7,8.1,3.6
1973-10-30,3.9,-2.2,0.9,0,0,0
1973-10-31,1.1,-4.4,-1.7,0,0,0
1973-11-01,-1.7,-6.1,-3.9,0,0,0
1973-11-02,-7.2,-10,-8.6,0,0,0
1973-11-03,NA,-14.4,NA,0,0,0
1973-11-04,-10,NA,NA,0,0,0
1973-11-05,-9.4,-15.6,-12.5,0,0,0
1973-11-06,-10,-16.1,-13.1,0,0,0
1973-11-07,-11.1,-15,-13.1,0,0,0
1973-11-08,-9.4,-15,-12.2,0,0,0
1973-11-09,-8.9,-16.1,-12.5,0,0,0
1973-11-10,NA,-12.8,NA,0,0,0
1973-11-11,NA,NA,NA,9.7,0,9.7
1973-11-12,-2.2,NA,NA,0,0,0
1973-11-13,1.1,NA,NA,2.8,0,2.8
1973-11-14,-7.8,-10,-8.9,9.7,0,9.7
1973-11-15,-7.8,-17.2,-12.5,1.3,0,1.3
1973-11-16,-9.4,-11.7,-10.6,0,0,0
1973-11-17,NA,NA,NA,0,0,0
1973-11-18,-9.4,NA,NA,0.5,0,0.5
1973-11-19,-5.6,-15.6,-10.6,13.2,0,13.2
1973-11-20,-4.4,-10,-7.2,4.6,0,4.6
1973-11-21,-7.2,-12.2,-9.7,0,0,0
1973-11-22,-11.1,-13.3,-12.2,1.3,0,1.3
1973-11-23,-7.8,-21.7,-14.8,5.8,0,5.8
1973-11-24,NA,NA,NA,22.1,0,22.1
1973-11-25,-2.2,NA,NA,0,0,0
1973-11-26,-2.8,-12.8,-7.8,0,0,0
1973-11-27,-1.1,-6.1,-3.6,6.1,0,6.1
1973-11-28,-5.6,-6.7,-6.2,9.1,0,9.1
1973-11-29,-8.3,-11.1,-9.7,1.8,0,1.8
1973-11-30,-10.6,-12.2,-11.4,0,0,0
1973-12-01,NA,NA,NA,0,0,0
1973-12-02,NA,NA,NA,13,0,13
1973-12-03,-0.6,-7.8,-4.2,4.3,0,4.3
1973-12-04,-1.7,-8.3,-5,2.8,0,2.8
1973-12-05,0.6,-5,-2.2,10.7,0,10.7
1973-12-06,0,-2.8,-1.4,0,0,0
1973-12-07,-1.7,-5.6,-3.7,0,0,0
1973-12-08,NA,NA,NA,0,0,0
1973-12-09,0,NA,NA,26.4,0,26.4
1973-12-10,0,-1.1,-0.6,9.1,0,9.1
1973-12-11,-0.6,-4.4,-2.5,12.7,0,12.7
1973-12-12,-6.7,-9.4,-8.1,4.6,0,4.6
1973-12-13,-8.3,-10,-9.2,0,0,0
1973-12-14,-8.3,-12.2,-10.3,0,0,0
1973-12-15,NA,NA,NA,12.2,0,12.2
1973-12-16,-0.6,NA,NA,0,0,0
1973-12-17,-7.2,-15.6,-11.4,0,0,0
1973-12-18,-8.9,-11.7,-10.3,0,0,0
1973-12-19,-6.1,-12.2,-9.2,0,0,0
1973-12-20,-1.1,-10.6,-5.9,9.1,0,9.1
1973-12-21,0,-5,-2.5,0,0,0
1973-12-22,0,NA,NA,0,0,0
1973-12-23,NA,NA,NA,0,0,0
1973-12-24,NA,NA,NA,15.7,0,15.7
1973-12-25,NA,NA,NA,0,0,0
1973-12-26,NA,NA,NA,1.3,0,1.3
1973-12-27,-10.6,-13.3,-12,0,0,0
1973-12-28,-15,-22.2,-18.6,2.8,0,2.8
1973-12-29,NA,NA,NA,0,0,0
1973-12-30,NA,NA,NA,2.3,0,2.3
1973-12-31,-12.8,NA,NA,0,0,0
1974-01-01,-12.8,NA,NA,0,0,0
1974-01-02,-15,-30,-22.5,0,0,0
1974-01-03,-16.1,-25,-20.6,0,0,0
1974-01-04,-15,-21.7,-18.4,0,0,0
1974-01-05,NA,-30,NA,0,0,0
1974-01-06,-14.4,NA,NA,1.3,0,1.3
1974-01-07,-14.4,NA,NA,0,0,0
1974-01-08,-13.9,-21.1,-17.5,0.5,0,0.5
1974-01-09,-15.6,-24.4,-20,0,0,0
1974-01-10,-25,-32.2,-28.6,0,0,0
1974-01-11,-26.1,-38.9,-32.5,0,0,0
1974-01-12,-17.2,NA,NA,0,0,0
1974-01-13,NA,NA,NA,22.9,0,22.9
1974-01-14,-20.6,-26.7,-23.7,27.7,0,27.7
1974-01-15,-21.7,-24.4,-23.1,4.6,0,4.6
1974-01-16,-23.3,-26.7,-25,3.3,0,3.3
1974-01-17,-3.9,-27.2,-15.6,0,0,0
1974-01-18,1.1,-20.6,-9.8,1,0,1
1974-01-19,NA,NA,NA,0,0,0
1974-01-20,NA,NA,NA,9.7,0,9.7
1974-01-21,-3.9,NA,NA,19.1,0,19.1
1974-01-22,-3.3,-10.6,-7,5.8,0,5.8
1974-01-23,0.6,-6.7,-3.1,6.1,0,6.1
1974-01-24,0,-3.3,-1.7,2.8,0,2.8
1974-01-25,-0.6,-1.1,-0.9,0,0,0
1974-01-26,NA,NA,NA,0,0,0
1974-01-27,-0.6,NA,NA,16,0,16
1974-01-28,-1.1,-12.2,-6.7,0,0,0
1974-01-29,-17.8,-21.7,-19.8,0.5,0,0.5
1974-01-30,-22.2,-27.8,-25,0,0,0
1974-01-31,-18.9,-32.2,-25.6,4.8,0,4.8
1974-02-01,NA,-22.2,NA,0,0,0
1974-02-02,NA,-20,NA,0,0,0
1974-02-03,-1.7,NA,NA,10.7,0,10.7
1974-02-04,-5,NA,NA,2,0,2
1974-02-05,-4.4,-17.8,-11.1,5.3,0,5.3
1974-02-06,-1.7,-6.7,-4.2,5.6,0,5.6
1974-02-07,0.6,-2.8,-1.1,0.3,0,0.3
1974-02-08,1.1,-2.8,-0.9,0,0,0
1974-02-09,NA,NA,NA,0,0,0
1974-02-10,1.7,NA,NA,0,0,0
1974-02-11,2.2,-5,-1.4,0,0,0
1974-02-12,-2.8,-16.7,-9.8,0.5,0,0.5
1974-02-13,0.6,-14.4,-6.9,17.5,0,17.5
1974-02-14,0.6,-3.3,-1.4,0,0,0
1974-02-15,2.2,-10.6,-4.2,0,0,0
1974-02-16,NA,-11.1,NA,0,0,0
1974-02-17,2.2,NA,NA,4.1,0,4.1
1974-02-18,0.6,NA,NA,3.3,0,3.3
1974-02-19,0.6,-10,-4.7,0,0,0
1974-02-20,2.2,-14.4,-6.1,0,0,0
1974-02-21,2.8,-4.4,-0.8,0.5,0,0.5
1974-02-22,-2.2,-15.6,-8.9,0,0,0
1974-02-23,NA,-15.6,NA,0,0,0
1974-02-24,0.6,NA,NA,9.4,0,9.4
1974-02-25,1.1,NA,NA,3,0,3
1974-02-26,-5.6,-10.6,-8.1,0,0,0
1974-02-27,-3.3,-17.8,-10.6,3.6,0,3.6
1974-02-28,-2.2,-13.9,-8.1,10.7,0,10.7
1974-03-01,0.6,-9.4,-4.4,4.3,0,4.3
1974-03-02,NA,-18.9,NA,0,0,0
1974-03-03,-1.7,NA,NA,21.1,0,21.1
1974-03-04,3.9,NA,NA,0,0,0
1974-03-05,1.7,-15.6,-7,1,0,1
1974-03-06,-7.2,-15,-11.1,3,0,3
1974-03-07,-5.6,-16.7,-11.2,2.3,0,2.3
1974-03-08,-6.1,-22.8,-14.5,0,0,0
1974-03-09,NA,NA,NA,0,0,0
1974-03-10,3.3,NA,NA,24.1,0,24.1
1974-03-11,-2.8,-6.7,-4.8,0,0,0
1974-03-12,-4.4,-10,-7.2,2.8,0,2.8
1974-03-13,-7.8,-11.1,-9.5,0,0,0
1974-03-14,-3.3,-19.4,-11.4,0,0,0
1974-03-15,-3.3,-15.6,-9.5,1.5,0,1.5
1974-03-16,NA,NA,NA,0,0,0
1974-03-17,2.8,NA,NA,1.5,0,1.5
1974-03-18,5,-7.2,-1.1,0,0,0
1974-03-19,3.3,-14.4,-5.6,0,0,0
1974-03-20,5,-8.3,-1.7,0,0,0
1974-03-21,-1.1,-8.9,-5,0,0,0
1974-03-22,3.3,-9.4,-3.1,0,0,0
1974-03-23,NA,NA,NA,0,0,0
1974-03-24,6.7,NA,NA,0,0,0
1974-03-25,1.1,-13.3,-6.1,0,0,0
1974-03-26,-1.1,-8.9,-5,0,0,0
1974-03-27,3.3,-4.4,-0.6,0,0,0
1974-03-28,8.9,-0.6,4.2,0,0,0
1974-03-29,10,-0.6,4.7,0,0,0
1974-03-30,NA,NA,NA,0,0,0
1974-03-31,10,NA,NA,0,0,0
1974-04-01,6.1,-2.8,1.7,0,0,0
1974-04-02,5.6,-5,0.3,0,0,0
1974-04-03,8.3,-5.6,1.4,0,0,0
1974-04-04,7.8,-2.8,2.5,0,0,0
1974-04-05,8.3,-7.8,0.3,0,0,0
1974-04-06,NA,-7.8,NA,0,0,0
1974-04-07,10,NA,NA,0,0,0
1974-04-08,9.4,NA,NA,0,0,0
1974-04-09,10,-1.1,4.5,1.3,1.3,0
1974-04-10,10,-0.6,4.7,21.8,21.8,0
1974-04-11,13.3,0,6.7,0,0,0
1974-04-12,NA,NA,NA,0,0,0
1974-04-13,NA,-7.2,NA,0,0,0
1974-04-14,13.3,NA,NA,0,0,0
1974-04-15,NA,NA,NA,0,0,0
1974-04-16,7.8,NA,NA,0,0,0
1974-04-17,9.4,-4.4,2.5,0,0,0
1974-04-18,5.6,-0.6,2.5,0,0,0
1974-04-19,5,-7.2,-1.1,0,0,0
1974-04-20,NA,-3.9,NA,0,0,0
1974-04-21,9.4,NA,NA,19.3,19.3,0
1974-04-22,10.6,NA,NA,0,0,0
1974-04-23,11.1,-2.8,4.2,0,0,0
1974-04-24,15,-4.4,5.3,0,0,0
1974-04-25,20.6,4.4,12.5,0,0,0
1974-04-26,16.1,2.8,9.5,0,0,0
1974-04-27,16.7,-2.2,7.3,0,0,0
1974-04-28,NA,NA,NA,0,0,0
1974-04-29,13.9,-2.2,5.9,55.6,55.6,0
1974-04-30,5.6,2.8,4.2,14.5,7.4,7.1
1974-05-01,3.9,-0.6,1.7,9.7,9.7,0
1974-05-02,7.8,-0.6,3.6,0,0,0
1974-05-03,NA,1.7,NA,3.3,3.3,0
1974-05-04,NA,NA,NA,0,0,0
1974-05-05,16.1,NA,NA,2.5,2.5,0
1974-05-06,12.8,2.2,7.5,4.8,4.8,0
1974-05-07,12.8,2.8,7.8,1.3,1.3,0
1974-05-08,11.1,3.9,7.5,7.4,7.4,0
1974-05-09,9.4,0.6,5,0.3,0.3,0
1974-05-10,11.7,0,5.9,0,0,0
1974-05-11,NA,NA,NA,0,0,0
1974-05-12,13.3,NA,NA,0,0,0
1974-05-13,15.6,0,7.8,0,0,0
1974-05-14,10,1.1,5.6,1.3,1.3,0
1974-05-15,8.3,0.6,4.5,1.3,1.3,0
1974-05-16,11.7,2.2,7,0,0,0
1974-05-17,NA,3.3,NA,0,0,0
1974-05-18,NA,NA,NA,0,0,0
1974-05-19,NA,NA,NA,0,0,0
1974-05-20,17.2,NA,NA,0,0,0
1974-05-21,18.9,-1.1,8.9,9.7,9.7,0
1974-05-22,18.9,6.7,12.8,0,0,0
1974-05-23,13.3,6.1,9.7,9.1,9.1,0
1974-05-24,16.7,0.6,8.7,0,0,0
1974-05-25,17.2,NA,NA,0,0,0
1974-05-26,NA,NA,NA,3.3,3.3,0
1974-05-27,12.8,0,6.4,4.1,4.1,0
1974-05-28,14.4,2.8,8.6,0,0,0
1974-05-29,15.6,2.8,9.2,0,0,0
1974-05-30,15,3.3,9.2,0,0,0
1974-05-31,17.8,-0.6,8.6,0.5,0.5,0
1974-06-01,12.2,6.7,9.5,13,13,0
1974-06-02,13.3,5.6,9.5,0,0,0
1974-06-03,13.3,1.7,7.5,0,0,0
1974-06-04,12.8,4.4,8.6,2,2,0
1974-06-05,16.7,3.9,10.3,1,1,0
1974-06-06,13.9,4.4,9.2,1.3,1.3,0
1974-06-07,17.8,0.6,9.2,0,0,0
1974-06-08,14.4,6.7,10.6,0.8,0.8,0
1974-06-09,16.7,5.6,11.2,0,0,0
1974-06-10,18.3,5,11.7,2.5,2.5,0
1974-06-11,17.2,6.7,12,0,0,0
1974-06-12,18.3,1.7,10,0,0,0
1974-06-13,21.1,1.1,11.1,0,0,0
1974-06-14,28.3,5.6,17,0,0,0
1974-06-15,26.7,14.4,20.6,0,0,0
1974-06-16,20.6,10,15.3,0.8,0.8,0
1974-06-17,20.6,7.8,14.2,0,0,0
1974-06-18,20.6,5.6,13.1,0,0,0
1974-06-19,22.8,7.2,15,0,0,0
1974-06-20,25,7.2,16.1,0,0,0
1974-06-21,21.7,7.8,14.8,0,0,0
1974-06-22,17.8,10,13.9,0,0,0
1974-06-23,NA,NA,NA,0,0,0
1974-06-24,17.2,4.4,10.8,0,0,0
1974-06-25,22.8,1.7,12.3,0,0,0
1974-06-26,19.4,10,14.7,0.8,0.8,0
1974-06-27,18.9,7.2,13.1,1.5,1.5,0
1974-06-28,15.6,1.7,8.7,0,0,0
1974-06-29,20.6,5.6,13.1,2.8,2.8,0
1974-06-30,17.8,11.1,14.5,0.5,0.5,0
1974-07-01,17.2,5.6,11.4,0.3,0.3,0
1974-07-02,15.6,7.8,11.7,4.8,4.8,0
1974-07-03,14.4,6.7,10.6,3.8,3.8,0
1974-07-04,13.9,7.2,10.6,3.8,3.8,0
1974-07-05,13.3,6.1,9.7,0.5,0.5,0
1974-07-06,16.7,7.8,12.3,0,0,0
1974-07-07,20.6,7.2,13.9,0,0,0
1974-07-08,22.8,6.7,14.8,1,1,0
1974-07-09,23.9,7.2,15.6,0,0,0
1974-07-10,16.7,10,13.4,0,0,0
1974-07-11,16.7,9.4,13.1,0.3,0.3,0
1974-07-12,17.8,8.9,13.4,0,0,0
1974-07-13,20.6,8.9,14.8,0,0,0
1974-07-14,23.9,11.1,17.5,0,0,0
1974-07-15,20,10.6,15.3,2.3,2.3,0
1974-07-16,17.2,2.8,10,4.6,4.6,0
1974-07-17,15.6,5.6,10.6,1.5,1.5,0
1974-07-18,20,9.4,14.7,2.3,2.3,0
1974-07-19,15.6,8.3,12,1.5,1.5,0
1974-07-20,19.4,8.3,13.9,0,0,0
1974-07-21,24.4,6.7,15.6,1.3,1.3,0
1974-07-22,22.2,7.2,14.7,3.3,3.3,0
1974-07-23,20,6.7,13.4,3.8,3.8,0
1974-07-24,18.9,9.4,14.2,0,0,0
1974-07-25,18.3,8.9,13.6,0,0,0
1974-07-26,18.3,7.2,12.8,0,0,0
1974-07-27,22.2,2.2,12.2,0,0,0
1974-07-28,25,11.7,18.4,0,0,0
1974-07-29,25.6,8.9,17.3,0,0,0
1974-07-30,23.9,8.9,16.4,0,0,0
1974-07-31,27.8,7.8,17.8,0,0,0
1974-08-01,28.9,13.9,21.4,0,0,0
1974-08-02,31.7,13.9,22.8,0,0,0
1974-08-03,29.4,17.2,23.3,0,0,0
1974-08-04,25,9.4,17.2,0,0,0
1974-08-05,17.8,7.8,12.8,0,0,0
1974-08-06,18.3,3.9,11.1,0,0,0
1974-08-07,16.7,9.4,13.1,1.5,1.5,0
1974-08-08,22.8,5.6,14.2,0,0,0
1974-08-09,23.3,6.1,14.7,0,0,0
1974-08-10,21.7,6.7,14.2,2,2,0
1974-08-11,17.2,10,13.6,0.3,0.3,0
1974-08-12,18.3,12.2,15.3,0,0,0
1974-08-13,23.9,7.2,15.6,0,0,0
1974-08-14,25,8.3,16.7,0,0,0
1974-08-15,23.3,8.9,16.1,0,0,0
1974-08-16,27.2,8.3,17.8,0,0,0
1974-08-17,28.3,NA,NA,0,0,0
1974-08-18,24.4,NA,NA,1.5,1.5,0
1974-08-19,20,1.7,10.9,0,0,0
1974-08-20,17.8,7.2,12.5,0,0,0
1974-08-21,15.6,7.8,11.7,3.6,3.6,0
1974-08-22,15.6,6.1,10.9,5.6,5.6,0
1974-08-23,20,8.3,14.2,0,0,0
1974-08-24,20,8.3,14.2,1.8,1.8,0
1974-08-25,16.7,7.2,12,2.5,2.5,0
1974-08-26,19.4,6.1,12.8,0,0,0
1974-08-27,22.2,4.4,13.3,0,0,0
1974-08-28,25,6.1,15.6,0,0,0
1974-08-29,27.2,7.2,17.2,0,0,0
1974-08-30,27.2,11.1,19.2,0,0,0
1974-08-31,23.9,NA,NA,0,0,0
1974-09-01,23.3,6.7,15,0,0,0
1974-09-02,26.7,4.4,15.6,0,0,0
1974-09-03,26.7,5.6,16.2,0,0,0
1974-09-04,16.7,1.1,8.9,0.8,0.8,0
1974-09-05,12.8,6.1,9.5,8.4,8.4,0
1974-09-06,12.8,3.9,8.4,10.2,10.2,0
1974-09-07,8.9,5,7,0.8,0.8,0
1974-09-08,11.1,3.9,7.5,0.8,0.8,0
1974-09-09,8.9,4.4,6.7,18.5,18.5,0
1974-09-10,12.2,2.2,7.2,0,0,0
1974-09-11,15.6,0,7.8,0,0,0
1974-09-12,18.3,1.7,10,0,0,0
1974-09-13,21.7,3.9,12.8,0,0,0
1974-09-14,25,6.1,15.6,0,0,0
1974-09-15,21.7,7.2,14.5,0,0,0
1974-09-16,21.1,5,13.1,0,0,0
1974-09-17,19.4,7.2,13.3,0,0,0
1974-09-18,17.2,2.2,9.7,0,0,0
1974-09-19,18.3,3.3,10.8,0,0,0
1974-09-20,20,1.7,10.9,0,0,0
1974-09-21,20.6,2.2,11.4,0,0,0
1974-09-22,20.6,3.3,12,0,0,0
1974-09-23,20.6,3.9,12.3,0,0,0
1974-09-24,24.4,3.3,13.9,0,0,0
1974-09-25,17.8,8.9,13.4,1.3,1.3,0
1974-09-26,13.9,4.4,9.2,0,0,0
1974-09-27,13.3,6.1,9.7,0,0,0
1974-09-28,5,0.6,2.8,2.8,2.8,0
1974-09-29,9.4,-1.7,3.9,0,0,0
1974-09-30,6.1,-3.3,1.4,11.4,11.4,0
1974-10-01,15.6,2.8,9.2,6.1,6.1,0
1974-10-02,11.7,0.6,6.2,0.8,0.8,0
1974-10-03,7.2,-3.9,1.7,1.5,1,0.5
1974-10-04,3.3,-0.6,1.4,0.5,0.5,0
1974-10-05,NA,-3.9,NA,0.5,0.5,0
1974-10-06,6.1,NA,NA,23.9,15.7,8.1
1974-10-07,8.9,NA,NA,9.7,9.7,0
1974-10-08,17.8,5.6,11.7,0,0,0
1974-10-09,11.7,0,5.9,1.8,1.8,0
1974-10-10,6.7,1.7,4.2,0,0,0
1974-10-11,7.2,-3.3,2,2,2,0
1974-10-12,NA,NA,NA,0.3,0.3,0
1974-10-13,NA,NA,NA,0,0,0
1974-10-14,10,NA,NA,4.6,4.6,0
1974-10-15,18.9,-3.3,7.8,2,2,0
1974-10-16,8.9,4.4,6.7,2,2,0
1974-10-17,8.9,4.4,6.7,9.4,9.4,0
1974-10-18,15,4.4,9.7,0,0,0
1974-10-19,NA,NA,NA,0,0,0
1974-10-20,12.8,NA,NA,0,0,0
1974-10-21,7.2,-3.3,2,0,0,0
1974-10-22,11.7,-5.6,3.1,0.8,0.8,0
1974-10-23,11.1,1.1,6.1,0,0,0
1974-10-24,10,-3.3,3.4,0,0,0
1974-10-25,NA,-2.8,NA,0,0,0
1974-10-26,NA,NA,NA,0,0,0
1974-10-27,11.7,NA,NA,9.9,9.9,0
1974-10-28,5.6,-3.9,0.9,0,0,0
1974-10-29,0.6,-1.7,-0.6,0,0,0
1974-10-30,4.4,-3.3,0.6,0.3,0.3,0
1974-10-31,1.7,-2.8,-0.6,0.5,0.5,0
1974-11-01,1.1,0,0.6,0,0,0
1974-11-02,NA,NA,NA,0,0,0
1974-11-03,3.9,NA,NA,0,0,0
1974-11-04,4.4,-3.9,0.3,0,0,0
1974-11-05,6.1,0,3.1,0,0,0
1974-11-06,2.8,0,1.4,0,0,0
1974-11-07,1.7,-1.1,0.3,0.5,0,0.5
1974-11-08,NA,1.1,NA,1.5,0,1.5
1974-11-09,NA,NA,NA,0,0,0
1974-11-10,NA,NA,NA,0,0,0
1974-11-11,2.8,NA,NA,0,0,0
1974-11-12,-0.6,-5.6,-3.1,0,0,0
1974-11-13,0,-6.1,-3.1,0.5,0,0.5
1974-11-14,NA,-2.2,NA,0,0,0
1974-11-15,NA,NA,NA,0,0,0
1974-11-16,NA,NA,NA,0,0,0
1974-11-17,1.7,NA,NA,14.7,0,14.7
1974-11-18,-1.7,-8.3,-5,6.6,0,6.6
1974-11-19,-0.6,-3.9,-2.3,0.3,0,0.3
1974-11-20,-5,-11.1,-8.1,0,0,0
1974-11-21,-6.7,-10.6,-8.7,0,0,0
1974-11-22,-8.3,-15.6,-12,1.5,0,1.5
1974-11-23,NA,NA,NA,0,0,0
1974-11-24,0.6,NA,NA,13.7,0,13.7
1974-11-25,-2.8,-10.6,-6.7,0,0,0
1974-11-26,-3.9,-14.4,-9.2,0,0,0
1974-11-27,-3.9,-16.1,-10,0,0,0
1974-11-28,-3.3,-15,-9.2,0,0,0
1974-11-29,-0.6,-6.7,-3.7,6.1,0,6.1
1974-11-30,NA,NA,NA,0.8,0,0.8
1974-12-01,NA,NA,NA,0,0,0
1974-12-02,0.6,-10.6,-5,7.4,0,7.4
1974-12-03,0.6,-6.1,-2.8,0,0,0
1974-12-04,1.7,-0.6,0.6,0,0,0
1974-12-05,2.2,-0.6,0.8,0,0,0
1974-12-06,-1.7,-7.2,-4.5,0,0,0
1974-12-07,NA,NA,NA,0,0,0
1974-12-08,1.7,NA,NA,3.6,0,3.6
1974-12-09,0.6,-11.1,-5.3,0,0,0
1974-12-10,1.1,-9.4,-4.2,0,0,0
1974-12-11,-2.8,-5,-3.9,2.3,0,2.3
1974-12-12,-6.1,-15.6,-10.9,0.5,0,0.5
1974-12-13,-6.7,-15.6,-11.2,0,0,0
1974-12-14,NA,NA,NA,0,0,0
1974-12-15,1.1,NA,NA,21.8,0,21.8
1974-12-16,4.4,-15.6,-5.6,0,0,0
1974-12-17,-3.9,-8.3,-6.1,1.5,0,1.5
1974-12-18,-2.2,-6.7,-4.5,1,0,1
1974-12-19,-1.1,-5.6,-3.4,7.9,0,7.9
1974-12-20,NA,-5.6,NA,0,0,0
1974-12-21,NA,NA,NA,15.5,0,15.5
1974-12-22,-6.1,NA,NA,0,0,0
1974-12-23,-4.4,-20.6,-12.5,9.9,0,9.9
1974-12-24,-2.2,-8.3,-5.3,0,0,0
1974-12-25,NA,NA,NA,0,0,0
1974-12-26,NA,NA,NA,0,0,0
1974-12-27,NA,NA,NA,0,0,0
1974-12-28,NA,NA,NA,0,0,0
1974-12-29,1.1,NA,NA,6.6,0,6.6
1974-12-30,-3.3,-16.7,-10,0,0,0
1974-12-31,0.6,-7.2,-3.3,1.5,0,1.5
1975-01-01,NA,NA,NA,0,0,0
1975-01-02,0.6,-15.6,-7.5,0,0,0
1975-01-03,-3.3,-8.3,-5.8,0,0,0
1975-01-04,NA,NA,NA,0,0,0
1975-01-05,-2.8,NA,NA,17.8,0,17.8
1975-01-06,-5.6,-11.1,-8.4,0,0,0
1975-01-07,-8.3,-20,-14.2,1,0,1
1975-01-08,-22.2,-26.1,-24.2,1.8,0,1.8
1975-01-09,-26.7,-29.4,-28.1,0,0,0
1975-01-10,-28.9,-39.4,-34.2,0,0,0
1975-01-11,NA,-40.6,NA,0,0,0
1975-01-12,-5.6,NA,NA,6.6,0,6.6
1975-01-13,-6.1,NA,NA,1,0,1
1975-01-14,-6.7,-19.4,-13.1,0,0,0
1975-01-15,-9.4,-21.1,-15.3,0,0,0
1975-01-16,-6.1,-24.4,-15.3,10.2,0,10.2
1975-01-17,-2.8,-10.6,-6.7,0,0,0
1975-01-18,NA,NA,NA,0,0,0
1975-01-19,3.3,NA,NA,8.1,0,8.1
1975-01-20,1.1,-10,-4.5,3,0,3
1975-01-21,-1.7,-8.9,-5.3,22.1,0,22.1
1975-01-22,0.6,-4.4,-1.9,17.3,0,17.3
1975-01-23,1.1,-1.1,0,0,0,0
1975-01-24,-1.1,-6.1,-3.6,0,0,0
1975-01-25,NA,NA,NA,0,0,0
1975-01-26,-2.2,NA,NA,0,0,0
1975-01-27,-7.8,-19.4,-13.6,6.1,0,6.1
1975-01-28,-7.8,-12.8,-10.3,0,0,0
1975-01-29,-9.4,-18.3,-13.9,0,0,0
1975-01-30,-7.2,-18.9,-13.1,0,0,0
1975-01-31,-16.1,-25,-20.6,1,0,1
1975-02-01,NA,NA,NA,0,0,0
1975-02-02,NA,NA,NA,0,0,0
1975-02-03,-16.7,-23.9,-20.3,0,0,0
1975-02-04,-12.2,-21.7,-17,0,0,0
1975-02-05,-14.4,-31.7,-23.1,0,0,0
1975-02-06,-12.2,-33.3,-22.8,0,0,0
1975-02-07,NA,NA,NA,0,0,0
1975-02-08,NA,NA,NA,0,0,0
1975-02-09,-11.1,NA,NA,0.3,0,0.3
1975-02-10,-11.1,-22.8,-17,0,0,0
1975-02-11,-22.8,-30,-26.4,0,0,0
1975-02-12,-21.1,-29.4,-25.3,2.3,0,2.3
1975-02-13,-20.6,-29.4,-25,0,0,0
1975-02-14,-15,-31.7,-23.4,0,0,0
1975-02-15,NA,NA,NA,0,0,0
1975-02-16,-1.7,NA,NA,5.1,0,5.1
1975-02-17,0,-17.8,-8.9,0,0,0
1975-02-18,1.1,-5,-2,6.1,0,6.1
1975-02-19,2.8,-2.8,0,0,0,0
1975-02-20,-1.1,-11.1,-6.1,0,0,0
1975-02-21,0,-10.6,-5.3,0,0,0
1975-02-22,NA,NA,NA,0,0,0
1975-02-23,3.9,NA,NA,7.4,0,7.4
1975-02-24,0,-11.1,-5.6,0,0,0
1975-02-25,0.6,-18.9,-9.2,0,0,0
1975-02-26,-2.2,-12.2,-7.2,1.8,0,1.8
1975-02-27,2.2,-11.1,-4.5,0,0,0
1975-02-28,2.8,-5.6,-1.4,12.7,0,12.7
1975-03-01,NA,NA,NA,0,0,0
1975-03-02,NA,NA,NA,0,0,0
1975-03-03,0,-7.2,-3.6,5.1,0,5.1
1975-03-04,-1.1,-13.9,-7.5,0.5,0,0.5
1975-03-05,-1.1,-14.4,-7.8,0,0,0
1975-03-06,-3.9,-8.3,-6.1,0,0,0
1975-03-07,-5.6,-17.2,-11.4,0,0,0
1975-03-08,NA,NA,NA,0,0,0
1975-03-09,NA,NA,NA,0,0,0
1975-03-10,-1.7,NA,NA,0,0,0
1975-03-11,1.1,-24.4,-11.7,0,0,0
1975-03-12,1.7,-13.9,-6.1,0,0,0
1975-03-13,1.7,-18.9,-8.6,0.5,0,0.5
1975-03-14,3.9,-5,-0.6,0,0,0
1975-03-15,NA,NA,NA,0,0,0
1975-03-16,2.8,NA,NA,10.2,0,10.2
1975-03-17,-1.1,-10,-5.6,13.2,0,13.2
1975-03-18,0,-7.2,-3.6,0,0,0
1975-03-19,1.7,-3.9,-1.1,2,0,2
1975-03-20,3.9,-6.1,-1.1,0,0,0
1975-03-21,3.9,-6.1,-1.1,0,0,0
1975-03-22,NA,NA,NA,0,0,0
1975-03-23,4.4,NA,NA,0,0,0
1975-03-24,-0.6,-8.3,-4.5,0,0,0
1975-03-25,-2.2,-18.9,-10.6,2.5,0,2.5
1975-03-26,0,-17.2,-8.6,0,0,0
1975-03-27,NA,-20,NA,0,0,0
1975-03-28,NA,NA,NA,0,0,0
1975-03-29,7.2,NA,NA,0,0,0
1975-03-30,NA,NA,NA,0,0,0
1975-03-31,NA,NA,NA,0,0,0
1975-04-01,4.4,-12.2,-3.9,1,0,1
1975-04-02,2.8,-2.8,0,6.1,0,6.1
1975-04-03,-0.6,-3.3,-2,0,0,0
1975-04-04,2.2,-8.9,-3.4,0,0,0
1975-04-05,NA,-17.2,NA,0,0,0
1975-04-06,6.7,NA,NA,0,0,0
1975-04-07,9.4,NA,NA,0,0,0
1975-04-08,10.6,-11.1,-0.3,0,0,0
1975-04-09,12.8,-3.9,4.5,0,0,0
1975-04-10,13.9,-7.2,3.4,0,0,0
1975-04-11,12.8,-6.7,3.1,0,0,0
1975-04-12,10,NA,NA,0,0,0
1975-04-13,NA,NA,NA,0,0,0
1975-04-14,7.2,-4.4,1.4,0,0,0
1975-04-15,11.1,-3.3,3.9,0,0,0
1975-04-16,12.2,-1.7,5.3,0,0,0
1975-04-17,14.4,-5,4.7,0,0,0
1975-04-18,8.3,2.2,5.3,1.8,1.8,0
1975-04-19,NA,NA,NA,0,0,0
1975-04-20,7.2,NA,NA,1,1,0
1975-04-21,7.2,-7.8,-0.3,0,0,0
1975-04-22,10.6,1.1,5.9,0,0,0
1975-04-23,10.6,-1.7,4.5,0,0,0
1975-04-24,10,-3.9,3.1,0,0,0
1975-04-25,16.1,2.8,9.5,0,0,0
1975-04-26,15.6,NA,NA,1.3,1.3,0
1975-04-27,NA,NA,NA,0,0,0
1975-04-28,8.9,-5,2,0,0,0
1975-04-29,12.8,-6.1,3.4,0,0,0
1975-04-30,15,-3.3,5.9,0,0,0
1975-05-01,15,-1.7,6.7,0,0,0
1975-05-02,13.3,1.1,7.2,0.3,0.3,0
1975-05-03,11.1,0,5.6,3,3,0
1975-05-04,12.8,1.7,7.3,0.5,0.5,0
1975-05-05,12.8,0.6,6.7,0,0,0
1975-05-06,7.8,-3.9,2,0,0,0
1975-05-07,12.2,-1.1,5.6,0,0,0
1975-05-08,20.6,-2.2,9.2,0,0,0
1975-05-09,22.8,4.4,13.6,0,0,0
1975-05-10,22.8,2.2,12.5,0,0,0
1975-05-11,23.9,1.1,12.5,5.1,5.1,0
1975-05-12,13.3,0.6,7,0,0,0
1975-05-13,15.6,-1.7,7,0,0,0
1975-05-14,19.4,2.8,11.1,0,0,0
1975-05-15,8.3,5.6,7,5.8,5.8,0
1975-05-16,12.2,0.6,6.4,5.1,5.1,0
1975-05-17,8.9,-0.6,4.2,4.3,4.3,0
1975-05-18,11.1,-1.1,5,0.3,0.3,0
1975-05-19,11.7,0,5.9,0,0,0
1975-05-20,17.8,-2.2,7.8,0,0,0
1975-05-21,13.3,3.9,8.6,0.3,0.3,0
1975-05-22,8.9,1.7,5.3,1.3,1.3,0
1975-05-23,8.3,1.7,5,2,2,0
1975-05-24,7.8,-0.6,3.6,2.3,2.3,0
1975-05-25,13.9,-0.6,6.7,2,2,0
1975-05-26,17.8,0,8.9,0,0,0
1975-05-27,21.1,5,13.1,0,0,0
1975-05-28,15.6,3.9,9.8,0,0,0
1975-05-29,17.2,4.4,10.8,0,0,0
1975-05-30,19.4,1.7,10.6,0,0,0
1975-05-31,22.2,3.9,13.1,0,0,0
1975-06-01,24.4,5,14.7,0,0,0
1975-06-02,18.3,11.7,15,0,0,0
1975-06-03,14.4,5.6,10,4.3,4.3,0
1975-06-04,12.2,4.4,8.3,4.3,4.3,0
1975-06-05,13.3,8.3,10.8,2,2,0
1975-06-06,14.4,2.2,8.3,0.3,0.3,0
1975-06-07,12.2,2.2,7.2,0,0,0
1975-06-08,16.1,-1.1,7.5,0,0,0
1975-06-09,21.7,1.7,11.7,0,0,0
1975-06-10,20,6.7,13.4,0,0,0
1975-06-11,18.9,4.4,11.7,0,0,0
1975-06-12,15,8.9,12,11.2,11.2,0
1975-06-13,17.8,8.3,13.1,0.3,0.3,0
1975-06-14,12.2,7.8,10,2.3,2.3,0
1975-06-15,14.4,4.4,9.4,7.4,7.4,0
1975-06-16,16.1,7.2,11.7,8.9,8.9,0
1975-06-17,19.4,7.2,13.3,0,0,0
1975-06-18,19.4,8.9,14.2,0.5,0.5,0
1975-06-19,19.4,8.3,13.9,1.3,1.3,0
1975-06-20,24.4,5,14.7,0.3,0.3,0
1975-06-21,17.2,10,13.6,0,0,0
1975-06-22,21.1,2.8,12,0,0,0
1975-06-23,17.2,8.9,13.1,2.8,2.8,0
1975-06-24,21.1,5.6,13.4,0,0,0
1975-06-25,19.4,7.2,13.3,10.9,10.9,0
1975-06-26,13.3,6.1,9.7,4.6,4.6,0
1975-06-27,8.3,5.6,7,11.4,11.4,0
1975-06-28,17.2,5,11.1,5.6,5.6,0
1975-06-29,20,4.4,12.2,0,0,0
1975-06-30,20,9.4,14.7,0,0,0
1975-07-01,25,7.8,16.4,0,0,0
1975-07-02,27.2,9.4,18.3,0,0,0
1975-07-03,28.3,10,19.2,0,0,0
1975-07-04,27.2,13.9,20.6,0,0,0
1975-07-05,28.9,11.7,20.3,0,0,0
1975-07-06,26.7,11.1,18.9,0,0,0
1975-07-07,28.9,14.4,21.7,0,0,0
1975-07-08,28.9,16.1,22.5,0,0,0
1975-07-09,31.1,15,23.1,0,0,0
1975-07-10,33.3,16.7,25,0,0,0
1975-07-11,30,16.1,23.1,0,0,0
1975-07-12,26.1,15.6,20.9,0,0,0
1975-07-13,27.8,10.6,19.2,0,0,0
1975-07-14,25,13.9,19.5,5.8,5.8,0
1975-07-15,16.7,12.8,14.8,20.8,20.8,0
1975-07-16,17.8,10,13.9,3.6,3.6,0
1975-07-17,20.6,8.3,14.5,0,0,0
1975-07-18,19.4,8.9,14.2,3,3,0
1975-07-19,18.9,9.4,14.2,3,3,0
1975-07-20,18.9,6.7,12.8,0.3,0.3,0
1975-07-21,16.7,5.6,11.2,0,0,0
1975-07-22,20.6,4.4,12.5,0,0,0
1975-07-23,25,6.1,15.6,0.3,0.3,0
1975-07-24,21.1,13.9,17.5,1,1,0
1975-07-25,18.3,8.3,13.3,0.8,0.8,0
1975-07-26,17.8,10,13.9,1.5,1.5,0
1975-07-27,15,10.6,12.8,25.7,25.7,0
1975-07-28,14.4,6.1,10.3,2.3,2.3,0
1975-07-29,13.9,6.1,10,0,0,0
1975-07-30,18.3,7.2,12.8,0,0,0
1975-07-31,18.3,7.2,12.8,0,0,0
1975-08-01,16.1,8.9,12.5,3.6,3.6,0
1975-08-02,15.6,7.2,11.4,0.3,0.3,0
1975-08-03,15.6,3.9,9.8,0.3,0.3,0
1975-08-04,22.2,10,16.1,5.6,5.6,0
1975-08-05,16.7,8.3,12.5,6.9,6.9,0
1975-08-06,17.2,5.6,11.4,6.6,6.6,0
1975-08-07,14.4,7.8,11.1,15.2,15.2,0
1975-08-08,14.4,6.7,10.6,3.3,3.3,0
1975-08-09,13.9,7.8,10.9,2.8,2.8,0
1975-08-10,15.6,7.8,11.7,2.8,2.8,0
1975-08-11,16.7,5,10.9,0,0,0
1975-08-12,18.9,6.1,12.5,0,0,0
1975-08-13,22.8,4.4,13.6,0,0,0
1975-08-14,24.4,6.7,15.6,0,0,0
1975-08-15,25,7.2,16.1,0.3,0.3,0
1975-08-16,19.4,12.2,15.8,8.4,8.4,0
1975-08-17,15.6,12.2,13.9,11.9,11.9,0
1975-08-18,18.3,10,14.2,0,0,0
1975-08-19,20.6,6.1,13.4,0.5,0.5,0
1975-08-20,19.4,11.1,15.3,0.8,0.8,0
1975-08-21,17.8,8.9,13.4,0,0,0
1975-08-22,8.9,6.7,7.8,0.8,0.8,0
1975-08-23,17.2,6.7,12,0.5,0.5,0
1975-08-24,17.2,6.7,12,0.5,0.5,0
1975-08-25,15.6,7.8,11.7,2.3,2.3,0
1975-08-26,15.6,4.4,10,5.3,5.3,0
1975-08-27,17.2,7.2,12.2,2.3,2.3,0
1975-08-28,18.9,6.7,12.8,0.3,0.3,0
1975-08-29,16.7,5.6,11.2,1.8,1.8,0
1975-08-30,10,7.2,8.6,4.3,4.3,0
1975-08-31,16.1,7.8,12,0.8,0.8,0
1975-09-01,16.7,NA,NA,0.8,0.8,0
1975-09-02,13.9,3.3,8.6,3,3,0
1975-09-03,14.4,2.2,8.3,0,0,0
1975-09-04,11.7,2.8,7.3,4.1,4.1,0
1975-09-05,13.9,8.3,11.1,1.5,1.5,0
1975-09-06,20.6,4.4,12.5,0.3,0.3,0
1975-09-07,NA,NA,NA,0,0,0
1975-09-08,14.4,1.1,7.8,0,0,0
1975-09-09,15.6,2.2,8.9,0,0,0
1975-09-10,16.1,1.7,8.9,0,0,0
1975-09-11,18.3,1.1,9.7,0,0,0
1975-09-12,20.6,1.7,11.2,0,0,0
1975-09-13,22.2,NA,NA,0,0,0
1975-09-14,21.1,4.4,12.8,0,0,0
1975-09-15,9.4,1.7,5.6,0,0,0
1975-09-16,12.2,6.7,9.5,0.3,0.3,0
1975-09-17,15,0,7.5,0,0,0
1975-09-18,16.1,0.6,8.4,0,0,0
1975-09-19,18.3,0.6,9.5,0,0,0
1975-09-20,21.1,2.2,11.7,0,0,0
1975-09-21,22.2,3.3,12.8,0,0,0
1975-09-22,23.9,1.7,12.8,0,0,0
1975-09-23,20.6,3.3,12,0,0,0
1975-09-24,16.7,5.6,11.2,5.3,5.3,0
1975-09-25,10.6,3.9,7.3,1.5,1.5,0
1975-09-26,13.9,2.2,8.1,0.3,0.3,0
1975-09-27,12.8,3.9,8.4,3,3,0
1975-09-28,13.3,NA,NA,5.8,5.8,0
1975-09-29,11.1,3.9,7.5,1.5,1.5,0
1975-09-30,NA,5,NA,0,0,0
1975-10-01,NA,NA,NA,NA,NA,NA
1975-10-02,NA,NA,NA,NA,NA,NA
1975-10-03,NA,NA,NA,NA,NA,NA
1975-10-04,NA,NA,NA,NA,NA,NA
1975-10-05,NA,NA,NA,NA,NA,NA
1975-10-06,NA,NA,NA,NA,NA,NA
1975-10-07,NA,NA,NA,NA,NA,NA
1975-10-08,NA,NA,NA,NA,NA,NA
1975-10-09,NA,NA,NA,NA,NA,NA
1975-10-10,NA,NA,NA,NA,NA,NA
1975-10-11,NA,NA,NA,NA,NA,NA
1975-10-12,NA,NA,NA,NA,NA,NA
1975-10-13,NA,NA,NA,NA,NA,NA
1975-10-14,NA,NA,NA,NA,NA,NA
1975-10-15,NA,NA,NA,NA,NA,NA
1975-10-16,NA,NA,NA,NA,NA,NA
1975-10-17,NA,NA,NA,NA,NA,NA
1975-10-18,NA,NA,NA,NA,NA,NA
1975-10-19,NA,NA,NA,NA,NA,NA
1975-10-20,NA,NA,NA,NA,NA,NA
1975-10-21,NA,NA,NA,NA,NA,NA
1975-10-22,NA,NA,NA,NA,NA,NA
1975-10-23,NA,NA,NA,NA,NA,NA
1975-10-24,NA,NA,NA,NA,NA,NA
1975-10-25,NA,NA,NA,NA,NA,NA
1975-10-26,NA,NA,NA,NA,NA,NA
1975-10-27,NA,NA,NA,NA,NA,NA
1975-10-28,NA,NA,NA,NA,NA,NA
1975-10-29,NA,NA,NA,NA,NA,NA
1975-10-30,NA,NA,NA,NA,NA,NA
1975-10-31,NA,NA,NA,NA,NA,NA
1975-11-01,NA,NA,NA,NA,NA,NA
1975-11-02,NA,NA,NA,NA,NA,NA
1975-11-03,NA,NA,NA,NA,NA,NA
1975-11-04,NA,NA,NA,NA,NA,NA
1975-11-05,NA,NA,NA,NA,NA,NA
1975-11-06,NA,NA,NA,NA,NA,NA
1975-11-07,NA,NA,NA,NA,NA,NA
1975-11-08,NA,NA,NA,NA,NA,NA
1975-11-09,NA,NA,NA,NA,NA,NA
1975-11-10,NA,NA,NA,NA,NA,NA
1975-11-11,NA,NA,NA,NA,NA,NA
1975-11-12,NA,NA,NA,NA,NA,NA
1975-11-13,NA,NA,NA,NA,NA,NA
1975-11-14,NA,NA,NA,NA,NA,NA
1975-11-15,NA,NA,NA,NA,NA,NA
1975-11-16,NA,NA,NA,NA,NA,NA
1975-11-17,NA,NA,NA,NA,NA,NA
1975-11-18,NA,NA,NA,NA,NA,NA
1975-11-19,NA,NA,NA,NA,NA,NA
1975-11-20,NA,NA,NA,NA,NA,NA
1975-11-21,NA,NA,NA,NA,NA,NA
1975-11-22,NA,NA,NA,NA,NA,NA
1975-11-23,NA,NA,NA,NA,NA,NA
1975-11-24,NA,NA,NA,NA,NA,NA
1975-11-25,NA,NA,NA,NA,NA,NA
1975-11-26,NA,NA,NA,NA,NA,NA
1975-11-27,NA,NA,NA,NA,NA,NA
1975-11-28,NA,NA,NA,NA,NA,NA
1975-11-29,NA,NA,NA,NA,NA,NA
1975-11-30,NA,NA,NA,NA,NA,NA
1975-12-01,NA,NA,NA,NA,NA,NA
1975-12-02,NA,NA,NA,NA,NA,NA
1975-12-03,NA,NA,NA,NA,NA,NA
1975-12-04,NA,NA,NA,NA,NA,NA
1975-12-05,NA,NA,NA,NA,NA,NA
1975-12-06,NA,NA,NA,NA,NA,NA
1975-12-07,NA,NA,NA,NA,NA,NA
1975-12-08,NA,NA,NA,NA,NA,NA
1975-12-09,NA,NA,NA,NA,NA,NA
1975-12-10,NA,NA,NA,NA,NA,NA
1975-12-11,NA,NA,NA,NA,NA,NA
1975-12-12,NA,NA,NA,NA,NA,NA
1975-12-13,NA,NA,NA,NA,NA,NA
1975-12-14,NA,NA,NA,NA,NA,NA
1975-12-15,NA,NA,NA,NA,NA,NA
1975-12-16,NA,NA,NA,NA,NA,NA
1975-12-17,NA,NA,NA,NA,NA,NA
1975-12-18,NA,NA,NA,NA,NA,NA
1975-12-19,NA,NA,NA,NA,NA,NA
1975-12-20,NA,NA,NA,NA,NA,NA
1975-12-21,NA,NA,NA,NA,NA,NA
1975-12-22,NA,NA,NA,NA,NA,NA
1975-12-23,NA,NA,NA,NA,NA,NA
1975-12-24,NA,NA,NA,NA,NA,NA
1975-12-25,NA,NA,NA,NA,NA,NA
1975-12-26,NA,NA,NA,NA,NA,NA
1975-12-27,NA,NA,NA,NA,NA,NA
1975-12-28,NA,NA,NA,NA,NA,NA
1975-12-29,NA,NA,NA,NA,NA,NA
1975-12-30,NA,NA,NA,NA,NA,NA
1975-12-31,NA,NA,NA,NA,NA,NA
1976-01-01,NA,NA,NA,NA,NA,NA
1976-01-02,NA,NA,NA,NA,NA,NA
1976-01-03,NA,NA,NA,NA,NA,NA
1976-01-04,NA,NA,NA,NA,NA,NA
1976-01-05,NA,NA,NA,NA,NA,NA
1976-01-06,NA,NA,NA,NA,NA,NA
1976-01-07,NA,NA,NA,NA,NA,NA
1976-01-08,NA,NA,NA,NA,NA,NA
1976-01-09,NA,NA,NA,NA,NA,NA
1976-01-10,NA,NA,NA,NA,NA,NA
1976-01-11,NA,NA,NA,NA,NA,NA
1976-01-12,NA,NA,NA,NA,NA,NA
1976-01-13,NA,NA,NA,NA,NA,NA
1976-01-14,NA,NA,NA,NA,NA,NA
1976-01-15,NA,NA,NA,NA,NA,NA
1976-01-16,NA,NA,NA,NA,NA,NA
1976-01-17,NA,NA,NA,NA,NA,NA
1976-01-18,NA,NA,NA,NA,NA,NA
1976-01-19,NA,NA,NA,NA,NA,NA
1976-01-20,NA,NA,NA,NA,NA,NA
1976-01-21,NA,NA,NA,NA,NA,NA
1976-01-22,NA,NA,NA,NA,NA,NA
1976-01-23,NA,NA,NA,NA,NA,NA
1976-01-24,NA,NA,NA,NA,NA,NA
1976-01-25,NA,NA,NA,NA,NA,NA
1976-01-26,NA,NA,NA,NA,NA,NA
1976-01-27,NA,NA,NA,NA,NA,NA
1976-01-28,NA,NA,NA,NA,NA,NA
1976-01-29,NA,NA,NA,NA,NA,NA
1976-01-30,NA,NA,NA,NA,NA,NA
1976-01-31,NA,NA,NA,NA,NA,NA
1976-02-01,NA,NA,NA,NA,NA,NA
1976-02-02,NA,NA,NA,NA,NA,NA
1976-02-03,NA,NA,NA,NA,NA,NA
1976-02-04,NA,NA,NA,NA,NA,NA
1976-02-05,NA,NA,NA,NA,NA,NA
1976-02-06,NA,NA,NA,NA,NA,NA
1976-02-07,NA,NA,NA,NA,NA,NA
1976-02-08,NA,NA,NA,NA,NA,NA
1976-02-09,NA,NA,NA,NA,NA,NA
1976-02-10,NA,NA,NA,NA,NA,NA
1976-02-11,NA,NA,NA,NA,NA,NA
1976-02-12,NA,NA,NA,NA,NA,NA
1976-02-13,NA,NA,NA,NA,NA,NA
1976-02-14,NA,NA,NA,NA,NA,NA
1976-02-15,NA,NA,NA,NA,NA,NA
1976-02-16,NA,NA,NA,NA,NA,NA
1976-02-17,NA,NA,NA,NA,NA,NA
1976-02-18,NA,NA,NA,NA,NA,NA
1976-02-19,NA,NA,NA,NA,NA,NA
1976-02-20,NA,NA,NA,NA,NA,NA
1976-02-21,NA,NA,NA,NA,NA,NA
1976-02-22,NA,NA,NA,NA,NA,NA
1976-02-23,NA,NA,NA,NA,NA,NA
1976-02-24,NA,NA,NA,NA,NA,NA
1976-02-25,NA,NA,NA,NA,NA,NA
1976-02-26,NA,NA,NA,NA,NA,NA
1976-02-27,NA,NA,NA,NA,NA,NA
1976-02-28,NA,NA,NA,NA,NA,NA
1976-02-29,NA,NA,NA,NA,NA,NA
1976-03-01,NA,NA,NA,NA,NA,NA
1976-03-02,NA,NA,NA,NA,NA,NA
1976-03-03,NA,NA,NA,NA,NA,NA
1976-03-04,NA,NA,NA,NA,NA,NA
1976-03-05,NA,NA,NA,NA,NA,NA
1976-03-06,NA,NA,NA,NA,NA,NA
1976-03-07,NA,NA,NA,NA,NA,NA
1976-03-08,NA,NA,NA,NA,NA,NA
1976-03-09,NA,NA,NA,NA,NA,NA
1976-03-10,NA,NA,NA,NA,NA,NA
1976-03-11,NA,NA,NA,NA,NA,NA
1976-03-12,NA,NA,NA,NA,NA,NA
1976-03-13,NA,NA,NA,NA,NA,NA
1976-03-14,NA,NA,NA,NA,NA,NA
1976-03-15,NA,NA,NA,NA,NA,NA
1976-03-16,NA,NA,NA,NA,NA,NA
1976-03-17,NA,NA,NA,NA,NA,NA
1976-03-18,NA,NA,NA,NA,NA,NA
1976-03-19,NA,NA,NA,NA,NA,NA
1976-03-20,NA,NA,NA,NA,NA,NA
1976-03-21,NA,NA,NA,NA,NA,NA
1976-03-22,NA,NA,NA,NA,NA,NA
1976-03-23,NA,NA,NA,NA,NA,NA
1976-03-24,NA,NA,NA,NA,NA,NA
1976-03-25,NA,NA,NA,NA,NA,NA
1976-03-26,NA,NA,NA,NA,NA,NA
1976-03-27,NA,NA,NA,NA,NA,NA
1976-03-28,NA,NA,NA,NA,NA,NA
1976-03-29,NA,NA,NA,NA,NA,NA
1976-03-30,NA,NA,NA,NA,NA,NA
1976-03-31,NA,NA,NA,NA,NA,NA
1976-04-01,NA,NA,NA,NA,NA,NA
1976-04-02,NA,NA,NA,NA,NA,NA
1976-04-03,NA,NA,NA,NA,NA,NA
1976-04-04,NA,NA,NA,NA,NA,NA
1976-04-05,NA,NA,NA,NA,NA,NA
1976-04-06,NA,NA,NA,NA,NA,NA
1976-04-07,NA,NA,NA,NA,NA,NA
1976-04-08,NA,NA,NA,NA,NA,NA
1976-04-09,NA,NA,NA,NA,NA,NA
1976-04-10,NA,NA,NA,NA,NA,NA
1976-04-11,NA,NA,NA,NA,NA,NA
1976-04-12,NA,NA,NA,NA,NA,NA
1976-04-13,NA,NA,NA,NA,NA,NA
1976-04-14,NA,NA,NA,NA,NA,NA
1976-04-15,NA,NA,NA,NA,NA,NA
1976-04-16,NA,NA,NA,NA,NA,NA
1976-04-17,NA,NA,NA,NA,NA,NA
1976-04-18,NA,NA,NA,NA,NA,NA
1976-04-19,NA,NA,NA,NA,NA,NA
1976-04-20,NA,NA,NA,NA,NA,NA
1976-04-21,NA,NA,NA,NA,NA,NA
1976-04-22,NA,NA,NA,NA,NA,NA
1976-04-23,NA,NA,NA,NA,NA,NA
1976-04-24,NA,NA,NA,NA,NA,NA
1976-04-25,NA,NA,NA,NA,NA,NA
1976-04-26,NA,NA,NA,NA,NA,NA
1976-04-27,NA,NA,NA,NA,NA,NA
1976-04-28,NA,NA,NA,NA,NA,NA
1976-04-29,NA,NA,NA,NA,NA,NA
1976-04-30,NA,NA,NA,NA,NA,NA
1976-05-01,NA,NA,NA,NA,NA,0
1976-05-02,NA,NA,NA,NA,NA,0
1976-05-03,NA,NA,NA,NA,NA,0
1976-05-04,NA,NA,NA,NA,NA,0
1976-05-05,NA,NA,NA,NA,NA,0
1976-05-06,9.4,NA,NA,NA,NA,0
1976-05-07,13.9,-1.1,6.4,0,0,0
1976-05-08,NA,NA,NA,0,0,0
1976-05-09,21.1,NA,NA,0,0,0
1976-05-10,15,7.2,11.1,7.9,7.9,0
1976-05-11,10.6,0.6,5.6,0,0,0
1976-05-12,9.4,2.2,5.8,10.2,10.2,0
1976-05-13,12.2,1.7,7,0,0,0
1976-05-14,14.4,-1.7,6.4,0,0,0
1976-05-15,18.9,1.1,10,0,0,0
1976-05-16,20,10,15,8.1,8.1,0
1976-05-17,5.6,2.2,3.9,5.8,5.8,0
1976-05-18,3.9,0,2,16.8,16.8,0
1976-05-19,12.8,-0.6,6.1,0,0,0
1976-05-20,18.3,2.8,10.6,0,0,0
1976-05-21,14.4,1.1,7.8,1.3,1.3,0
1976-05-22,18.9,0.6,9.8,0.3,0.3,0
1976-05-23,20,10,15,1.5,1.5,0
1976-05-24,15.6,2.2,8.9,3.3,3.3,0
1976-05-25,14.4,0.6,7.5,0.3,0.3,0
1976-05-26,13.9,3.3,8.6,7.4,7.4,0
1976-05-27,16.7,5.6,11.2,0,0,0
1976-05-28,11.1,-1.1,5,0,0,0
1976-05-29,NA,NA,NA,0,0,0
1976-05-30,NA,NA,NA,0.5,0.5,0
1976-05-31,11.1,4.4,7.8,15.5,15.5,0
1976-06-01,7.2,0.6,3.9,12.7,12.7,0
1976-06-02,9.4,0.6,5,9.1,9.1,0
1976-06-03,10.6,2.8,6.7,6.4,6.4,0
1976-06-04,14.4,0.6,7.5,0,0,0
1976-06-05,15.6,2.2,8.9,0.5,0.5,0
1976-06-06,17.2,4.4,10.8,0,0,0
1976-06-07,20.6,6.7,13.7,0.3,0.3,0
1976-06-08,19.4,2.2,10.8,0,0,0
1976-06-09,12.8,5,8.9,10.4,10.4,0
1976-06-10,11.1,5.6,8.4,13,13,0
1976-06-11,12.8,2.2,7.5,1.8,1.8,0
1976-06-12,11.1,4.4,7.8,1.3,1.3,0
1976-06-13,17.8,2.8,10.3,0,0,0
1976-06-14,12.8,6.1,9.5,7.6,7.6,0
1976-06-15,13.3,7.2,10.3,8.6,8.6,0
1976-06-16,22.2,5.6,13.9,4.6,4.6,0
1976-06-17,25.6,4.4,15,0,0,0
1976-06-18,15.6,9.4,12.5,0,0,0
1976-06-19,15,7.8,11.4,7.1,7.1,0
1976-06-20,17.2,5,11.1,0,0,0
1976-06-21,20.6,0.6,10.6,0,0,0
1976-06-22,16.1,5,10.6,0,0,0
1976-06-23,16.1,3.3,9.7,0,0,0
1976-06-24,14.4,3.9,9.2,0,0,0
1976-06-25,10.6,3.9,7.3,0.3,0.3,0
1976-06-26,12.8,6.1,9.5,19.8,19.8,0
1976-06-27,17.2,3.3,10.3,0,0,0
1976-06-28,23.3,7.2,15.3,0,0,0
1976-06-29,27.2,10,18.6,0,0,0
1976-06-30,21.1,7.8,14.5,1,1,0
1976-07-01,12.8,7.8,10.3,0.3,0.3,0
1976-07-02,18.3,4.4,11.4,7.1,7.1,0
1976-07-03,20,5.6,12.8,0,0,0
1976-07-04,20,5.6,12.8,7.6,7.6,0
1976-07-05,21.1,4.4,12.8,0,0,0
1976-07-06,25,6.7,15.9,0.5,0.5,0
1976-07-07,22.2,8.3,15.3,0.5,0.5,0
1976-07-08,21.7,10,15.9,13.2,13.2,0
1976-07-09,17.8,5.6,11.7,1,1,0
1976-07-10,21.1,6.7,13.9,0,0,0
1976-07-11,20,4.4,12.2,3.6,3.6,0
1976-07-12,21.1,2.2,11.7,0,0,0
1976-07-13,18.9,3.9,11.4,0,0,0
1976-07-14,20,6.1,13.1,0,0,0
1976-07-15,21.7,10,15.9,0.5,0.5,0
1976-07-16,21.7,12.2,17,2,2,0
1976-07-17,18.3,5.6,12,0.3,0.3,0
1976-07-18,18.9,5,12,0,0,0
1976-07-19,24.4,5,14.7,3.6,3.6,0
1976-07-20,20,12.8,16.4,2.5,2.5,0
1976-07-21,13.9,7.8,10.9,2.5,2.5,0
1976-07-22,18.9,5,12,1,1,0
1976-07-23,17.8,10,13.9,8.6,8.6,0
1976-07-24,20,5.6,12.8,0.5,0.5,0
1976-07-25,20,7.8,13.9,0,0,0
1976-07-26,14.4,2.8,8.6,0,0,0
1976-07-27,19.4,7.2,13.3,8.9,8.9,0
1976-07-28,13.3,8.9,11.1,1.3,1.3,0
1976-07-29,22.2,8.9,15.6,0,0,0
1976-07-30,21.7,5,13.4,1,1,0
1976-07-31,20,11.7,15.9,8.4,8.4,0
1976-08-01,26.7,NA,NA,0.5,0.5,0
1976-08-02,NA,NA,NA,1.8,1.8,0
1976-08-03,20,7.2,13.6,0,0,0
1976-08-04,22.8,12.8,17.8,0,0,0
1976-08-05,26.7,12.8,19.8,0.3,0.3,0
1976-08-06,23.3,13.3,18.3,7.1,7.1,0
1976-08-07,21.1,14.4,17.8,1,1,0
1976-08-08,22.2,11.1,16.7,9.1,9.1,0
1976-08-09,21.1,12.8,17,0,0,0
1976-08-10,23.9,9.4,16.7,8.1,8.1,0
1976-08-11,18.9,12.8,15.9,8.4,8.4,0
1976-08-12,21.1,8.9,15,1.3,1.3,0
1976-08-13,16.7,9.4,13.1,2.5,2.5,0
1976-08-14,15.6,11.1,13.4,2.8,2.8,0
1976-08-15,20,7.8,13.9,0.3,0.3,0
1976-08-16,16.7,5.6,11.2,0.8,0.8,0
1976-08-17,18.3,10,14.2,0,0,0
1976-08-18,17.8,2.8,10.3,0.8,0.8,0
1976-08-19,12.2,5.6,8.9,10.4,10.4,0
1976-08-20,14.4,6.1,10.3,4.6,4.6,0
1976-08-21,15.6,5.6,10.6,2.3,2.3,0
1976-08-22,15.6,7.8,11.7,1.8,1.8,0
1976-08-23,17.2,2.8,10,0,0,0
1976-08-24,19.4,6.7,13.1,NA,NA,0
1976-08-25,16.7,6.7,11.7,NA,NA,0
1976-08-26,15.6,3.3,9.5,NA,NA,0
1976-08-27,15.6,6.1,10.9,NA,NA,0
1976-08-28,12.2,6.7,9.5,NA,NA,0
1976-08-29,15.6,8.3,12,NA,NA,0
1976-08-30,19.4,5,12.2,NA,NA,0
1976-08-31,18.9,7.2,13.1,2,2,0
1976-09-01,14.4,7.2,10.8,5.3,5.3,0
1976-09-02,14.4,3.3,8.9,2,2,0
1976-09-03,15.6,6.1,10.9,12.2,12.2,0
1976-09-04,14.4,7.2,10.8,15,15,0
1976-09-05,13.9,8.9,11.4,0.3,0.3,0
1976-09-06,13.9,3.3,8.6,0.8,0.8,0
1976-09-07,13.9,2.8,8.4,0,0,0
1976-09-08,14.4,-1.1,6.7,0.3,0.3,0
1976-09-09,17.8,3.9,10.9,0,0,0
1976-09-10,11.1,6.7,8.9,3.3,3.3,0
1976-09-11,15,5,10,0.3,0.3,0
1976-09-12,15,7.2,11.1,0.3,0.3,0
1976-09-13,19.4,4.4,11.9,0,0,0
1976-09-14,15.6,7.2,11.4,0,0,0
1976-09-15,17.2,0.6,8.9,0,0,0
1976-09-16,17.2,2.8,10,3,3,0
1976-09-17,14.4,5.6,10,0,0,0
1976-09-18,20.6,0,10.3,0,0,0
1976-09-19,21.7,2.8,12.3,0,0,0
1976-09-20,21.1,3.9,12.5,1,1,0
1976-09-21,18.9,7.2,13.1,2.8,2.8,0
1976-09-22,20,7.8,13.9,0,0,0
1976-09-23,20,2.2,11.1,0,0,0
1976-09-24,18.9,8.3,13.6,0,0,0
1976-09-25,22.2,6.1,14.2,0,0,0
1976-09-26,22.2,3.3,12.8,0,0,0
1976-09-27,22.2,4.4,13.3,NA,NA,0
1976-09-28,18.3,5.6,12,NA,NA,0
1976-09-29,22.2,5,13.6,NA,NA,0
1976-09-30,12.2,-1.7,5.3,NA,NA,0
1976-10-01,11.7,-2.8,4.5,NA,NA,NA
1976-10-02,11.7,-2.2,4.8,NA,NA,NA
1976-10-03,7.8,0,3.9,NA,NA,NA
1976-10-04,7.2,-3.3,2,NA,NA,NA
1976-10-05,8.3,2.8,5.6,NA,NA,NA
1976-10-06,6.1,0,3.1,NA,NA,NA
1976-10-07,13.3,2.2,7.8,NA,NA,NA
1976-10-08,6.7,-2.2,2.3,NA,NA,NA
1976-10-09,NA,NA,NA,NA,NA,NA
1976-10-10,NA,NA,NA,NA,NA,NA
1976-10-11,NA,NA,NA,NA,NA,NA
1976-10-12,8.3,5.6,7,NA,NA,NA
1976-10-13,8.9,5.6,7.3,NA,NA,NA
1976-10-14,8.3,-3.9,2.2,NA,NA,NA
1976-10-15,5,-6.1,-0.6,NA,NA,NA
1976-10-16,NA,NA,NA,NA,NA,NA
1976-10-17,NA,NA,NA,NA,NA,NA
1976-10-18,7.2,0,3.6,NA,NA,NA
1976-10-19,7.8,-2.8,2.5,NA,NA,NA
1976-10-20,6.7,-3.3,1.7,NA,NA,NA
1976-10-21,6.1,-2.8,1.7,NA,NA,NA
1976-10-22,6.7,-1.1,2.8,NA,NA,NA
1976-10-23,NA,NA,NA,NA,NA,NA
1976-10-24,NA,NA,NA,NA,NA,NA
1976-10-25,NA,NA,NA,NA,NA,NA
1976-10-26,10.6,5.6,8.1,NA,NA,NA
1976-10-27,NA,6.1,NA,NA,NA,NA
1976-10-28,NA,NA,NA,NA,NA,NA
1976-10-29,NA,NA,NA,NA,NA,NA
1976-10-30,NA,NA,NA,NA,NA,NA
1976-10-31,NA,NA,NA,NA,NA,NA
1976-11-01,NA,NA,NA,NA,NA,NA
1976-11-02,NA,NA,NA,NA,NA,NA
1976-11-03,NA,NA,NA,NA,NA,NA
1976-11-04,NA,NA,NA,NA,NA,NA
1976-11-05,NA,NA,NA,NA,NA,NA
1976-11-06,NA,NA,NA,NA,NA,NA
1976-11-07,NA,NA,NA,NA,NA,NA
1976-11-08,NA,NA,NA,NA,NA,NA
1976-11-09,NA,NA,NA,NA,NA,NA
1976-11-10,NA,NA,NA,NA,NA,NA
1976-11-11,NA,NA,NA,NA,NA,NA
1976-11-12,NA,NA,NA,NA,NA,NA
1976-11-13,NA,NA,NA,NA,NA,NA
1976-11-14,NA,NA,NA,NA,NA,NA
1976-11-15,NA,NA,NA,NA,NA,NA
1976-11-16,NA,NA,NA,NA,NA,NA
1976-11-17,NA,NA,NA,NA,NA,NA
1976-11-18,NA,NA,NA,NA,NA,NA
1976-11-19,NA,NA,NA,NA,NA,NA
1976-11-20,NA,NA,NA,NA,NA,NA
1976-11-21,NA,NA,NA,NA,NA,NA
1976-11-22,NA,NA,NA,NA,NA,NA
1976-11-23,NA,NA,NA,NA,NA,NA
1976-11-24,NA,NA,NA,NA,NA,NA
1976-11-25,NA,NA,NA,NA,NA,NA
1976-11-26,NA,NA,NA,NA,NA,NA
1976-11-27,NA,NA,NA,NA,NA,NA
1976-11-28,NA,NA,NA,NA,NA,NA
1976-11-29,NA,NA,NA,NA,NA,NA
1976-11-30,NA,NA,NA,NA,NA,NA
1976-12-01,NA,NA,NA,NA,NA,NA
1976-12-02,NA,NA,NA,NA,NA,NA
1976-12-03,NA,NA,NA,NA,NA,NA
1976-12-04,NA,NA,NA,NA,NA,NA
1976-12-05,NA,NA,NA,NA,NA,NA
1976-12-06,NA,NA,NA,NA,NA,NA
1976-12-07,NA,NA,NA,NA,NA,NA
1976-12-08,NA,NA,NA,NA,NA,NA
1976-12-09,NA,NA,NA,NA,NA,NA
1976-12-10,NA,NA,NA,NA,NA,NA
1976-12-11,NA,NA,NA,NA,NA,NA
1976-12-12,NA,NA,NA,NA,NA,NA
1976-12-13,NA,NA,NA,NA,NA,NA
1976-12-14,NA,NA,NA,NA,NA,NA
1976-12-15,NA,NA,NA,NA,NA,NA
1976-12-16,NA,NA,NA,NA,NA,NA
1976-12-17,NA,NA,NA,NA,NA,NA
1976-12-18,NA,NA,NA,NA,NA,NA
1976-12-19,NA,NA,NA,NA,NA,NA
1976-12-20,NA,NA,NA,NA,NA,NA
1976-12-21,NA,NA,NA,NA,NA,NA
1976-12-22,NA,NA,NA,NA,NA,NA
1976-12-23,NA,NA,NA,NA,NA,NA
1976-12-24,NA,NA,NA,NA,NA,NA
1976-12-25,NA,NA,NA,NA,NA,NA
1976-12-26,NA,NA,NA,NA,NA,NA
1976-12-27,NA,NA,NA,NA,NA,NA
1976-12-28,NA,NA,NA,NA,NA,NA
1976-12-29,NA,NA,NA,NA,NA,NA
1976-12-30,NA,NA,NA,NA,NA,NA
1976-12-31,NA,NA,NA,NA,NA,NA
1977-01-01,NA,NA,NA,NA,NA,NA
1977-01-02,NA,NA,NA,NA,NA,NA
1977-01-03,NA,NA,NA,NA,NA,NA
1977-01-04,NA,NA,NA,NA,NA,NA
1977-01-05,NA,NA,NA,NA,NA,NA
1977-01-06,NA,NA,NA,NA,NA,NA
1977-01-07,NA,NA,NA,NA,NA,NA
1977-01-08,NA,NA,NA,NA,NA,NA
1977-01-09,NA,NA,NA,NA,NA,NA
1977-01-10,NA,NA,NA,NA,NA,NA
1977-01-11,NA,NA,NA,NA,NA,NA
1977-01-12,NA,NA,NA,NA,NA,NA
1977-01-13,NA,NA,NA,NA,NA,NA
1977-01-14,NA,NA,NA,NA,NA,NA
1977-01-15,NA,NA,NA,NA,NA,NA
1977-01-16,NA,NA,NA,NA,NA,NA
1977-01-17,NA,NA,NA,NA,NA,NA
1977-01-18,NA,NA,NA,NA,NA,NA
1977-01-19,NA,NA,NA,NA,NA,NA
1977-01-20,NA,NA,NA,NA,NA,NA
1977-01-21,NA,NA,NA,NA,NA,NA
1977-01-22,NA,NA,NA,NA,NA,NA
1977-01-23,NA,NA,NA,NA,NA,NA
1977-01-24,NA,NA,NA,NA,NA,NA
1977-01-25,NA,NA,NA,NA,NA,NA
1977-01-26,NA,NA,NA,NA,NA,NA
1977-01-27,NA,NA,NA,NA,NA,NA
1977-01-28,NA,NA,NA,NA,NA,NA
1977-01-29,NA,NA,NA,NA,NA,NA
1977-01-30,NA,NA,NA,NA,NA,NA
1977-01-31,NA,NA,NA,NA,NA,NA
1977-02-01,NA,NA,NA,NA,NA,NA
1977-02-02,NA,NA,NA,NA,NA,NA
1977-02-03,NA,NA,NA,NA,NA,NA
1977-02-04,NA,NA,NA,NA,NA,NA
1977-02-05,NA,NA,NA,NA,NA,NA
1977-02-06,NA,NA,NA,NA,NA,NA
1977-02-07,NA,NA,NA,NA,NA,NA
1977-02-08,NA,NA,NA,NA,NA,NA
1977-02-09,NA,NA,NA,NA,NA,NA
1977-02-10,NA,NA,NA,NA,NA,NA
1977-02-11,NA,NA,NA,NA,NA,NA
1977-02-12,NA,NA,NA,NA,NA,NA
1977-02-13,NA,NA,NA,NA,NA,NA
1977-02-14,NA,NA,NA,NA,NA,NA
1977-02-15,NA,NA,NA,NA,NA,NA
1977-02-16,NA,NA,NA,NA,NA,NA
1977-02-17,NA,NA,NA,NA,NA,NA
1977-02-18,NA,NA,NA,NA,NA,NA
1977-02-19,NA,NA,NA,NA,NA,NA
1977-02-20,NA,NA,NA,NA,NA,NA
1977-02-21,NA,NA,NA,NA,NA,NA
1977-02-22,NA,NA,NA,NA,NA,NA
1977-02-23,NA,NA,NA,NA,NA,NA
1977-02-24,NA,NA,NA,NA,NA,NA
1977-02-25,NA,NA,NA,NA,NA,NA
1977-02-26,NA,NA,NA,NA,NA,NA
1977-02-27,NA,NA,NA,NA,NA,NA
1977-02-28,NA,NA,NA,NA,NA,NA
1977-03-01,NA,NA,NA,NA,NA,NA
1977-03-02,NA,NA,NA,NA,NA,NA
1977-03-03,NA,NA,NA,NA,NA,NA
1977-03-04,NA,NA,NA,NA,NA,NA
1977-03-05,NA,NA,NA,NA,NA,NA
1977-03-06,NA,NA,NA,NA,NA,NA
1977-03-07,NA,NA,NA,NA,NA,NA
1977-03-08,NA,NA,NA,NA,NA,NA
1977-03-09,NA,NA,NA,NA,NA,NA
1977-03-10,NA,NA,NA,NA,NA,NA
1977-03-11,NA,NA,NA,NA,NA,NA
1977-03-12,NA,NA,NA,NA,NA,NA
1977-03-13,NA,NA,NA,NA,NA,NA
1977-03-14,NA,NA,NA,NA,NA,NA
1977-03-15,NA,NA,NA,NA,NA,NA
1977-03-16,NA,NA,NA,NA,NA,NA
1977-03-17,NA,NA,NA,NA,NA,NA
1977-03-18,NA,NA,NA,NA,NA,NA
1977-03-19,NA,NA,NA,NA,NA,NA
1977-03-20,NA,NA,NA,NA,NA,NA
1977-03-21,NA,NA,NA,NA,NA,NA
1977-03-22,NA,NA,NA,NA,NA,NA
1977-03-23,NA,NA,NA,NA,NA,NA
1977-03-24,NA,NA,NA,NA,NA,NA
1977-03-25,NA,NA,NA,NA,NA,NA
1977-03-26,NA,NA,NA,NA,NA,NA
1977-03-27,NA,NA,NA,NA,NA,NA
1977-03-28,NA,NA,NA,NA,NA,NA
1977-03-29,NA,NA,NA,NA,NA,NA
1977-03-30,NA,NA,NA,NA,NA,NA
1977-03-31,NA,NA,NA,NA,NA,NA
1977-04-01,NA,NA,NA,NA,NA,NA
1977-04-02,NA,NA,NA,NA,NA,NA
1977-04-03,NA,NA,NA,NA,NA,NA
1977-04-04,NA,NA,NA,NA,NA,NA
1977-04-05,NA,NA,NA,NA,NA,NA
1977-04-06,NA,NA,NA,NA,NA,NA
1977-04-07,NA,NA,NA,NA,NA,NA
1977-04-08,NA,NA,NA,NA,NA,NA
1977-04-09,NA,NA,NA,NA,NA,NA
1977-04-10,NA,NA,NA,NA,NA,NA
1977-04-11,NA,NA,NA,NA,NA,NA
1977-04-12,NA,NA,NA,NA,NA,NA
1977-04-13,NA,NA,NA,NA,NA,NA
1977-04-14,NA,NA,NA,NA,NA,NA
1977-04-15,NA,NA,NA,NA,NA,NA
1977-04-16,NA,NA,NA,NA,NA,NA
1977-04-17,NA,NA,NA,NA,NA,NA
1977-04-18,NA,NA,NA,NA,NA,NA
1977-04-19,NA,NA,NA,NA,NA,NA
1977-04-20,NA,NA,NA,NA,NA,NA
1977-04-21,NA,NA,NA,NA,NA,NA
1977-04-22,NA,NA,NA,NA,NA,NA
1977-04-23,NA,NA,NA,NA,NA,NA
1977-04-24,NA,NA,NA,NA,NA,NA
1977-04-25,NA,NA,NA,NA,NA,NA
1977-04-26,NA,NA,NA,NA,NA,NA
1977-04-27,NA,NA,NA,NA,NA,NA
1977-04-28,NA,NA,NA,NA,NA,NA
1977-04-29,NA,NA,NA,NA,NA,NA
1977-04-30,NA,NA,NA,NA,NA,NA
1977-05-01,NA,NA,NA,NA,NA,NA
1977-05-02,NA,NA,NA,NA,NA,NA
1977-05-03,NA,NA,NA,NA,NA,NA
1977-05-04,NA,NA,NA,NA,NA,NA
1977-05-05,NA,NA,NA,NA,NA,NA
1977-05-06,NA,NA,NA,NA,NA,NA
1977-05-07,NA,NA,NA,0.3,0.3,0
1977-05-08,NA,-0.6,NA,0,0,0
1977-05-09,12.2,-3.9,4.2,0.8,0.8,0
1977-05-10,8.3,0.6,4.5,3.6,3.6,0
1977-05-11,6.1,3.9,5,21.3,21.3,0
1977-05-12,2.8,0,1.4,21,18.5,2.5
1977-05-13,2.8,-1.7,0.6,7.1,7.1,0
1977-05-14,3.9,-1.7,1.1,4.6,4.6,0
1977-05-15,8.3,-3.3,2.5,0.3,0.3,0
1977-05-16,10,-0.6,4.7,0,0,0
1977-05-17,11.1,5.6,8.4,0,0,0
1977-05-18,11.7,-0.6,5.6,0,0,0
1977-05-19,12.2,2.2,7.2,1.8,1.8,0
1977-05-20,10.6,1.7,6.2,0.8,0.8,0
1977-05-21,2.2,-0.6,0.8,6.7,0.3,6.4
1977-05-22,5.6,-3.9,0.9,0.5,0.5,0
1977-05-23,7.8,2.2,5,10.7,10.7,0
1977-05-24,4.4,0,2.2,21.1,16,5.1
1977-05-25,7.2,0.6,3.9,0.3,0.3,0
1977-05-26,12.8,-2.8,5,0.8,0.8,0
1977-05-27,13.3,1.7,7.5,5.8,5.8,0
1977-05-28,15.6,3.3,9.5,0.3,0.3,0
1977-05-29,8.3,1.7,5,26.4,26.4,0
1977-05-30,4.4,1.7,3.1,3,3,0
1977-05-31,6.7,1.7,4.2,18,18,0
1977-06-01,8.3,2.8,5.6,5.3,5.3,0
1977-06-02,6.1,1.1,3.6,20.6,0.3,20.3
1977-06-03,5,0,2.5,13.2,13.2,0
1977-06-04,12.8,-1.7,5.6,0,0,0
1977-06-05,13.9,2.8,8.4,0,0,0
1977-06-06,15.6,1.7,8.7,0,0,0
1977-06-07,16.1,2.2,9.2,16.3,16.3,0
1977-06-08,5,0.6,2.8,81.5,81.5,0
1977-06-09,7.2,0.6,3.9,2.3,2.3,0
1977-06-10,12.8,-0.6,6.1,0,0,0
1977-06-11,16.1,8.9,12.5,0,0,0
1977-06-12,17.2,3.9,10.6,2.8,2.8,0
1977-06-13,15,4.4,9.7,4.1,4.1,0
1977-06-14,15.6,2.8,9.2,25.4,25.4,0
1977-06-15,13.3,5.6,9.5,10.9,10.9,0
1977-06-16,17.8,6.1,12,0,0,0
1977-06-17,18.3,6.7,12.5,0,0,0
1977-06-18,23.3,7.2,15.3,0,0,0
1977-06-19,18.9,8.3,13.6,1.3,1.3,0
1977-06-20,13.3,6.7,10,1,1,0
1977-06-21,13.9,3.9,8.9,0,0,0
1977-06-22,13.9,6.7,10.3,0.8,0.8,0
1977-06-23,11.7,6.1,8.9,0,0,0
1977-06-24,12.8,1.7,7.3,0,0,0
1977-06-25,12.8,6.1,9.5,0,0,0
1977-06-26,14.4,6.7,10.6,0,0,0
1977-06-27,14.4,5,9.7,1.5,1.5,0
1977-06-28,11.7,3.3,7.5,0.8,0.8,0
1977-06-29,13.9,6.1,10,10.7,10.7,0
1977-06-30,12.2,2.2,7.2,10.4,10.4,0
1977-07-01,9.4,3.9,6.7,3.3,3.3,0
1977-07-02,10,3.9,7,7.9,7.9,0
1977-07-03,11.7,5.6,8.7,3,3,0
1977-07-04,12.8,3.3,8.1,3,3,0
1977-07-05,12.2,2.8,7.5,4.3,4.3,0
1977-07-06,15,3.9,9.5,2,2,0
1977-07-07,15.6,4.4,10,1.8,1.8,0
1977-07-08,13.3,2.8,8.1,6.1,6.1,0
1977-07-09,15.6,2.8,9.2,2.8,2.8,0
1977-07-10,14.4,8.9,11.7,9.9,9.9,0
1977-07-11,10,5.6,7.8,1.3,1.3,0
1977-07-12,7.2,1.7,4.5,21.6,21.6,0
1977-07-13,6.1,-1.1,2.5,9.1,9.1,0
1977-07-14,11.1,2.2,6.7,2.5,2.5,0
1977-07-15,14.4,5,9.7,2.8,2.8,0
1977-07-16,12.2,4.4,8.3,7.9,7.9,0
1977-07-17,10.6,3.9,7.3,28.4,28.4,0
1977-07-18,14.4,1.7,8.1,0.5,0.5,0
1977-07-19,19.4,3.9,11.7,8.1,8.1,0
1977-07-20,16.1,5.6,10.9,0,0,0
1977-07-21,10.6,6.1,8.4,9.4,9.4,0
1977-07-22,15,8.3,11.7,0,0,0
1977-07-23,17.2,5,11.1,0,0,0
1977-07-24,19.4,5.6,12.5,0,0,0
1977-07-25,20.6,5.6,13.1,10.2,10.2,0
1977-07-26,22.2,8.9,15.6,0,0,0
1977-07-27,21.1,8.9,15,0,0,0
1977-07-28,13.9,11.1,12.5,5.6,5.6,0
1977-07-29,16.7,11.1,13.9,3.8,3.8,0
1977-07-30,18.9,7.2,13.1,15.7,15.7,0
1977-07-31,15,8.9,12,0.8,0.8,0
1977-08-01,19.4,9.4,14.4,0,0,0
1977-08-02,18.3,6.1,12.2,0,0,0
1977-08-03,19.4,10.6,15,0,0,0
1977-08-04,21.7,7.2,14.5,0.3,0.3,0
1977-08-05,17.8,11.7,14.8,0,0,0
1977-08-06,21.7,6.1,13.9,0,0,0
1977-08-07,19.4,8.3,13.9,46.5,46.5,0
1977-08-08,11.7,10,10.9,9.7,9.7,0
1977-08-09,22.8,5,13.9,0,0,0
1977-08-10,22.2,11.7,17,0,0,0
1977-08-11,17.2,6.7,12,8.9,8.9,0
1977-08-12,13.9,8.9,11.4,16.5,16.5,0
1977-08-13,15,6.1,10.6,0,0,0
1977-08-14,19.4,3.3,11.4,0,0,0
1977-08-15,19.4,3.3,11.4,0,0,0
1977-08-16,21.1,7.8,14.5,9.9,9.9,0
1977-08-17,15.6,8.9,12.3,6.1,6.1,0
1977-08-18,18.3,7.2,12.8,NA,NA,0
1977-08-19,NA,NA,NA,NA,NA,0
1977-08-20,NA,NA,NA,NA,NA,0
1977-08-21,NA,NA,NA,NA,NA,0
1977-08-22,NA,NA,NA,NA,NA,0
1977-08-23,NA,NA,NA,NA,NA,0
1977-08-24,NA,NA,NA,NA,NA,0
1977-08-25,NA,NA,NA,NA,NA,0
1977-08-26,NA,NA,NA,NA,NA,0
1977-08-27,NA,NA,NA,NA,NA,0
1977-08-28,NA,NA,NA,NA,NA,0
1977-08-29,NA,NA,NA,NA,NA,0
1977-08-30,NA,NA,NA,NA,NA,0
1977-08-31,NA,NA,NA,NA,NA,0
1977-09-01,NA,NA,NA,NA,NA,NA
1977-09-02,NA,NA,NA,NA,NA,NA
1977-09-03,NA,NA,NA,NA,NA,NA
1977-09-04,NA,NA,NA,NA,NA,NA
1977-09-05,NA,NA,NA,NA,NA,NA
1977-09-06,NA,NA,NA,NA,NA,NA
1977-09-07,NA,NA,NA,NA,NA,NA
1977-09-08,NA,NA,NA,NA,NA,NA
1977-09-09,NA,NA,NA,NA,NA,NA
1977-09-10,NA,NA,NA,NA,NA,NA
1977-09-11,NA,NA,NA,NA,NA,NA
1977-09-12,NA,NA,NA,NA,NA,NA
1977-09-13,NA,NA,NA,NA,NA,NA
1977-09-14,NA,NA,NA,NA,NA,NA
1977-09-15,NA,NA,NA,NA,NA,NA
1977-09-16,NA,NA,NA,NA,NA,NA
1977-09-17,NA,NA,NA,NA,NA,NA
1977-09-18,NA,NA,NA,NA,NA,NA
1977-09-19,NA,NA,NA,NA,NA,NA
1977-09-20,NA,NA,NA,NA,NA,NA
1977-09-21,NA,NA,NA,NA,NA,NA
1977-09-22,NA,NA,NA,NA,NA,NA
1977-09-23,NA,NA,NA,NA,NA,NA
1977-09-24,NA,NA,NA,NA,NA,NA
1977-09-25,NA,NA,NA,NA,NA,NA
1977-09-26,NA,NA,NA,NA,NA,NA
1977-09-27,NA,NA,NA,NA,NA,NA
1977-09-28,NA,NA,NA,NA,NA,NA
1977-09-29,NA,NA,NA,NA,NA,NA
1977-09-30,NA,NA,NA,NA,NA,NA
1977-10-01,NA,NA,NA,NA,NA,NA
1977-10-02,NA,NA,NA,NA,NA,NA
1977-10-03,NA,NA,NA,NA,NA,NA
1977-10-04,NA,NA,NA,NA,NA,NA
1977-10-05,NA,NA,NA,NA,NA,NA
1977-10-06,NA,NA,NA,NA,NA,NA
1977-10-07,NA,NA,NA,NA,NA,NA
1977-10-08,NA,NA,NA,NA,NA,NA
1977-10-09,NA,NA,NA,NA,NA,NA
1977-10-10,NA,NA,NA,NA,NA,NA
1977-10-11,NA,NA,NA,NA,NA,NA
1977-10-12,NA,NA,NA,NA,NA,NA
1977-10-13,NA,NA,NA,NA,NA,NA
1977-10-14,NA,NA,NA,NA,NA,NA
1977-10-15,NA,NA,NA,NA,NA,NA
1977-10-16,NA,NA,NA,NA,NA,NA
1977-10-17,NA,NA,NA,NA,NA,NA
1977-10-18,NA,NA,NA,NA,NA,NA
1977-10-19,NA,NA,NA,NA,NA,NA
1977-10-20,NA,NA,NA,NA,NA,NA
1977-10-21,NA,NA,NA,NA,NA,NA
1977-10-22,NA,NA,NA,NA,NA,NA
1977-10-23,NA,NA,NA,NA,NA,NA
1977-10-24,NA,NA,NA,NA,NA,NA
1977-10-25,NA,NA,NA,NA,NA,NA
1977-10-26,NA,NA,NA,NA,NA,NA
1977-10-27,NA,NA,NA,NA,NA,NA
1977-10-28,NA,NA,NA,NA,NA,NA
1977-10-29,NA,NA,NA,NA,NA,NA
1977-10-30,NA,NA,NA,NA,NA,NA
1977-10-31,NA,NA,NA,NA,NA,NA
1977-11-01,NA,NA,NA,NA,NA,NA
1977-11-02,NA,NA,NA,NA,NA,NA
1977-11-03,NA,NA,NA,NA,NA,NA
1977-11-04,NA,NA,NA,NA,NA,NA
1977-11-05,NA,NA,NA,NA,NA,NA
1977-11-06,NA,NA,NA,NA,NA,NA
1977-11-07,NA,NA,NA,NA,NA,NA
1977-11-08,NA,NA,NA,NA,NA,NA
1977-11-09,NA,NA,NA,NA,NA,NA
1977-11-10,NA,NA,NA,NA,NA,NA
1977-11-11,NA,NA,NA,NA,NA,NA
1977-11-12,NA,NA,NA,NA,NA,NA
1977-11-13,NA,NA,NA,NA,NA,NA
1977-11-14,NA,NA,NA,NA,NA,NA
1977-11-15,NA,NA,NA,NA,NA,NA
1977-11-16,NA,NA,NA,NA,NA,NA
1977-11-17,NA,NA,NA,NA,NA,NA
1977-11-18,NA,NA,NA,NA,NA,NA
1977-11-19,NA,NA,NA,NA,NA,NA
1977-11-20,NA,NA,NA,NA,NA,NA
1977-11-21,NA,NA,NA,NA,NA,NA
1977-11-22,NA,NA,NA,NA,NA,NA
1977-11-23,NA,NA,NA,NA,NA,NA
1977-11-24,NA,NA,NA,NA,NA,NA
1977-11-25,NA,NA,NA,NA,NA,NA
1977-11-26,NA,NA,NA,NA,NA,NA
1977-11-27,NA,NA,NA,NA,NA,NA
1977-11-28,NA,NA,NA,NA,NA,NA
1977-11-29,NA,NA,NA,NA,NA,NA
1977-11-30,NA,NA,NA,NA,NA,NA
1977-12-01,NA,NA,NA,NA,NA,NA
1977-12-02,NA,NA,NA,NA,NA,NA
1977-12-03,NA,NA,NA,NA,NA,NA
1977-12-04,NA,NA,NA,NA,NA,NA
1977-12-05,NA,NA,NA,NA,NA,NA
1977-12-06,NA,NA,NA,NA,NA,NA
1977-12-07,NA,NA,NA,NA,NA,NA
1977-12-08,NA,NA,NA,NA,NA,NA
1977-12-09,NA,NA,NA,NA,NA,NA
1977-12-10,NA,NA,NA,NA,NA,NA
1977-12-11,NA,NA,NA,NA,NA,NA
1977-12-12,NA,NA,NA,NA,NA,NA
1977-12-13,NA,NA,NA,NA,NA,NA
1977-12-14,NA,NA,NA,NA,NA,NA
1977-12-15,NA,NA,NA,NA,NA,NA
1977-12-16,NA,NA,NA,NA,NA,NA
1977-12-17,NA,NA,NA,NA,NA,NA
1977-12-18,NA,NA,NA,NA,NA,NA
1977-12-19,NA,NA,NA,NA,NA,NA
1977-12-20,NA,NA,NA,NA,NA,NA
1977-12-21,NA,NA,NA,NA,NA,NA
1977-12-22,NA,NA,NA,NA,NA,NA
1977-12-23,NA,NA,NA,NA,NA,NA
1977-12-24,NA,NA,NA,NA,NA,NA
1977-12-25,NA,NA,NA,NA,NA,NA
1977-12-26,NA,NA,NA,NA,NA,NA
1977-12-27,NA,NA,NA,NA,NA,NA
1977-12-28,NA,NA,NA,NA,NA,NA
1977-12-29,NA,NA,NA,NA,NA,NA
1977-12-30,NA,NA,NA,NA,NA,NA
1977-12-31,NA,NA,NA,NA,NA,NA
1978-01-01,NA,NA,NA,NA,NA,NA
1978-01-02,NA,NA,NA,NA,NA,NA
1978-01-03,NA,NA,NA,NA,NA,NA
1978-01-04,NA,NA,NA,NA,NA,NA
1978-01-05,NA,NA,NA,NA,NA,NA
1978-01-06,NA,NA,NA,NA,NA,NA
1978-01-07,NA,NA,NA,NA,NA,NA
1978-01-08,NA,NA,NA,NA,NA,NA
1978-01-09,NA,NA,NA,NA,NA,NA
1978-01-10,NA,NA,NA,NA,NA,NA
1978-01-11,NA,NA,NA,NA,NA,NA
1978-01-12,NA,NA,NA,NA,NA,NA
1978-01-13,NA,NA,NA,NA,NA,NA
1978-01-14,NA,NA,NA,NA,NA,NA
1978-01-15,NA,NA,NA,NA,NA,NA
1978-01-16,NA,NA,NA,NA,NA,NA
1978-01-17,NA,NA,NA,NA,NA,NA
1978-01-18,NA,NA,NA,NA,NA,NA
1978-01-19,NA,NA,NA,NA,NA,NA
1978-01-20,NA,NA,NA,NA,NA,NA
1978-01-21,NA,NA,NA,NA,NA,NA
1978-01-22,NA,NA,NA,NA,NA,NA
1978-01-23,NA,NA,NA,NA,NA,NA
1978-01-24,NA,NA,NA,NA,NA,NA
1978-01-25,NA,NA,NA,NA,NA,NA
1978-01-26,NA,NA,NA,NA,NA,NA
1978-01-27,NA,NA,NA,NA,NA,NA
1978-01-28,NA,NA,NA,NA,NA,NA
1978-01-29,NA,NA,NA,NA,NA,NA
1978-01-30,NA,NA,NA,NA,NA,NA
1978-01-31,NA,NA,NA,NA,NA,NA
1978-02-01,NA,NA,NA,NA,NA,NA
1978-02-02,NA,NA,NA,NA,NA,NA
1978-02-03,NA,NA,NA,NA,NA,NA
1978-02-04,NA,NA,NA,NA,NA,NA
1978-02-05,NA,NA,NA,NA,NA,NA
1978-02-06,NA,NA,NA,NA,NA,NA
1978-02-07,NA,NA,NA,NA,NA,NA
1978-02-08,NA,NA,NA,NA,NA,NA
1978-02-09,NA,NA,NA,NA,NA,NA
1978-02-10,NA,NA,NA,NA,NA,NA
1978-02-11,NA,NA,NA,NA,NA,NA
1978-02-12,NA,NA,NA,NA,NA,NA
1978-02-13,NA,NA,NA,NA,NA,NA
1978-02-14,NA,NA,NA,NA,NA,NA
1978-02-15,NA,NA,NA,NA,NA,NA
1978-02-16,NA,NA,NA,NA,NA,NA
1978-02-17,NA,NA,NA,NA,NA,NA
1978-02-18,NA,NA,NA,NA,NA,NA
1978-02-19,NA,NA,NA,NA,NA,NA
1978-02-20,NA,NA,NA,NA,NA,NA
1978-02-21,NA,NA,NA,NA,NA,NA
1978-02-22,NA,NA,NA,NA,NA,NA
1978-02-23,NA,NA,NA,NA,NA,NA
1978-02-24,NA,NA,NA,NA,NA,NA
1978-02-25,NA,NA,NA,NA,NA,NA
1978-02-26,NA,NA,NA,NA,NA,NA
1978-02-27,NA,NA,NA,NA,NA,NA
1978-02-28,NA,NA,NA,NA,NA,NA
1978-03-01,NA,NA,NA,NA,NA,NA
1978-03-02,NA,NA,NA,NA,NA,NA
1978-03-03,NA,NA,NA,NA,NA,NA
1978-03-04,NA,NA,NA,NA,NA,NA
1978-03-05,NA,NA,NA,NA,NA,NA
1978-03-06,NA,NA,NA,NA,NA,NA
1978-03-07,NA,NA,NA,NA,NA,NA
1978-03-08,NA,NA,NA,NA,NA,NA
1978-03-09,NA,NA,NA,NA,NA,NA
1978-03-10,NA,NA,NA,NA,NA,NA
1978-03-11,NA,NA,NA,NA,NA,NA
1978-03-12,NA,NA,NA,NA,NA,NA
1978-03-13,NA,NA,NA,NA,NA,NA
1978-03-14,NA,NA,NA,NA,NA,NA
1978-03-15,NA,NA,NA,NA,NA,NA
1978-03-16,NA,NA,NA,NA,NA,NA
1978-03-17,NA,NA,NA,NA,NA,NA
1978-03-18,NA,NA,NA,NA,NA,NA
1978-03-19,NA,NA,NA,NA,NA,NA
1978-03-20,NA,NA,NA,NA,NA,NA
1978-03-21,NA,NA,NA,NA,NA,NA
1978-03-22,NA,NA,NA,NA,NA,NA
1978-03-23,NA,NA,NA,NA,NA,NA
1978-03-24,NA,NA,NA,NA,NA,NA
1978-03-25,NA,NA,NA,NA,NA,NA
1978-03-26,NA,NA,NA,NA,NA,NA
1978-03-27,NA,NA,NA,NA,NA,NA
1978-03-28,NA,NA,NA,NA,NA,NA
1978-03-29,NA,NA,NA,NA,NA,NA
1978-03-30,NA,NA,NA,NA,NA,NA
1978-03-31,NA,NA,NA,NA,NA,NA
1978-04-01,NA,NA,NA,NA,NA,NA
1978-04-02,NA,NA,NA,NA,NA,NA
1978-04-03,NA,NA,NA,NA,NA,NA
1978-04-04,NA,NA,NA,NA,NA,NA
1978-04-05,NA,NA,NA,NA,NA,NA
1978-04-06,NA,NA,NA,NA,NA,NA
1978-04-07,NA,NA,NA,NA,NA,NA
1978-04-08,NA,NA,NA,NA,NA,NA
1978-04-09,NA,NA,NA,NA,NA,NA
1978-04-10,NA,NA,NA,NA,NA,NA
1978-04-11,NA,NA,NA,NA,NA,NA
1978-04-12,NA,NA,NA,NA,NA,NA
1978-04-13,NA,NA,NA,NA,NA,NA
1978-04-14,NA,NA,NA,NA,NA,NA
1978-04-15,NA,NA,NA,NA,NA,NA
1978-04-16,NA,NA,NA,NA,NA,NA
1978-04-17,NA,NA,NA,NA,NA,NA
1978-04-18,NA,NA,NA,NA,NA,NA
1978-04-19,NA,NA,NA,NA,NA,NA
1978-04-20,NA,NA,NA,NA,NA,NA
1978-04-21,NA,NA,NA,NA,NA,NA
1978-04-22,NA,NA,NA,NA,NA,NA
1978-04-23,NA,NA,NA,NA,NA,NA
1978-04-24,NA,NA,NA,NA,NA,NA
1978-04-25,NA,NA,NA,NA,NA,NA
1978-04-26,NA,NA,NA,NA,NA,NA
1978-04-27,NA,NA,NA,NA,NA,NA
1978-04-28,NA,NA,NA,NA,NA,NA
1978-04-29,NA,NA,NA,NA,NA,NA
1978-04-30,NA,NA,NA,NA,NA,NA
1978-05-01,14.5,-1,6.8,6.4,6.4,0
1978-05-02,9,1.5,5.3,0.2,0.2,0
1978-05-03,8,-0.5,3.8,0,0,0
1978-05-04,7.5,-4.5,1.5,0.2,0.2,0
1978-05-05,14,-5,4.5,0,0,0
1978-05-06,17,-5,6,0,0,0
1978-05-07,18,-8,5,0,0,0
1978-05-08,16,7,11.5,0,0,0
1978-05-09,14,1,7.5,0,0,0
1978-05-10,14,3,8.5,0,0,0
1978-05-11,13,4,8.5,0,0,0
1978-05-12,14,3,8.5,5,5,0
1978-05-13,14,1,7.5,0,0,0
1978-05-14,14.5,4.5,9.5,17.5,17.5,0
1978-05-15,12,7,9.5,1.5,1.5,0
1978-05-16,16,4,10,0,0,0
1978-05-17,14,3,8.5,0,0,0
1978-05-18,18.5,-2,8.3,0,0,0
1978-05-19,22,3,12.5,0,0,0
1978-05-20,19,-1,9,3,3,0
1978-05-21,10.5,3,6.8,4,4,0
1978-05-22,12.5,2.5,7.5,9,9,0
1978-05-23,10,0,5,0,0,0
1978-05-24,15,-1,7,0,0,0
1978-05-25,16,5,10.5,0,0,0
1978-05-26,18,1,9.5,0,0,0
1978-05-27,10,2,6,4.2,4.2,0
1978-05-28,4,-4,0,6,6,0
1978-05-29,10.5,1,5.8,1,1,0
1978-05-30,18.5,-0.5,9,0,0,0
1978-05-31,23,3,13,0,0,0
1978-06-01,26,4,15,0,0,0
1978-06-02,29.5,4.5,17,0,0,0
1978-06-03,30,5.5,17.8,0,0,0
1978-06-04,27,7,17,0,0,0
1978-06-05,20,10,15,1,1,0
1978-06-06,22,8,15,0,0,0
1978-06-07,25,5,15,0,0,0
1978-06-08,18,6,12,0,0,0
1978-06-09,20,2,11,0,0,0
1978-06-10,14,4,9,4.8,4.8,0
1978-06-11,14.5,3,8.8,4.4,4.4,0
1978-06-12,21.5,2,11.8,1.2,1.2,0
1978-06-13,13.5,6,9.8,6.2,6.2,0
1978-06-14,11,4,7.5,0.6,0.6,0
1978-06-15,20.5,7.5,14,0,0,0
1978-06-16,23,10,16.5,1.6,1.6,0
1978-06-17,18.5,7,12.8,0.8,0.8,0
1978-06-18,17,2,9.5,0,0,0
1978-06-19,22,3,12.5,0,0,0
1978-06-20,19,7,13,0.4,0.4,0
1978-06-21,15,10,12.5,15.7,15.7,0
1978-06-22,17,9,13,0,0,0
1978-06-23,21,4,12.5,0,0,0
1978-06-24,22,8,15,0,0,0
1978-06-25,19,4,11.5,0,0,0
1978-06-26,22.5,7,14.8,0,0,0
1978-06-27,24,10,17,0,0,0
1978-06-28,25.5,8.5,17,0,0,0
1978-06-29,29.5,5,17.3,3.6,3.6,0
1978-06-30,22,10,16,0,0,0
1978-07-01,22,1,11.5,0,0,0
1978-07-02,25,2,13.5,0,0,0
1978-07-03,27,3,15,0,0,0
1978-07-04,27,8,17.5,0,0,0
1978-07-05,30,7,18.5,0,0,0
1978-07-06,22,12,17,0,0,0
1978-07-07,21,13,17,0,0,0
1978-07-08,22.5,14,18.3,17,17,0
1978-07-09,12,10,11,16.4,16.4,0
1978-07-10,16.5,10,13.3,1.9,1.9,0
1978-07-11,25,12,18.5,0,0,0
1978-07-12,23,9,16,2.4,2.4,0
1978-07-13,23,12,17.5,0,0,0
1978-07-14,28,11,19.5,0,0,0
1978-07-15,28,6.5,17.3,0,0,0
1978-07-16,23.5,7,15.3,0,0,0
1978-07-17,20,-4,8,0,0,0
1978-07-18,23,5,14,2.6,2.6,0
1978-07-19,24.5,7,15.8,0,0,0
1978-07-20,27,7,17,0,0,0
1978-07-21,24,11,17.5,0,0,0
1978-07-22,24,9,16.5,0,0,0
1978-07-23,17.5,8,12.8,0,0,0
1978-07-24,24,7.5,15.8,0,0,0
1978-07-25,27.5,7,17.3,0,0,0
1978-07-26,29,9,19,1.2,1.2,0
1978-07-27,24,12,18,0,0,0
1978-07-28,24,11,17.5,0,0,0
1978-07-29,26,9,17.5,0,0,0
1978-07-30,26,12,19,0,0,0
1978-07-31,28,8,18,0,0,0
1978-08-01,28,11.5,19.8,0.4,0.4,0
1978-08-02,25.5,8,16.8,0,0,0
1978-08-03,28,5,16.5,0,0,0
1978-08-04,29,7,18,0,0,0
1978-08-05,20.5,3,11.8,1,1,0
1978-08-06,17.5,11,14.3,4.8,4.8,0
1978-08-07,25,11.5,18.3,0,0,0
1978-08-08,28.5,9,18.8,8.2,8.2,0
1978-08-09,27.5,11,19.3,0.6,0.6,0
1978-08-10,16.5,0,8.3,4.6,4.6,0
1978-08-11,20,8,14,10,10,0
1978-08-12,19,8,13.5,4.6,4.6,0
1978-08-13,19.5,8,13.8,14.6,14.6,0
1978-08-14,15.5,3,9.3,16.3,16.3,0
1978-08-15,17.5,7,12.3,0,0,0
1978-08-16,17.5,5,11.3,0,0,0
1978-08-17,21,4,12.5,8,8,0
1978-08-18,17,9.5,13.3,0,0,0
1978-08-19,16,-2,7,0,0,0
1978-08-20,10,-4,3,0,0,0
1978-08-21,15,-5,5,0.2,0.2,0
1978-08-22,18.5,5,11.8,0,0,0
1978-08-23,16,7,11.5,7.5,7.5,0
1978-08-24,16,8,12,1.3,1.3,0
1978-08-25,16,7,11.5,9.8,9.8,0
1978-08-26,17,6,11.5,1.2,1.2,0
1978-08-27,18.5,3,10.8,3.3,3.3,0
1978-08-28,21.5,3,12.3,0,0,0
1978-08-29,23,5,14,0,0,0
1978-08-30,23,8,15.5,0.8,0.8,0
1978-08-31,17.5,11,14.3,14.8,14.8,0
1978-09-01,16,8.5,12.3,0,0,0
1978-09-02,18,8,13,3.6,3.6,0
1978-09-03,13,7,10,0,0,0
1978-09-04,18.5,4,11.3,2.6,2.6,0
1978-09-05,15,6,10.5,0,0,0
1978-09-06,14.5,6,10.3,7.8,7.8,0
1978-09-07,14.5,7.5,11,6,6,0
1978-09-08,15,4,9.5,0.2,0.2,0
1978-09-09,16,1,8.5,6,6,0
1978-09-10,16,6,11,9.4,9.4,0
1978-09-11,12.5,3,7.8,3,3,0
1978-09-12,17,3,10,0,0,0
1978-09-13,19,3,11,0,0,0
1978-09-14,15.5,4.5,10,16.6,16.6,0
1978-09-15,10,5,7.5,2,2,0
1978-09-16,12,0,6,0,0,0
1978-09-17,12.5,0,6.3,0,0,0
1978-09-18,14.5,-1.5,6.5,0,0,0
1978-09-19,12.5,0,6.3,3,3,0
1978-09-20,11.5,7,9.3,5.4,5.4,0
1978-09-21,12.5,4,8.3,6.8,6.8,0
1978-09-22,10,1,5.5,0.6,0.6,0
1978-09-23,10,0,5,0,0,0
1978-09-24,11.5,2,6.8,0,0,0
1978-09-25,12,1,6.5,0,0,0
1978-09-26,16,-1.5,7.3,0,0,0
1978-09-27,16,-1,7.5,0,0,0
1978-09-28,13.5,2,7.8,1.4,1.4,0
1978-09-29,14,6.5,10.3,4.4,4.4,0
1978-09-30,14,8,11,0.8,0.8,0
1978-10-01,14.5,2,8.3,0,0,0
1978-10-02,12,2,7,4.4,4.4,0
1978-10-03,10,3,6.5,0.4,0.4,0
1978-10-04,12,-1.5,5.3,0,0,0
1978-10-05,14,3,8.5,0,0,0
1978-10-06,16,2,9,0.6,0.6,0
1978-10-07,16,5,10.5,0,0,0
1978-10-08,18,-1,8.5,7.2,7.2,0
1978-10-09,18,7,12.5,0,0,0
1978-10-10,11,2,6.5,0.8,0.8,0
1978-10-11,9,0,4.5,0.2,0.2,0
1978-10-12,7.5,-2.5,2.5,3.4,3.4,0
1978-10-13,4,0,2,1.2,1.2,0
1978-10-14,12,-4,4,0,0,0
1978-10-15,13,-1,6,0,0,0
1978-10-16,12,0,6,1,1,0
1978-10-17,14,3,8.5,0.4,0.4,0
1978-10-18,15,5,10,0,0,0
1978-10-19,13.5,1.5,7.5,0.4,0.4,0
1978-10-20,7,0,3.5,0,0,0
1978-10-21,5,-3,1,0,0,0
1978-10-22,3,-4,-0.5,25,0,25
1978-10-23,10,4.5,7.3,10,10,0
1978-10-24,3,-3,0,0.6,0,0.6
1978-10-25,4.5,-3.5,0.5,0,0,0
1978-10-26,7,-3.5,1.8,0,0,0
1978-10-27,6,-3.5,1.3,0,0,0
1978-10-28,-2,-6,-4,2,0,2
1978-10-29,2.5,-6,-1.8,0,0,0
1978-10-30,3,-6.5,-1.8,0,0,0
1978-10-31,9,-2.5,3.3,0,0,0
1978-11-01,12.5,3,7.8,0,0,0
1978-11-02,6,-3,1.5,0,0,0
1978-11-03,0,-6,-3,0,0,0
1978-11-04,2,-4,-1,3,0,3
1978-11-05,0,-2,-1,8,0,8
1978-11-06,6,0,3,13,13,0
1978-11-07,4,1,2.5,2.5,2.5,0
1978-11-08,-0.5,-5,-2.8,0,0,0
1978-11-09,-6,-10,-8,0,0,0
1978-11-10,-8.5,-14,-11.3,0,0,0
1978-11-11,-7,-15,-11,0,0,0
1978-11-12,-2,-8,-5,0,0,0
1978-11-13,-5.5,-13,-9.3,0,0,0
1978-11-14,-4,-9,-6.5,4,0,4
1978-11-15,-2,-7,-4.5,12.4,0,12.4
1978-11-16,-13,-13,-13,2,0,2
1978-11-17,-17.5,-18.5,-18,0,0,0
1978-11-18,-18,-27,-22.5,0,0,0
1978-11-19,-13,-23,-18,0,0,0
1978-11-20,-17.5,-26,-21.8,0,0,0
1978-11-21,-15,-26.5,-20.8,0,0,0
1978-11-22,-8,-23,-15.5,2.8,0,2.8
1978-11-23,-3,-8.5,-5.8,2.2,0,2.2
1978-11-24,-1,-4,-2.5,13,0,13
1978-11-25,0,-2,-1,0,0,0
1978-11-26,0,-1,-0.5,1,0,1
1978-11-27,0,-4.5,-2.3,8.4,0,8.4
1978-11-28,-1,-3,-2,0,0,0
1978-11-29,-1.5,-11,-6.3,7.6,0,7.6
1978-11-30,-1.5,-11,-6.3,1,0,1
1978-12-01,-7,-13,-10,0,0,0
1978-12-02,-1,-9,-5,5,0,5
1978-12-03,0,-4.5,-2.3,0,0,0
1978-12-04,-6,-10.5,-8.3,0,0,0
1978-12-05,-12.5,-21.5,-17,0,0,0
1978-12-06,-15,-23.5,-19.3,1,0,1
1978-12-07,-8,-24,-16,1,0,1
1978-12-08,-5,-10,-7.5,4,0,4
1978-12-09,-2.5,-6,-4.3,0,0,0
1978-12-10,-6,-13,-9.5,27.2,0,27.2
1978-12-11,-2,-16,-9,1,0,1
1978-12-12,-6,-16,-11,1,0,1
1978-12-13,-2,-13,-7.5,1,0,1
1978-12-14,-3,-8,-5.5,0,0,0
1978-12-15,-5,-8,-6.5,0,0,0
1978-12-16,-2,-15,-8.5,10.8,0,10.8
1978-12-17,-11,-14,-12.5,4.2,0,4.2
1978-12-18,-11.5,-30,-20.8,0.4,0,0.4
1978-12-19,-4,-12,-8,21,0,21
1978-12-20,-2,-12,-7,3.6,0,3.6
1978-12-21,-5,-14.5,-9.8,0,0,0
1978-12-22,-5,-8,-6.5,22,0,22
1978-12-23,-4,-16,-10,0,0,0
1978-12-24,-4,-12.5,-8.3,0,0,0
1978-12-25,-10,-20,-15,0,0,0
1978-12-26,-8,-18.5,-13.3,0,0,0
1978-12-27,-18,-22,-20,0,0,0
1978-12-28,-29,-33,-31,0,0,0
1978-12-29,NA,-46,NA,0,0,0
1978-12-30,NA,-49,NA,0,0,0
1978-12-31,-38,-49,-43.5,0,0,0
1979-01-01,-23.5,-41,-32.3,10,0,10
1979-01-02,-20.5,-32,-26.3,2.2,0,2.2
1979-01-03,-18,-22.5,-20.3,0,0,0
1979-01-04,-24,-37,-30.5,0,0,0
1979-01-05,-29,-38,-33.5,0,0,0
1979-01-06,-32,-38,-35,0,0,0
1979-01-07,-28,-38,-33,0,0,0
1979-01-08,-25,-34,-29.5,0,0,0
1979-01-09,-26,-35,-30.5,0,0,0
1979-01-10,-20,-35,-27.5,0,0,0
1979-01-11,-18,-30,-24,0,0,0
1979-01-12,-17,-23,-20,0,0,0
1979-01-13,-26,-32,-29,0,0,0
1979-01-14,-28,-35,-31.5,0,0,0
1979-01-15,-18,-41,-29.5,3,0,3
1979-01-16,-6.5,-24,-15.3,6,0,6
1979-01-17,-4,-10,-7,2.6,0,2.6
1979-01-18,-3,-9,-6,14.8,0,14.8
1979-01-19,-9,-17,-13,11,0,11
1979-01-20,-6,-12,-9,0,0,0
1979-01-21,-3,-12,-7.5,1.6,0,1.6
1979-01-22,-4,-12,-8,16.6,0,16.6
1979-01-23,-3,-7,-5,0,0,0
1979-01-24,-7,-16.5,-11.8,0,0,0
1979-01-25,-8.5,-22,-15.3,0,0,0
1979-01-26,-6,-22,-14,2.4,0,2.4
1979-01-27,-8,-18.5,-13.3,0,0,0
1979-01-28,-7,-10,-8.5,0,0,0
1979-01-29,-9.5,-16,-12.8,0,0,0
1979-01-30,-9.5,-16.5,-13,5.1,0,5.1
1979-01-31,-17.5,-24.5,-21,0.6,0,0.6
1979-02-01,-12,-24.5,-18.3,0,0,0
1979-02-02,-10,-18,-14,7.1,0,7.1
1979-02-03,-8,-10,-9,0,0,0
1979-02-04,-3,-10,-6.5,24,0,24
1979-02-05,-0.5,-6,-3.3,0,0,0
1979-02-06,-2,-15,-8.5,1.6,0,1.6
1979-02-07,-18.5,-22,-20.3,2,0,2
1979-02-08,-12,-20,-16,27,0,27
1979-02-09,-10,-14,-12,0,0,0
1979-02-10,-14,-20.5,-17.3,0,0,0
1979-02-11,-16,-24,-20,4,0,4
1979-02-12,-20.5,-22.5,-21.5,15,0,15
1979-02-13,-23,-25,-24,7,0,7
1979-02-14,-23,-33.5,-28.3,0,0,0
1979-02-15,-16.5,-33,-24.8,0,0,0
1979-02-16,-12,-24.5,-18.3,0,0,0
1979-02-17,-4,-16,-10,9.2,0,9.2
1979-02-18,-2,-11,-6.5,0,0,0
1979-02-19,-5.5,-12.5,-9,2.8,0,2.8
1979-02-20,-2.5,-12,-7.3,0,0,0
1979-02-21,-3,-12,-7.5,0,0,0
1979-02-22,-15.5,-21.5,-18.5,0,0,0
1979-02-23,-13,-22.5,-17.8,0,0,0
1979-02-24,-10,-18,-14,7,0,7
1979-02-25,-3,-12,-7.5,1,0,1
1979-02-26,-3,-15,-9,7.4,0,7.4
1979-02-27,-9,-17.5,-13.3,0.4,0,0.4
1979-02-28,-6.5,-17,-11.8,1.6,0,1.6
1979-03-01,-4,-17,-10.5,0,0,0
1979-03-02,0,-12,-6,0,0,0
1979-03-03,1,-1,0,18,0,18
1979-03-04,2,0,1,8,8,0
1979-03-05,5,-1,2,18,18,0
1979-03-06,6,-2,2,4,4,0
1979-03-07,5,-1.5,1.8,0,0,0
1979-03-08,3,-4.5,-0.8,0,0,0
1979-03-09,4,-9.5,-2.8,0,0,0
1979-03-10,7,-6,0.5,0,0,0
1979-03-11,9,-4.5,2.3,0,0,0
1979-03-12,5.5,-5,0.3,0,0,0
1979-03-13,8.5,-5.5,1.5,0,0,0
1979-03-14,12,-4,4,0,0,0
1979-03-15,6,3,4.5,0,0,0
1979-03-16,5,-2,1.5,0,0,0
1979-03-17,6,-5,0.5,0,0,0
1979-03-18,10,-6,2,0,0,0
1979-03-19,9,-7.5,0.8,0,0,0
1979-03-20,10,-9,0.5,0,0,0
1979-03-21,11.5,-5.5,3,0,0,0
1979-03-22,11,-5.5,2.8,0,0,0
1979-03-23,10,-5.5,2.3,0,0,0
1979-03-24,7,3,5,0,0,0
1979-03-25,0,-10,-5,0,0,0
1979-03-26,-1,-10,-5.5,0,0,0
1979-03-27,1,-11,-5,0,0,0
1979-03-28,2.5,-7.5,-2.5,2,0,2
1979-03-29,-1,-8.5,-4.8,1,0,1
1979-03-30,2,-11,-4.5,0,0,0
1979-03-31,0,-15,-7.5,0,0,0
1979-04-01,2,-13,-5.5,0,0,0
1979-04-02,2,-10,-4,0,0,0
1979-04-03,4,-5,-0.5,0,0,0
1979-04-04,2.5,-2,0.3,0,0,0
1979-04-05,4,-1.5,1.3,8,6.5,1.5
1979-04-06,4,-0.5,1.8,0,0,0
1979-04-07,6,-3,1.5,0,0,0
1979-04-08,5.5,1,3.3,3,3,0
1979-04-09,7,-2,2.5,0,0,0
1979-04-10,5,-3.5,0.8,0,0,0
1979-04-11,6.5,0,3.3,0,0,0
1979-04-12,5,-4.5,0.3,6,0,6
1979-04-13,3,-2,0.5,0,0,0
1979-04-14,5,-1.5,1.8,0,0,0
1979-04-15,7,-4,1.5,0,0,0
1979-04-16,9,-7,1,0,0,0
1979-04-17,4,1,2.5,0.4,0,0.4
1979-04-18,3.5,-1.5,1,0,0,0
1979-04-19,6.5,-5.5,0.5,0,0,0
1979-04-20,8,-2.5,2.8,0,0,0
1979-04-21,10,-7,1.5,0,0,0
1979-04-22,9,-1,4,0,0,0
1979-04-23,13,-5,4,0,0,0
1979-04-24,15,1,8,0,0,0
1979-04-25,15.5,-2,6.8,0,0,0
1979-04-26,17.5,-3,7.3,0,0,0
1979-04-27,18,-1,8.5,0,0,0
1979-04-28,20,-3,8.5,0,0,0
1979-04-29,21,0,10.5,0,0,0
1979-04-30,16.5,4,10.3,0,0,0
1979-05-01,10.5,2,6.3,0,0,0
1979-05-02,9,2,5.5,0,0,0
1979-05-03,11,2.5,6.8,19.2,19.2,0
1979-05-04,5,2,3.5,9.6,9.6,0
1979-05-05,10,0.5,5.3,0,0,0
1979-05-06,9,1,5,0,0,0
1979-05-07,12,0,6,0,0,0
1979-05-08,13,-3,5,6.4,6.4,0
1979-05-09,10,0,5,0,0,0
1979-05-10,10,-2.5,3.8,4,4,0
1979-05-11,13,-1.5,5.8,0,0,0
1979-05-12,14,-1.5,6.3,0,0,0
1979-05-13,13,2,7.5,0,0,0
1979-05-14,13,-2,5.5,0,0,0
1979-05-15,7.5,4,5.8,9.4,9.4,0
1979-05-16,11,4,7.5,0.2,0.2,0
1979-05-17,11,2,6.5,1.8,1.8,0
1979-05-18,12,2,7,0,0,0
1979-05-19,8,-2.5,2.8,0,0,0
1979-05-20,14,-3.5,5.3,4,4,0
1979-05-21,15.5,-2,6.8,0,0,0
1979-05-22,23.5,-2,10.8,5.2,5.2,0
1979-05-23,18.5,12.5,15.5,8.5,8.5,0
1979-05-24,14.5,6.5,10.5,0.9,0.9,0
1979-05-25,19.5,5,12.3,5.5,5.5,0
1979-05-26,16.5,8,12.3,10,10,0
1979-05-27,11.5,0,5.8,2.5,2.5,0
1979-05-28,11,2,6.5,1.4,1.4,0
1979-05-29,16,0.5,8.3,0.6,0.6,0
1979-05-30,20,3.5,11.8,0,0,0
1979-05-31,21,7.5,14.3,0,0,0
1979-06-01,21,9,15,0,0,0
1979-06-02,18,7,12.5,4.2,4.2,0
1979-06-03,19,6,12.5,2.3,2.3,0
1979-06-04,18,6.5,12.3,11.8,11.8,0
1979-06-05,12.5,8.5,10.5,1.5,1.5,0
1979-06-06,12,4.5,8.3,4.3,4.3,0
1979-06-07,16,4.5,10.3,0,0,0
1979-06-08,18,4,11,0.6,0.6,0
1979-06-09,19,9,14,0.6,0.6,0
1979-06-10,20,7,13.5,0.6,0.6,0
1979-06-11,19,5,12,12.8,12.8,0
1979-06-12,16,7,11.5,2.1,2.1,0
1979-06-13,12,4,8,0.8,0.8,0
1979-06-14,14.5,5.5,10,0,0,0
1979-06-15,19,7,13,0,0,0
1979-06-16,21,6,13.5,1.8,1.8,0
1979-06-17,23,7,15,0,0,0
1979-06-18,16.5,7,11.8,0.8,0.8,0
1979-06-19,16,1.5,8.8,0.2,0.2,0
1979-06-20,15,5,10,1.4,1.4,0
1979-06-21,18,6.5,12.3,0,0,0
1979-06-22,19,7,13,2,2,0
1979-06-23,16,4,10,0.2,0.2,0
1979-06-24,16.5,2,9.3,0,0,0
1979-06-25,23,2,12.5,0,0,0
1979-06-26,24.5,2,13.3,0,0,0
1979-06-27,24.5,4.5,14.5,0,0,0
1979-06-28,25.5,4.5,15,0,0,0
1979-06-29,26,8,17,14.4,14.4,0
1979-06-30,13,9,11,1,1,0
1979-07-01,16,3,9.5,6.6,6.6,0
1979-07-02,17,3.5,10.3,2.2,2.2,0
1979-07-03,18,2,10,0,0,0
1979-07-04,25,8,16.5,0,0,0
1979-07-05,25,11,18,13.6,13.6,0
1979-07-06,22.5,7,14.8,0.2,0.2,0
1979-07-07,21,7,14,3.2,3.2,0
1979-07-08,20,5,12.5,0.4,0.4,0
1979-07-09,25,5.5,15.3,0.6,0.6,0
1979-07-10,18.5,11.5,15,8.6,8.6,0
1979-07-11,19.5,11,15.3,0.4,0.4,0
1979-07-12,16.5,9.5,13,0,0,0
1979-07-13,17,5,11,0,0,0
1979-07-14,18,6,12,0,0,0
1979-07-15,24,4.5,14.3,0,0,0
1979-07-16,27.5,9.5,18.5,0,0,0
1979-07-17,30,9.5,19.8,0,0,0
1979-07-18,29,2,15.5,0,0,0
1979-07-19,29.5,11,20.3,0,0,0
1979-07-20,31.5,11.5,21.5,2.4,2.4,0
1979-07-21,20,2.4,11.2,0,0,0
1979-07-22,17,2.5,9.8,0,0,0
1979-07-23,20.5,4,12.3,1.2,1.2,0
1979-07-24,21.5,4.5,13,0.4,0.4,0
1979-07-25,23.5,6,14.8,0,0,0
1979-07-26,25.5,6.5,16,0,0,0
1979-07-27,28.5,5,16.8,0,0,0
1979-07-28,22.5,11,16.8,6.4,6.4,0
1979-07-29,26,5,15.5,0,0,0
1979-07-30,25.5,11,18.3,0,0,0
1979-07-31,22.5,12.5,17.5,2.4,2.4,0
1979-08-01,20.5,6.5,13.5,0.2,0.2,0
1979-08-02,19.5,-0.5,9.5,0,0,0
1979-08-03,19,5.5,12.3,3.4,3.4,0
1979-08-04,14,0,7,0,0,0
1979-08-05,16.5,5,10.8,0,0,0
1979-08-06,14,0,7,6.4,6.4,0
1979-08-07,24,6,15,0,0,0
1979-08-08,22,7,14.5,0.2,0.2,0
1979-08-09,25,6,15.5,0,0,0
1979-08-10,24,6,15,0,0,0
1979-08-11,22,3,12.5,0,0,0
1979-08-12,22.5,2.5,12.5,0,0,0
1979-08-13,27.5,7,17.3,0,0,0
1979-08-14,28,11.5,19.8,0,0,0
1979-08-15,28.5,10.5,19.5,0,0,0
1979-08-16,28.5,14.5,21.5,0,0,0
1979-08-17,27.5,12.5,20,9,9,0
1979-08-18,21,12.5,16.8,3,3,0
1979-08-19,21.5,8.5,15,0,0,0
1979-08-20,26,5.5,15.8,0,0,0
1979-08-21,27,8,17.5,0,0,0
1979-08-22,28,9,18.5,0,0,0
1979-08-23,28.5,9.5,19,0,0,0
1979-08-24,28.5,10,19.3,0,0,0
1979-08-25,24,12,18,0,0,0
1979-08-26,25,4,14.5,0,0,0
1979-08-27,26,6,16,0,0,0
1979-08-28,24.5,2,13.3,0,0,0
1979-08-29,23,4,13.5,0,0,0
1979-08-30,19,1.5,10.3,2.3,2.3,0
1979-08-31,19,3,11,0,0,0
1979-09-01,20,3,11.5,3.6,3.6,0
1979-09-02,22.5,8,15.3,7.4,7.4,0
1979-09-03,19.5,5,12.3,0,0,0
1979-09-04,18,6,12,0.6,0.6,0
1979-09-05,15,6,10.5,11,11,0
1979-09-06,16.5,3.5,10,0,0,0
1979-09-07,17,0,8.5,4.6,4.6,0
1979-09-08,20,8.5,14.3,0,0,0
1979-09-09,14.5,2,8.3,6.8,6.8,0
1979-09-10,15.5,2.5,9,2.4,2.4,0
1979-09-11,16.5,4.5,10.5,0.2,0.2,0
1979-09-12,13,3.5,8.3,0.8,0.8,0
1979-09-13,23.5,8.5,16,0,0,0
1979-09-14,26,8,17,0,0,0
1979-09-15,24,8,16,0,0,0
1979-09-16,18,6,12,0,0,0
1979-09-17,17,6,11.5,0.2,0.2,0
1979-09-18,17,7.5,12.3,0,0,0
1979-09-19,19,2.5,10.8,0,0,0
1979-09-20,18,0.5,9.3,0,0,0
1979-09-21,16.5,7,11.8,0,0,0
1979-09-22,15.5,3.5,9.5,0,0,0
1979-09-23,17,-5.5,5.8,0,0,0
1979-09-24,19,-1,9,0,0,0
1979-09-25,21.5,2,11.8,0,0,0
1979-09-26,10.5,4.5,7.5,5.4,5.4,0
1979-09-27,9.5,5,7.3,12.1,12.1,0
1979-09-28,11.5,0,5.8,0.2,0.2,0
1979-09-29,11,2,6.5,0.6,0.6,0
1979-09-30,14,0,7,20.2,20.2,0
1979-10-01,13,4,8.5,0,0,0
1979-10-02,12,0,6,0.4,0.4,0
1979-10-03,14,1,7.5,0,0,0
1979-10-04,12,1,6.5,0,0,0
1979-10-05,12,1,6.5,2,2,0
1979-10-06,11,6,8.5,2.4,2.4,0
1979-10-07,12,4,8,0,0,0
1979-10-08,9,-4,2.5,0,0,0
1979-10-09,14.5,2,8.3,0.4,0.4,0
1979-10-10,16,6.5,11.3,0.2,0.2,0
1979-10-11,18,9,13.5,0,0,0
1979-10-12,16.5,8,12.3,0,0,0
1979-10-13,12,1.5,6.8,0.5,0.5,0
1979-10-14,8,-1,3.5,3,3,0
1979-10-15,7.5,-4.5,1.5,0,0,0
1979-10-16,8,-4.5,1.8,1,1,0
1979-10-17,7,-0.5,3.3,0,0,0
1979-10-18,6,-2,2,0,0,0
1979-10-19,5,0.5,2.8,1,1,0
1979-10-20,4,-3,0.5,0,0,0
1979-10-21,6,-4,1,2.4,2.4,0
1979-10-22,14,-4,5,0.8,0.8,0
1979-10-23,9.5,1.5,5.5,0,0,0
1979-10-24,9,-3,3,3.9,3.9,0
1979-10-25,7,-2,2.5,13.4,13.4,0
1979-10-26,7,3,5,0,0,0
1979-10-27,4.5,-3,0.8,1,0,1
1979-10-28,0,-5,-2.5,1.5,0,1.5
1979-10-29,5,-4,0.5,0,0,0
1979-10-30,1,-2.5,-0.8,0,0,0
1979-10-31,2,-2,0,0,0,0
1979-11-01,6.5,-1,2.8,0,0,0
1979-11-02,5,-4,0.5,0,0,0
1979-11-03,6,-6,0,0,0,0
1979-11-04,4.5,-8,-1.8,0,0,0
1979-11-05,0,-10.5,-5.3,0,0,0
1979-11-06,-2,-11,-6.5,0,0,0
1979-11-07,-2,-12,-7,0,0,0
1979-11-08,-5.5,-11.5,-8.5,0,0,0
1979-11-09,-3,-11.5,-7.3,0,0,0
1979-11-10,0,-12,-6,0,0,0
1979-11-11,-4,-12,-8,0,0,0
1979-11-12,0,-10,-5,0,0,0
1979-11-13,1.5,-12,-5.3,0,0,0
1979-11-14,4,-7,-1.5,0,0,0
1979-11-15,6.5,-6,0.3,0,0,0
1979-11-16,7,-2.5,2.3,0,0,0
1979-11-17,2,-1.5,0.3,0,0,0
1979-11-18,-2,-8,-5,0,0,0
1979-11-19,-0.5,-6.5,-3.5,3.8,0,3.8
1979-11-20,0,-6.5,-3.3,0,0,0
1979-11-21,4,-5.5,-0.8,0,0,0
1979-11-22,6.5,-0.5,3,2.5,0,2.5
1979-11-23,6,0,3,0,0,0
1979-11-24,2,-6,-2,1.4,0,1.4
1979-11-25,1.5,-6,-2.3,0,0,0
1979-11-26,4.5,-5.5,-0.5,0,0,0
1979-11-27,-7,-14,-10.5,0,0,0
1979-11-28,-7,-12.5,-9.8,0,0,0
1979-11-29,-7,-14,-10.5,0.4,0,0.4
1979-11-30,-3,-12.5,-7.8,0,0,0
1979-12-01,-0.5,-8,-4.3,0,0,0
1979-12-02,-6,-14,-10,0.8,0,0.8
1979-12-03,-4,-15,-9.5,5.7,0,5.7
1979-12-04,-0.5,-13,-6.8,0.2,0,0.2
1979-12-05,1.5,-4.5,-1.5,0,0,0
1979-12-06,-1.5,-5.5,-3.5,0,0,0
1979-12-07,-0.5,-6.5,-3.5,15.3,0,15.3
1979-12-08,2,-2,0,4,0,4
1979-12-09,0.5,0.5,0.5,0,0,0
1979-12-10,-5,-18.5,-11.8,4.4,0,4.4
1979-12-11,-6,-17,-11.5,3.2,0,3.2
1979-12-12,-13.5,-14.5,-14,17.2,0,17.2
1979-12-13,-14.5,-17,-15.8,0,0,0
1979-12-14,-26,-28,-27,6.3,0,6.3
1979-12-15,-30,-40,-35,0,0,0
1979-12-16,-13.5,-37,-25.3,30.5,0,30.5
1979-12-17,-1,-20,-10.5,7.8,0.2,7.6
1979-12-18,1,-1,0,0,0,0
1979-12-19,2.5,-1,0.8,0.4,0.4,0
1979-12-20,1,-4.5,-1.8,0,0,0
1979-12-21,2.5,-3,-0.3,1,0.6,0.4
1979-12-22,-4,-12,-8,0,0,0
1979-12-23,-4.5,-12,-8.3,0,0,0
1979-12-24,-2,-7,-4.5,0,0,0
1979-12-25,2.5,-4.5,-1,0,0,0
1979-12-26,5,-1,2,0,0,0
1979-12-27,1.5,-2.5,-0.5,0,0,0
1979-12-28,0.5,-9,-4.3,0,0,0
1979-12-29,-6,-11,-8.5,0,0,0
1979-12-30,0,-8,-4,5.8,0,5.8
1979-12-31,4.5,-7,-1.3,0.6,0,0.6
1980-01-01,3,-5,-1,3.8,0,3.8
1980-01-02,0,-1,-0.5,6,0,6
1980-01-03,1.5,-4.5,-1.5,3.2,0,3.2
1980-01-04,-5,-10,-7.5,0,0,0
1980-01-05,-20.5,-20.5,-20.5,0,0,0
1980-01-06,-18,-26,-22,2,0,2
1980-01-07,-17,-26,-21.5,0,0,0
1980-01-08,-21,-25,-23,0,0,0
1980-01-09,-26,-29.5,-27.8,0,0,0
1980-01-10,-23,-39,-31,6.4,0,6.4
1980-01-11,-22,-34,-28,12.6,0,12.6
1980-01-12,-16.5,-22,-19.3,0,0,0
1980-01-13,-4,-30,-17,0,0,0
1980-01-14,-3.5,-10,-6.8,0,0,0
1980-01-15,1.5,-9.5,-4,0.6,0,0.6
1980-01-16,0,-4,-2,0,0,0
1980-01-17,-10,-20,-15,0,0,0
1980-01-18,-14,-27,-20.5,0,0,0
1980-01-19,-9,-18,-13.5,0,0,0
1980-01-20,-7,-12,-9.5,0,0,0
1980-01-21,-2,-14,-8,0,0,0
1980-01-22,0,-6,-3,0.4,0.4,0
1980-01-23,1.5,-2,-0.3,5.2,5.2,0
1980-01-24,-4.5,-10,-7.3,0,0,0
1980-01-25,-14,-14,-14,0,0,0
1980-01-26,-17.5,-22,-19.8,0,0,0
1980-01-27,-18,-33,-25.5,0,0,0
1980-01-28,-21,-35,-28,0,0,0
1980-01-29,-16,-33,-24.5,0.2,0,0.2
1980-01-30,-8,-27.5,-17.8,0.2,0,0.2
1980-01-31,-5,-15,-10,3.8,0,3.8
1980-02-01,0,-13.5,-6.8,0,0,0
1980-02-02,3,-6,-1.5,0,0,0
1980-02-03,3.5,-6,-1.3,2.2,0,2.2
1980-02-04,2,-6,-2,0,0,0
1980-02-05,0.5,-10,-4.8,3,0,3
1980-02-06,0.5,-3.5,-1.5,0.6,0,0.6
1980-02-07,3,-3,0,0.4,0.4,0
1980-02-08,4,-3,0.5,0,0,0
1980-02-09,1,-11,-5,0,0,0
1980-02-10,-1.5,-2,-1.8,0.6,0,0.6
1980-02-11,-5.5,-5.5,-5.5,0,0,0
1980-02-12,-5.5,-15.5,-10.5,0,0,0
1980-02-13,-7.5,-16.5,-12,0,0,0
1980-02-14,-10,-15.5,-12.8,0,0,0
1980-02-15,-8,-17,-12.5,0,0,0
1980-02-16,-10,-19,-14.5,0,0,0
1980-02-17,-6,-12,-9,0,0,0
1980-02-18,-5,-6,-5.5,10,0,10
1980-02-19,-6,-14,-10,3.8,0,3.8
1980-02-20,-8,-17,-12.5,0,0,0
1980-02-21,-4,-22,-13,0,0,0
1980-02-22,-3.5,-18.5,-11,0,0,0
1980-02-23,-2.5,-17.5,-10,0,0,0
1980-02-24,2,-15.5,-6.8,0,0,0
1980-02-25,4,-2,1,0,0,0
1980-02-26,4,-1,1.5,2.4,2.4,0
1980-02-27,10,1,5.5,2,2,0
1980-02-28,10,2,6,9.1,9.1,0
1980-02-29,6,-6,0,0,0,0
1980-03-01,6,-3,1.5,0,0,0
1980-03-02,-2,-7,-4.5,0,0,0
1980-03-03,-12,-18,-15,0,0,0
1980-03-04,-8,-23.5,-15.8,0,0,0
1980-03-05,-8,-24,-16,0,0,0
1980-03-06,-1.5,-22,-11.8,0,0,0
1980-03-07,3.5,-19.5,-8,0,0,0
1980-03-08,7,-3,2,10.2,0,10.2
1980-03-09,6,3,4.5,5,0,5
1980-03-10,3,0.5,1.8,4,0,4
1980-03-11,2.5,-7,-2.3,0.6,0,0.6
1980-03-12,0,-12,-6,0,0,0
1980-03-13,7,-15,-4,3.8,0,3.8
1980-03-14,-3,-15,-9,0,0,0
1980-03-15,-3,-15,-9,0,0,0
1980-03-16,-1,-20,-10.5,10.2,0,10.2
1980-03-17,2,-17,-7.5,7,0,7
1980-03-18,4,-17,-6.5,1.9,0,1.9
1980-03-19,5,-9,-2,0,0,0
1980-03-20,7,-1.5,2.8,0,0,0
1980-03-21,4,-7,-1.5,0,0,0
1980-03-22,4,0,2,0,0,0
1980-03-23,5,0,2.5,0,0,0
1980-03-24,5,-8,-1.5,0,0,0
1980-03-25,6,-11,-2.5,1.9,0,1.9
1980-03-26,5,-2.5,1.3,0.6,0,0.6
1980-03-27,6.5,-5,0.8,7.6,0,7.6
1980-03-28,3,0,1.5,0,0,0
1980-03-29,2.5,-3,-0.3,0,0,0
1980-03-30,6.5,-6,0.3,6.4,0,6.4
1980-03-31,5,-10.5,-2.8,0,0,0
1980-04-01,9,-7,1,0,0,0
1980-04-02,11.5,-9,1.3,0,0,0
1980-04-03,14,-7.5,3.3,0,0,0
1980-04-04,14.5,2,8.3,0,0,0
1980-04-05,12,3,7.5,0,0,0
1980-04-06,10,4,7,0,0,0
1980-04-07,12.5,2,7.3,0,0,0
1980-04-08,10,-7,1.5,0,0,0
1980-04-09,9,1,5,2,2,0
1980-04-10,10,-1,4.5,0,0,0
1980-04-11,18,2.5,10.3,0,0,0
1980-04-12,16,8,12,0.5,0.5,0
1980-04-13,13,8,10.5,0,0,0
1980-04-14,15,6,10.5,0,0,0
1980-04-15,11.5,2,6.8,0,0,0
1980-04-16,15,-1.5,6.8,0,0,0
1980-04-17,15,2,8.5,0,0,0
1980-04-18,13,-5,4,1.5,1.5,0
1980-04-19,8,0,4,0,0,0
1980-04-20,14,-0.5,6.8,0,0,0
1980-04-21,14,-5,4.5,0,0,0
1980-04-22,17,-3,7,0,0,0
1980-04-23,17,5,11,0,0,0
1980-04-24,17,2,9.5,0,0,0
1980-04-25,18,2.5,10.3,0,0,0
1980-04-26,18,4,11,0,0,0
1980-04-27,19,0,9.5,0,0,0
1980-04-28,18,-2,8,0,0,0
1980-04-29,12,0,6,0,0,0
1980-04-30,18,1,9.5,0,0,0
1980-05-01,24,0,12,0,0,0
1980-05-02,16,6,11,0,0,0
1980-05-03,16,-2,7,0,0,0
1980-05-04,24,0,12,0,0,0
1980-05-05,24,4,14,7.9,7.9,0
1980-05-06,18,9,13.5,0,0,0
1980-05-07,16,5,10.5,0,0,0
1980-05-08,26,4,15,0,0,0
1980-05-09,27,7,17,0,0,0
1980-05-10,25,7,16,0,0,0
1980-05-11,27,7,17,0,0,0
1980-05-12,24.5,4,14.3,0.5,0.5,0
1980-05-13,14.5,3.5,9,5,5,0
1980-05-14,18,2.5,10.3,0.3,0.3,0
1980-05-15,23,2.5,12.8,0,0,0
1980-05-16,25,6,15.5,0,0,0
1980-05-17,20,8,14,1,1,0
1980-05-18,19.5,8,13.8,4,4,0
1980-05-19,14,8,11,1.8,1.8,0
1980-05-20,11,4,7.5,1.8,1.8,0
1980-05-21,12.5,1.5,7,0.3,0.3,0
1980-05-22,14.5,2.5,8.5,0.5,0.5,0
1980-05-23,9,3.5,6.3,0,0,0
1980-05-24,14,6,10,0,0,0
1980-05-25,13,5,9,5,5,0
1980-05-26,17,4,10.5,0,0,0
1980-05-27,23.5,6,14.8,0,0,0
1980-05-28,16,5,10.5,0,0,0
1980-05-29,23.5,7.5,15.5,3.3,3.3,0
1980-05-30,21,8,14.5,2,2,0
1980-05-31,18,8,13,2,2,0
1980-06-01,NA,NA,NA,NA,NA,NA
1980-06-02,NA,NA,NA,NA,NA,NA
1980-06-03,NA,NA,NA,NA,NA,NA
1980-06-04,NA,NA,NA,NA,NA,NA
1980-06-05,NA,NA,NA,NA,NA,NA
1980-06-06,NA,NA,NA,NA,NA,NA
1980-06-07,NA,NA,NA,NA,NA,NA
1980-06-08,NA,NA,NA,NA,NA,NA
1980-06-09,NA,NA,NA,NA,NA,NA
1980-06-10,NA,NA,NA,NA,NA,NA
1980-06-11,NA,NA,NA,NA,NA,NA
1980-06-12,NA,NA,NA,NA,NA,NA
1980-06-13,NA,NA,NA,NA,NA,NA
1980-06-14,NA,NA,NA,NA,NA,NA
1980-06-15,NA,NA,NA,NA,NA,NA
1980-06-16,NA,NA,NA,NA,NA,NA
1980-06-17,NA,NA,NA,NA,NA,NA
1980-06-18,NA,NA,NA,NA,NA,NA
1980-06-19,NA,NA,NA,NA,NA,NA
1980-06-20,NA,NA,NA,NA,NA,NA
1980-06-21,NA,NA,NA,NA,NA,NA
1980-06-22,NA,NA,NA,NA,NA,NA
1980-06-23,NA,NA,NA,NA,NA,NA
1980-06-24,NA,NA,NA,NA,NA,NA
1980-06-25,NA,NA,NA,NA,NA,NA
1980-06-26,NA,NA,NA,NA,NA,NA
1980-06-27,NA,NA,NA,NA,NA,NA
1980-06-28,NA,NA,NA,NA,NA,NA
1980-06-29,NA,NA,NA,NA,NA,NA
1980-06-30,NA,NA,NA,NA,NA,NA
1980-07-01,NA,NA,NA,NA,NA,NA
1980-07-02,NA,NA,NA,NA,NA,NA
1980-07-03,NA,NA,NA,NA,NA,NA
1980-07-04,NA,NA,NA,NA,NA,NA
1980-07-05,NA,NA,NA,NA,NA,NA
1980-07-06,NA,NA,NA,NA,NA,NA
1980-07-07,NA,NA,NA,NA,NA,NA
1980-07-08,NA,NA,NA,NA,NA,NA
1980-07-09,NA,NA,NA,NA,NA,NA
1980-07-10,NA,NA,NA,NA,NA,NA
1980-07-11,NA,NA,NA,NA,NA,NA
1980-07-12,NA,NA,NA,NA,NA,NA
1980-07-13,NA,NA,NA,NA,NA,NA
1980-07-14,NA,NA,NA,NA,NA,NA
1980-07-15,NA,NA,NA,NA,NA,NA
1980-07-16,NA,NA,NA,NA,NA,NA
1980-07-17,NA,NA,NA,NA,NA,NA
1980-07-18,NA,NA,NA,NA,NA,NA
1980-07-19,NA,NA,NA,NA,NA,NA
1980-07-20,NA,NA,NA,NA,NA,NA
1980-07-21,NA,NA,NA,NA,NA,NA
1980-07-22,NA,NA,NA,NA,NA,NA
1980-07-23,NA,NA,NA,NA,NA,NA
1980-07-24,NA,NA,NA,NA,NA,NA
1980-07-25,NA,NA,NA,NA,NA,NA
1980-07-26,NA,NA,NA,NA,NA,NA
1980-07-27,NA,NA,NA,NA,NA,NA
1980-07-28,NA,NA,NA,NA,NA,NA
1980-07-29,NA,NA,NA,NA,NA,NA
1980-07-30,NA,NA,NA,NA,NA,NA
1980-07-31,NA,NA,NA,NA,NA,NA
1980-08-01,NA,NA,NA,NA,NA,NA
1980-08-02,NA,NA,NA,NA,NA,NA
1980-08-03,NA,NA,NA,NA,NA,NA
1980-08-04,NA,NA,NA,NA,NA,NA
1980-08-05,NA,NA,NA,NA,NA,NA
1980-08-06,NA,NA,NA,NA,NA,NA
1980-08-07,NA,NA,NA,NA,NA,NA
1980-08-08,NA,NA,NA,NA,NA,NA
1980-08-09,NA,NA,NA,NA,NA,NA
1980-08-10,NA,NA,NA,NA,NA,NA
1980-08-11,NA,NA,NA,NA,NA,NA
1980-08-12,NA,NA,NA,NA,NA,NA
1980-08-13,NA,NA,NA,NA,NA,NA
1980-08-14,NA,NA,NA,NA,NA,NA
1980-08-15,NA,NA,NA,NA,NA,NA
1980-08-16,NA,NA,NA,NA,NA,NA
1980-08-17,NA,NA,NA,NA,NA,NA
1980-08-18,NA,NA,NA,NA,NA,NA
1980-08-19,NA,NA,NA,NA,NA,NA
1980-08-20,NA,NA,NA,NA,NA,NA
1980-08-21,NA,NA,NA,NA,NA,NA
1980-08-22,NA,NA,NA,NA,NA,NA
1980-08-23,NA,NA,NA,NA,NA,NA
1980-08-24,NA,NA,NA,NA,NA,NA
1980-08-25,NA,NA,NA,NA,NA,NA
1980-08-26,NA,NA,NA,NA,NA,NA
1980-08-27,NA,NA,NA,NA,NA,NA
1980-08-28,NA,NA,NA,NA,NA,NA
1980-08-29,NA,NA,NA,NA,NA,NA
1980-08-30,NA,NA,NA,NA,NA,NA
1980-08-31,NA,NA,NA,NA,NA,NA
1980-09-01,NA,NA,NA,NA,NA,NA
1980-09-02,NA,NA,NA,NA,NA,NA
1980-09-03,NA,NA,NA,NA,NA,NA
1980-09-04,NA,NA,NA,NA,NA,NA
1980-09-05,NA,NA,NA,NA,NA,NA
1980-09-06,NA,NA,NA,NA,NA,NA
1980-09-07,NA,NA,NA,NA,NA,NA
1980-09-08,NA,NA,NA,NA,NA,NA
1980-09-09,NA,NA,NA,NA,NA,NA
1980-09-10,NA,NA,NA,NA,NA,NA
1980-09-11,NA,NA,NA,NA,NA,NA
1980-09-12,NA,NA,NA,NA,NA,NA
1980-09-13,NA,NA,NA,NA,NA,NA
1980-09-14,NA,NA,NA,NA,NA,NA
1980-09-15,NA,NA,NA,NA,NA,NA
1980-09-16,NA,NA,NA,NA,NA,NA
1980-09-17,NA,NA,NA,NA,NA,NA
1980-09-18,NA,NA,NA,NA,NA,NA
1980-09-19,NA,NA,NA,NA,NA,NA
1980-09-20,NA,NA,NA,NA,NA,NA
1980-09-21,NA,NA,NA,NA,NA,NA
1980-09-22,NA,NA,NA,NA,NA,NA
1980-09-23,NA,NA,NA,NA,NA,NA
1980-09-24,NA,NA,NA,NA,NA,NA
1980-09-25,NA,NA,NA,NA,NA,NA
1980-09-26,NA,NA,NA,NA,NA,NA
1980-09-27,NA,NA,NA,NA,NA,NA
1980-09-28,NA,NA,NA,NA,NA,NA
1980-09-29,NA,NA,NA,NA,NA,NA
1980-09-30,NA,NA,NA,NA,NA,NA
1980-10-01,NA,NA,NA,NA,NA,NA
1980-10-02,NA,NA,NA,NA,NA,NA
1980-10-03,NA,NA,NA,NA,NA,NA
1980-10-04,NA,NA,NA,NA,NA,NA
1980-10-05,NA,NA,NA,NA,NA,NA
1980-10-06,NA,NA,NA,NA,NA,NA
1980-10-07,NA,NA,NA,NA,NA,NA
1980-10-08,NA,NA,NA,NA,NA,NA
1980-10-09,NA,NA,NA,NA,NA,NA
1980-10-10,NA,NA,NA,NA,NA,NA
1980-10-11,NA,NA,NA,NA,NA,NA
1980-10-12,NA,NA,NA,NA,NA,NA
1980-10-13,NA,NA,NA,NA,NA,NA
1980-10-14,NA,NA,NA,NA,NA,NA
1980-10-15,NA,NA,NA,NA,NA,NA
1980-10-16,NA,NA,NA,NA,NA,NA
1980-10-17,NA,NA,NA,NA,NA,NA
1980-10-18,NA,NA,NA,NA,NA,NA
1980-10-19,NA,NA,NA,NA,NA,NA
1980-10-20,NA,NA,NA,NA,NA,NA
1980-10-21,NA,NA,NA,NA,NA,NA
1980-10-22,NA,NA,NA,NA,NA,NA
1980-10-23,NA,NA,NA,NA,NA,NA
1980-10-24,NA,NA,NA,NA,NA,NA
1980-10-25,NA,NA,NA,NA,NA,NA
1980-10-26,NA,NA,NA,NA,NA,NA
1980-10-27,NA,NA,NA,NA,NA,NA
1980-10-28,NA,NA,NA,NA,NA,NA
1980-10-29,NA,NA,NA,NA,NA,NA
1980-10-30,NA,NA,NA,NA,NA,NA
1980-10-31,NA,NA,NA,NA,NA,NA
1980-11-01,NA,NA,NA,NA,NA,NA
1980-11-02,NA,NA,NA,NA,NA,NA
1980-11-03,NA,NA,NA,NA,NA,NA
1980-11-04,NA,NA,NA,NA,NA,NA
1980-11-05,NA,NA,NA,NA,NA,NA
1980-11-06,NA,NA,NA,NA,NA,NA
1980-11-07,NA,NA,NA,NA,NA,NA
1980-11-08,NA,NA,NA,NA,NA,NA
1980-11-09,NA,NA,NA,NA,NA,NA
1980-11-10,NA,NA,NA,NA,NA,NA
1980-11-11,NA,NA,NA,NA,NA,NA
1980-11-12,NA,NA,NA,NA,NA,NA
1980-11-13,NA,NA,NA,NA,NA,NA
1980-11-14,NA,NA,NA,NA,NA,NA
1980-11-15,NA,NA,NA,NA,NA,NA
1980-11-16,NA,NA,NA,NA,NA,NA
1980-11-17,NA,NA,NA,NA,NA,NA
1980-11-18,NA,NA,NA,NA,NA,NA
1980-11-19,NA,NA,NA,NA,NA,NA
1980-11-20,NA,NA,NA,NA,NA,NA
1980-11-21,NA,NA,NA,NA,NA,NA
1980-11-22,NA,NA,NA,NA,NA,NA
1980-11-23,NA,NA,NA,NA,NA,NA
1980-11-24,NA,NA,NA,NA,NA,NA
1980-11-25,NA,NA,NA,NA,NA,NA
1980-11-26,NA,NA,NA,NA,NA,NA
1980-11-27,NA,NA,NA,NA,NA,NA
1980-11-28,NA,NA,NA,NA,NA,NA
1980-11-29,NA,NA,NA,NA,NA,NA
1980-11-30,NA,NA,NA,NA,NA,NA
1980-12-01,NA,NA,NA,NA,NA,NA
1980-12-02,NA,NA,NA,NA,NA,NA
1980-12-03,NA,NA,NA,NA,NA,NA
1980-12-04,NA,NA,NA,NA,NA,NA
1980-12-05,NA,NA,NA,NA,NA,NA
1980-12-06,NA,NA,NA,NA,NA,NA
1980-12-07,NA,NA,NA,NA,NA,NA
1980-12-08,NA,NA,NA,NA,NA,NA
1980-12-09,NA,NA,NA,NA,NA,NA
1980-12-10,NA,NA,NA,NA,NA,NA
1980-12-11,NA,NA,NA,NA,NA,NA
1980-12-12,NA,NA,NA,NA,NA,NA
1980-12-13,NA,NA,NA,NA,NA,NA
1980-12-14,NA,NA,NA,NA,NA,NA
1980-12-15,NA,NA,NA,NA,NA,NA
1980-12-16,NA,NA,NA,NA,NA,NA
1980-12-17,NA,NA,NA,NA,NA,NA
1980-12-18,NA,NA,NA,NA,NA,NA
1980-12-19,NA,NA,NA,NA,NA,NA
1980-12-20,NA,NA,NA,NA,NA,NA
1980-12-21,NA,NA,NA,NA,NA,NA
1980-12-22,NA,NA,NA,NA,NA,NA
1980-12-23,NA,NA,NA,NA,NA,NA
1980-12-24,NA,NA,NA,NA,NA,NA
1980-12-25,NA,NA,NA,NA,NA,NA
1980-12-26,NA,NA,NA,NA,NA,NA
1980-12-27,NA,NA,NA,NA,NA,NA
1980-12-28,NA,NA,NA,NA,NA,NA
1980-12-29,NA,NA,NA,NA,NA,NA
1980-12-30,NA,NA,NA,NA,NA,NA
1980-12-31,NA,NA,NA,NA,NA,NA
