date,year,month,precip,pet
,-1726057,7,0.00250416032566497,1.33295242674009
,-1718724,9,0.00243702828004345,1.33801087608476
,-1712100,4,0.0023771463026904,1.34277512731159
,-1704767,6,0.00232641284881899,1.34748808643958
,-1697670,2,0.00256297022058941,1.33353437509544
,-1690337,5,0.0024922092573607,1.33815271338281
,-1683240,1,0.00242970502719404,1.34249522987334
,-1675907,3,0.00237542936735687,1.34614492838363
,-1668574,6,0.00261165071763134,1.32619405408143
,-1661477,1,0.0025363874058719,1.33117538489586
,-1654144,4,0.00246888673068948,1.33594091298194
,-1647048,12,0.00241094838873615,1.33978316461923
,-1639714,2,0.00259480957134684,1.32300719589436
,-1632381,5,0.00251972885319842,1.32789484950721
,-1625758,11,0.00245336191857568,1.33290743961142
,-1618424,2,0.00239219222673684,1.33854148171359
,-1611328,10,0.002565659547557,1.32698018446259
,-1603995,12,0.0024887636792224,1.33285392048415
,-1596898,8,0.00242059388680504,1.33896195669125
,-1589565,11,0.00236166745352289,1.344454924528
,-1582231,1,0.0025127618596267,1.33126809672232
,-1575135,9,0.00244118643561129,1.33658157095619
,-1567802,12,0.00238108227170741,1.34191425365488
,-1560705,7,0.00232730692173425,1.34766618841477
,-1553372,10,0.00250298653934542,1.33627954332037
,-1546039,12,0.00243513308414827,1.34166129619374
,-1539178,2,0.00237480504416064,1.34667488845947
,-1531845,4,0.0023229728681693,1.35116053533932
,-1524749,12,0.00255143862828179,1.33347402976262
,-1517415,3,0.0024828503346906,1.33777506208271
,-1510319,10,0.00242301369177441,1.34214580246169
,-1502985,1,0.0023690658569503,1.34718364437914
,-1495652,4,0.00260635719235581,1.32590670935571
,-1488556,11,0.00253437276985603,1.3310087540123
,-1481222,2,0.00246801556266652,1.33614790832787
,-1474126,10,0.00241250146295029,1.34061726002122
,-1466793,12,0.00258347625450501,1.32222110882796
,-1459459,3,0.00251043681939531,1.3276803451848
,-1452836,9,0.00244501707466668,1.333318717386
,-1445503,12,0.00238710219384427,1.33885192016516
,-1438406,8,0.00256353525519513,1.32349214410509
,-1431073,10,0.00248886157264435,1.32914123560856
,-1423976,6,0.00242296526962109,1.33449677117524
,-1416643,9,0.00236762165285661,1.33927683364849
,-1409310,11,0.00253284945204243,1.32956470262387
,-1402213,7,0.00246191145612268,1.33554066790993
,-1394880,10,0.0023997888456895,1.34081961289759
,-1387783,5,0.00234346379826329,1.34634367960349
,-1380450,8,0.00251447015294435,1.33291487027678
,-1373117,10,0.00244289119736796,1.33876880923542
,-1366493,5,0.00238069417746027,1.34453850536366
,-1359160,7,0.00232731109664541,1.34982642730883
,-1352063,3,0.00250782448067934,1.3338824425369
,-1344730,6,0.00244082640332191,1.33840122614056
,-1337633,2,0.00238272262824244,1.34265736142557
,-1330300,4,0.00233088207070339,1.34685656321555
,-1322967,7,0.0025531594780583,1.33393864016482
,-1315870,3,0.00248306657739503,1.3389144969706
,-1308537,5,0.00242097382295969,1.34368400999437
,-1301440,1,0.00236869448060987,1.34792580438977
,-1294107,4,0.00262235609449283,1.32818028004911
,-1286774,6,0.00254806375032369,1.33292236060281
,-1280150,1,0.00248189875736072,1.33737202951852
,-1272817,3,0.00242307701291168,1.34153449251032
,-1265721,11,0.00261104628003828,1.32616031948186
,-1258387,1,0.00253571885205158,1.33037254003622
,-1251291,9,0.00246769541484403,1.3355509963091
,-1243958,12,0.00240815702904876,1.34057604326753
,-1236624,2,0.00259674873344337,1.32682958204043
,-1229528,10,0.00252035594459104,1.33262454377797
,-1222194,1,0.00245213464719158,1.33855415017678
,-1215098,9,0.00239174524975322,1.3446322246675
,-1207765,11,0.00252841571074882,1.32969864242006
,-1200431,2,0.00245459420577168,1.33557741811911
,-1193571,3,0.002391204506804,1.34132465399795
,-1186238,5,0.0023376828807367,1.34663763365065
,-1179141,1,0.00252366272447354,1.33652052619345
,-1171808,4,0.00245436319724998,1.34227843390891
,-1164712,12,0.00239580247728047,1.34747429609757
,-1157378,2,0.00234452320795101,1.3529530884387
,-1150045,5,0.00254128404856546,1.33462843837462
,-1142948,1,0.00247427295793011,1.33911381667864
,-1135615,3,0.00241275256484541,1.3438153233955
,-1128519,11,0.00235981084952906,1.3481825881986
,-1121185,1,0.00261446074844793,1.32892681979965
,-1113852,4,0.00254166654381325,1.33376146781539
,-1107229,10,0.00247685127551241,1.3383005358293
,-1099895,1,0.00242007082698774,1.34299477568351
,-1092799,9,0.00259490137966883,1.32131161643832
,-1085466,11,0.00252212505816048,1.32712444264143
,-1078369,7,0.00245604032529731,1.33298432975723
,-1071036,10,0.00239849530999328,1.3383545240302
,-1063703,12,0.00259581477263985,1.32411579433189
,-1056606,8,0.00251919593615813,1.32894196225515
,-1049273,11,0.00245330512776032,1.33360181801832
,-1042176,7,0.00239379436438832,1.33844358238413
,-1034843,9,0.00256189876316002,1.32763060597163
,-1027510,12,0.00248872559341666,1.33413187877936
,-1020886,6,0.00242399946468321,1.34030178253333
,-1013553,9,0.00236762370212174,1.34574781974195
,-1006456,5,0.00254429734875413,1.33313380843491
,-999123,7,0.00247177533593868,1.3381362588024
,-992026,3,0.00240855307739498,1.34275693968365
,-984693,5,0.00235182852457626,1.34768237572604
,-977360,8,0.00252143472001198,1.33333977192271
,-970263,4,0.00245085258955733,1.33885032207037
,-962930,6,0.00238874543623515,1.3438046177986
,-955833,2,0.00233499870630237,1.34803922845989
,-948500,5,0.00257288268131901,1.33304446096255
,-941167,7,0.00250005709360183,1.33756030750113
,-934543,2,0.00243723437884104,1.34183084295586
,-927210,4,0.00238248184007834,1.34626717180394
,-920114,12,0.00259551911455764,1.32839368392508
,-912780,3,0.00252037203469925,1.33371006589283
,-905684,10,0.00245041259931479,1.33900933257155
,-898350,1,0.00239011412082091,1.34317980237885
,-891017,4,0.00259946752681738,1.3254951059868
,-883921,11,0.00252349704405371,1.32990854232343
,-876587,2,0.00245654284478634,1.33488779790141
,-869491,10,0.00239633920105736,1.34034186498202
,-862158,12,0.00255125540194016,1.32697657144198
,-854824,3,0.00247747886029271,1.3323632776723
,-847964,4,0.00241172066689753,1.33792896184208
,-840631,7,0.00235486918867509,1.34361317941905
,-833534,2,0.00250495638576592,1.33084521215509
,-826201,5,0.00243360817602139,1.33671618005659
,-819104,1,0.0023715470300344,1.34217396016439
,-811771,3,0.00231741063402546,1.34786637121819
,-804438,6,0.00248261776567039,1.33524386326263
,-797341,2,0.00241662203489789,1.34056933086991
,-790008,4,0.00235978143075517,1.3458361264304
,-782912,12,0.00231404754929493,1.35085023597864
,-775578,3,0.00253991017714392,1.33478650103131
,-768245,5,0.00247556967603021,1.33982676420403
,-761622,12,0.00241718922989649,1.34437441399431
,-754288,2,0.00236407961555977,1.34951845539995
,-747192,10,0.00261202992041389,1.32844166150672
,-739858,1,0.0025394898207453,1.33363565746695
,-732762,8,0.00247459240686077,1.33876109135814
,-725429,11,0.00242070350640468,1.34288458101035
,-718095,1,0.00261202639023034,1.32364459957497
,-710999,9,0.0025400738648178,1.32853595028291
,-703666,12,0.00247573482498299,1.3333779713753
,-696569,8,0.00241664371147524,1.33800295763893
,-689236,10,0.00260329485554533,1.32392765608908
,-681902,1,0.0025269866218961,1.32939359004794
,-675279,7,0.00245918484337144,1.33443875942425
,-667946,10,0.00240178729322177,1.33937693173172
,-660849,6,0.00258229838120787,1.32933527211452
,-653516,8,0.00250870919020363,1.33475373912539
,-646419,4,0.00244459452770494,1.34010266682545
,-639086,7,0.00238621773292446,1.34540031055586
,-631753,9,0.00255285434234703,1.33280271339536
,-624656,5,0.00247959905767899,1.33834367381722
,-617323,7,0.00241481542226482,1.34322916898336
,-610226,3,0.00235984945316081,1.34745954879958
,-602893,6,0.00254661397455715,1.33053729326859
,-595560,8,0.00247502340553044,1.33563074013005
,-588936,3,0.0024120623321372,1.33994776720913
,-581603,5,0.00235514491876474,1.34439742599955
,-574506,1,0.00255308517131364,1.33087074164202
,-567173,4,0.00247917674656936,1.33608512847528
,-560077,12,0.00241509034544521,1.3412703816898
,-552743,2,0.00236108313276404,1.34533310643689
,-545410,5,0.00259111960358982,1.32606583374254
,-538313,1,0.00251697508786194,1.33102266042109
,-530980,3,0.00244963373069097,1.3358909058022
,-523884,11,0.00238890870628018,1.3410008946423
,-516550,1,0.00257882939314804,1.32389305609497
,-509217,4,0.0025048163279141,1.32901285557034
,-502357,5,0.00243850969856086,1.33438076040679
,-495024,8,0.00238210380255984,1.33976452756808
,-487927,4,0.00255261928581576,1.32665738274685
,-480594,6,0.00248254016623832,1.33185254431379
,-473497,2,0.00241961512863032,1.33692650872684
,-466164,4,0.00236365725761742,1.34222952615717
,-458831,7,0.00252513139884571,1.32709270304883
,-451734,3,0.00245574387550205,1.33300703856365
,-444401,5,0.00239368920078508,1.33875740633234
,-437304,1,0.00234087146263221,1.34417088885386
,-429971,4,0.00251697353420616,1.33482517294282
,-422638,6,0.00245036211780998,1.34033317392592
,-416014,1,0.00239324037581931,1.34483525453412
,-408681,3,0.00234487445910376,1.34994283372783
,-401585,11,0.00258275292301017,1.33200063268789
,-394251,2,0.00251536900684138,1.33731617838951
,-387155,10,0.00245426798937842,1.34233671603262
,-379822,12,0.00240092861816244,1.34671956105655
,-372488,3,0.00266354066534821,1.32874899930356
,-365392,10,0.00258938664053247,1.33358000759284
,-358058,1,0.00252488595797887,1.33843855517241
,-350962,9,0.00246751881853272,1.34316278702174
,-343629,11,0.00262986565126952,1.32511251309304
,-336295,2,0.0025547886936026,1.33038977338499
,-329672,8,0.00248651814452401,1.33510656203143
,-322339,11,0.00242596993668055,1.33911789752301
,-315242,7,0.00262406974629222,1.32452631869979
,-307909,9,0.0025451403781274,1.32948986739365
,-300812,5,0.00247726231219802,1.33456598027282
,-293479,8,0.00241699316130084,1.33940713293139
,-286146,10,0.00257193879073287,1.33051840352989
,-279049,6,0.0024982086181079,1.33639326290803
,-271716,9,0.00243215512471871,1.3418926267323
,-264619,4,0.00237497355698302,1.34699266308435
,-257286,7,0.00255602150808892,1.33540636835947
,-249953,10,0.0024835119789061,1.34029767139609
,-243329,4,0.0024205673188291,1.34484842519813
,-235996,7,0.00236461720018797,1.34970505279382
,-228899,2,0.00253678709704017,1.33344831322693
,-221566,5,0.00246525364225901,1.33865555110245
,-214469,1,0.00240132703511613,1.34369619853283
,-207136,3,0.00234543125523709,1.34769765674101
,-199803,6,0.00255829561719465,1.33118713848055
,-192706,2,0.00248416745897475,1.33635096941463
,-185373,4,0.0024186278580073,1.34135154870244
,-178277,12,0.00236131615464874,1.34608924792269
,-170943,3,0.00256229480981777,1.32679081779108
,-163610,5,0.00248660307438895,1.33145748296378
,-156750,6,0.00241819642246914,1.33665330019559
,-149417,9,0.00235946864100308,1.34121039769406
,-142320,5,0.00257057739063593,1.32517280223858
,-134987,7,0.00249804548731692,1.33029306514885
,-127890,3,0.00243430293013185,1.33555818475467
,-120557,6,0.00237757900435627,1.34158942472467
,-113224,8,0.00254052887605823,1.32653108563484
,-106127,4,0.00247069480522351,1.33211013551176
,-98794,7,0.00240841287251327,1.33741756287254
,-91697,2,0.00235433526855239,1.34241087944638
,-84364,5,0.00252736495138601,1.32882761266729
,-77031,7,0.00245883459139096,1.33396278231508
,-70407,2,0.00239884414908277,1.33922762118115
,-63074,5,0.00234510339667686,1.34456295657677
,-55978,12,0.00247432650044696,1.33275127675
,-48644,3,0.00240911029235687,1.33865729690252
,-41548,11,0.00235192593100893,1.34446423291975
,-34214,1,0.00230552475479119,1.3494282345156
,-26881,4,0.002564768220266,1.33363869036939
,-19785,12,0.00249737754281084,1.33847665409744
,-12451,2,0.00243699150346575,1.34272140507313
,-5355,10,0.00238245319662161,1.34688251996333
1979-01-01,1979,1,0.00263419594617475,1.32859978032732
9312-03-18,9312,3,0.00256067969674557,1.33407190996098
,15935,10,0.00249571664594754,1.33930850639399
,23268,12,0.00244205856512706,1.34367225369052
,30365,8,0.00262501640911818,1.32501371645294
,37698,10,0.00255165115378278,1.32956225867703
,44795,6,0.00248427173324491,1.33388443519557
,52128,9,0.00242325215496457,1.33778771078925
,59461,11,0.00260022192925058,1.3237116921494
,66558,7,0.00252107112314765,1.32933022951039
,73891,10,0.00245131153141447,1.33510886660798
,80988,6,0.0023910284448479,1.33987275509996
,88321,8,0.00256344221073793,1.32961107459122
,95654,11,0.00249060799122454,1.33463401902282
,102278,5,0.00242746584934986,1.33944784432635
,109611,8,0.00237146792115772,1.34494706779862
,116708,4,0.00251938959064659,1.33318565476131
,124041,6,0.00244905725867978,1.33852995539258
,131138,2,0.00238704302824522,1.34377044365947
,138471,5,0.00233413724100772,1.34846667300106
,145804,7,0.00252253498014717,1.33249747835896
,152901,3,0.00245250957939802,1.33764282898259
,160234,5,0.00239045345473267,1.34241436323194
,167331,1,0.00233494246001746,1.3471621895017
,174664,4,0.00255511321744149,1.33002230055232
,181997,6,0.00248107528202911,1.33521549352676
,188857,7,0.00241565510043199,1.34037838192097
,196190,10,0.00235980946658613,1.34506680081134
,203287,6,0.00258449096235319,1.325469931245
,210620,8,0.00250942387030716,1.3306206076461
,217717,4,0.00244319782666116,1.33543533902146
,225050,7,0.00238395753731589,1.34039279182836
,232383,9,0.00257797706725595,1.32137416672132
,239480,5,0.00250322543300567,1.32629959724118
,246813,8,0.00243532912808342,1.33134060031272
,253910,4,0.00237706827194402,1.33643632524341
,261243,6,0.00255359367335052,1.32442158419525
,268576,9,0.00248222009537436,1.33013456886055
,275200,3,0.00241970826390925,1.33582331547834
,282533,6,0.00236480404255834,1.34122926034033
,289630,1,0.00253190837533014,1.32610212370952
,296963,4,0.00246236223993176,1.33114929867265
,304059,12,0.00240072988872132,1.3363608192489
,311393,2,0.00234855748779667,1.34113363764028
,318726,5,0.00248940233705487,1.33087153785403
,325823,1,0.00242419578308304,1.33642266645445
,333156,3,0.00236917468394821,1.34188513572235
,340252,11,0.0023212120259529,1.34719283531806
,347586,2,0.00253761714095079,1.33037553832134
,354919,4,0.00247034657495949,1.33593451903337
,361542,11,0.00240889915277584,1.34081097025325
,368876,1,0.00235670544766956,1.34512386373244
,375972,9,0.00262131854982421,1.32774375100968
,383305,12,0.0025473534057578,1.33200277039419
,390402,8,0.00248425612572709,1.33623747372189
,397735,10,0.00242825533354029,1.34065889039518
,405069,1,0.00260216772550973,1.32263323492762
,412165,8,0.00252713630667298,1.32833356449917
,419498,11,0.00246194409191402,1.33330971328044
,426595,7,0.00240553613225147,1.33744706477799
,433928,9,0.00260351989053915,1.32170262247082
,441261,12,0.00252509597170821,1.32683997846898
,447885,6,0.0024560164982357,1.33165242742864
,455218,9,0.00239439907520192,1.33650997104692
,462315,5,0.00254755925248512,1.32770031971789
,469648,7,0.00247465785706544,1.33247572168386
,476745,3,0.00241035907955855,1.33815893304858
,484078,6,0.00235442973705336,1.34324833469766
,491411,8,0.00251769204579564,1.33198015398687
,498508,4,0.00244731252492256,1.3368181978106
,505841,7,0.00238727751989557,1.3413237896915
,512938,2,0.00233442845375753,1.34647982910414
,520271,5,0.00251745079201468,1.32911323115642
,527604,7,0.00244766593624603,1.3346660435605
,534464,9,0.00238449184307544,1.34003516487432
,541797,11,0.00233035601652405,1.34474011398283
,548894,7,0.00256586688320074,1.32765719356826
,556227,10,0.00249222025607592,1.33294535595213
,563324,5,0.00242839735850002,1.33819180513583
,570657,8,0.00237172110008879,1.3437055303182
,577990,10,0.00259678626787593,1.32285886645203
,585087,6,0.00252215164648689,1.32877173917741
,592420,9,0.00245523084828609,1.33417324496483
,599517,5,0.00239828236393083,1.33876011038043
,606850,7,0.00260961976676348,1.32306423776726
,614183,10,0.00253463572878497,1.32774398682554
,620807,4,0.00246619612866309,1.33208152107141
,628140,7,0.00240480805909837,1.33693082240759
,635237,3,0.00257506545136313,1.32251642724688
,642570,5,0.00249994327052041,1.32823483115413
,649667,1,0.00243288210601162,1.33408062307427
,657000,4,0.00237630698318906,1.33960231129268
,664333,6,0.00255847539666521,1.32695613440432
,671430,2,0.00248537310341352,1.3318810057969
,678763,5,0.0024229175995463,1.33646550431993
,685859,12,0.00236710567673391,1.34100932692123
,693193,3,0.00247827874126005,1.32999224534777
,700526,5,0.00241216505812801,1.335206469597
,707149,12,0.00235376253467274,1.34059331373859
,714483,2,0.00230588497858822,1.34553097878505
,721579,10,0.00253572537899657,1.32985748636327
,728913,1,0.00246845491644606,1.33494905688096
,736009,9,0.00240866586624623,1.33991875587003
,743342,11,0.00235500640976989,1.34459475487655
,750676,2,0.00257315100144012,1.32733424227802
,757772,10,0.00250054231661777,1.33213617690405
,765105,12,0.00243510429983788,1.33668210426317
,772202,8,0.00238170739705852,1.34063591614422
,779535,10,0.00256973028828155,1.32160885662094
,786869,1,0.00249849359908333,1.32661624870739
,793492,8,0.00243629741452222,1.33135161974773
,800825,10,0.00238167753946107,1.33599394538639
,807922,6,0.00256054068934208,1.3213047194611
,815255,8,0.00248507360384785,1.32676061367392
,822352,4,0.00241751301369829,1.33218252002226
,829685,7,0.00235936687303927,1.33668498361282
,837018,9,0.00252933271885992,1.32614461702956
,844115,5,0.00245916458977145,1.33106477913724
,851448,8,0.00239749166293368,1.3360515094675
,858545,4,0.00234217398590231,1.34160047274666
,865878,6,0.00249488652107939,1.33069045785921
,873211,9,0.00242423265328176,1.33613380932099
,880071,10,0.00236387637075933,1.34132729584479
,887404,12,0.00231320711522797,1.3459951612359
,894501,8,0.00251646221247466,1.33039734158185
,901834,11,0.00244728947131191,1.33603506112535
,908931,7,0.00238618099260435,1.34106176899718
,916264,9,0.00233130070411081,1.34628254442195
,923597,12,0.00256916103779715,1.32675515704163
,930694,7,0.00249576839557956,1.33144245203713
,938027,10,0.0024296275209831,1.33689193446438
,945124,6,0.00237343652784391,1.34243698135811
,952457,8,0.00261884109727605,1.32299308294985
,959790,11,0.00254391708552574,1.32908941790007
,966414,5,0.00247889968068055,1.33470770220365
,973747,8,0.00242150929620497,1.33999555558535
,980844,4,0.00262468281137146,1.32221299624355
,988177,6,0.00254963824346854,1.32779053420119
,995274,2,0.00248097576861241,1.33287461737708
,1002607,5,0.00241975436917549,1.33731685355417
,1009940,7,0.00260502635976762,1.32515570925058
,1017037,3,0.00252862762929054,1.32980247343342
,1024370,6,0.0024611375790946,1.33452082815418
,1031467,1,0.00240095367691593,1.33946953144081
,1038800,4,0.00258014491694368,1.32654473580843
,1046133,7,0.00250386637293392,1.3321528530836
,1052757,1,0.0024367323651366,1.33735700881407
,1060090,4,0.00238072619722794,1.34205841122956
,1067186,11,0.00250010822649924,1.33187103515121
,1074520,2,0.00243058797440364,1.33642610386814
,1081616,10,0.00237093955888911,1.34095840446139
,1088949,12,0.00231895290025446,1.34560894485321
,1096283,3,0.0025102874730671,1.33130129347324
,1103379,11,0.00244072389740938,1.33684383536678
,1110713,1,0.00237809993541721,1.34201294395349
,1117809,9,0.0023247569064496,1.34668954603857
,1125142,12,0.00255579017360432,1.32855002708726
,1132476,2,0.00248210648446209,1.33271510866595
,1139099,9,0.00241984228953677,1.33689709330113
,1146432,11,0.00236556382524561,1.34128892568352
,1153529,7,0.00254701938798281,1.32269058153389
,1160862,10,0.00247717614966366,1.32768870098707
,1167959,5,0.00241553349347558,1.3327765765863
,1175292,8,0.00236464386071853,1.33694322424877
,1182625,10,0.00256280518596359,1.32094933788527
,1189722,6,0.00248848367842334,1.3263906485003
,1197055,9,0.00242172720427056,1.33167473346809
,1204152,5,0.00236138455958091,1.33728006453634
,1211485,7,0.00253490956019404,1.32678193790618
,1218818,10,0.00246518668540903,1.33210671154199
,1225678,11,0.00240307600052587,1.33749066205333
,1233012,1,0.00234800220115238,1.34233872043253
,1240108,9,0.00251587008353579,1.33098578918974
,1247441,12,0.00244494843845903,1.3367985388083
,1254538,8,0.00238435307583409,1.34180734217725
,1261871,10,0.00233286713749412,1.34702311311413
,1269205,1,0.00249686750969032,1.33008641566715
,1276301,9,0.00242859059527076,1.33592086357299
,1283634,11,0.00236803907376735,1.34146859709401
,1290731,7,0.00231519744114751,1.3461744131188
,1298064,10,0.00257276315748592,1.32919748427936
,1305397,12,0.00249834273149124,1.33415206481502
,1312021,7,0.00243332101519127,1.33913186433945
,1319354,9,0.00237413990459732,1.34490378710608
,1326451,5,0.00258343181308921,1.32379517613818
,1333784,7,0.00250700198283654,1.32960894793567
,1340881,3,0.00243941742037281,1.33533218428884
,1348214,6,0.00238300836907223,1.34036831162543
,1355547,8,0.00261137725350817,1.32514880409123
,1362644,4,0.00253829378328101,1.33021059062186
,1369977,7,0.00247200546827956,1.33540059568446
,1377074,3,0.00241176003838164,1.34002669166404
,1384407,5,0.00259239761392543,1.32812188224456
,1391740,8,0.00251791435307183,1.33324834514758
,1398364,2,0.00245003304031023,1.33766743217618
,1405697,5,0.00239180897754432,1.34234644174363
,1412794,1,0.00258807198989617,1.32912078414518
,1420127,3,0.00251039617836212,1.33400540909328
,1427223,11,0.00244390512225645,1.33951884819931
,1434557,1,0.0023853829156746,1.34475541006781
,1441890,4,0.00249843670438285,1.33412696404013
,1448986,12,0.00242880468789083,1.33967883427777
,1456320,2,0.00236719906132825,1.34488600551378
,1463416,10,0.00231520167511056,1.34961163484463
,1470750,1,0.00252413045950874,1.33362647732826
,1478083,3,0.00245388148411156,1.33857724749348
,1484706,10,0.0023912767226495,1.34287152069742
,1492039,12,0.00233640585864276,1.34684487614125
,1499136,8,0.00250956801287048,1.33023735495561
,1506469,11,0.00243688999819178,1.33497032896677
,1513566,7,0.00237227476367244,1.3400298063358
,1520899,9,0.00231960296305607,1.34434388945633
,1528232,12,0.00251108548161396,1.32511898404599
,1535329,8,0.00244185095110851,1.3299304583253
,1542662,10,0.00238424717930309,1.33426995864778
,1549759,6,0.00233401136129796,1.3390475506162
,1557092,8,0.0024968889407291,1.32356472235237
,1564425,11,0.00242707469178015,1.32884599801281
,1571285,12,0.00236263325058443,1.33458626710642
,1578619,3,0.00230668655082136,1.33995130465238
,1585715,11,0.00250107513075048,1.32992056767698
,1593049,1,0.00243504526491725,1.33529901497656
,1600145,9,0.00237629362559728,1.34029982001272
,1607478,11,0.0023235147936227,1.34577476220919
,1614812,2,0.0025017041700558,1.33247709176699
,1621908,10,0.00243358763311599,1.33828326511261
,1629241,12,0.00237368498297892,1.34370311274227
,1636338,8,0.00232337352025273,1.34844658467821
,1643671,11,0.00250221256296442,1.33314595892541
,1651005,1,0.00243527953351229,1.33904563035809
,1657628,8,0.00237564462106426,1.34436893561208
,1664961,10,0.00232195822306098,1.34956551739992
,1672058,6,0.00256503170133099,1.33078976800889
,1679391,9,0.0024906950701963,1.33637126394866
,1686488,5,0.00242371660784306,1.34190549745795
,1693821,7,0.00236623034628556,1.34705979980756
,1701154,10,0.00260145793236145,1.32731748184079
,1708251,5,0.00252206549559407,1.33246867589169
,1715584,8,0.00245383387011163,1.33762870727583
,1722681,4,0.00239444929721609,1.34279860629352
,1730014,6,0.0025986340072429,1.32894491416736
,1737347,9,0.00252415249173046,1.33446182765898
,1743971,3,0.00245704028150244,1.33967825231775
,1751304,6,0.00239886194623061,1.34460063122376
,1758401,2,0.00259914942746022,1.33175946702109
,1765734,4,0.00252559712411701,1.33574614167811
,1772830,12,0.00246003003064934,1.34016142365032
,1780164,3,0.0024007145537131,1.34450944245061
,1787497,5,0.00258224448113603,1.33244241017365
,1794594,1,0.00250483436491305,1.33830854076935
,1801927,4,0.00243575459000484,1.34400045272134
,1809023,11,0.00237796462300049,1.34920947007401
,1816357,2,0.00250187109447554,1.33879874101733
,1823690,4,0.00243214423913075,1.34384622299148
,1830313,11,0.00237029120854799,1.34843785427582
,1837647,1,0.00231636761401545,1.35295158339991
,1844743,9,0.00251884934170712,1.33482437861358
,1852076,12,0.00244764619789492,1.33949244153785
,1859173,8,0.00238431595072136,1.34380354718545
,1866506,10,0.00232983330533065,1.34706978120269
,1873840,1,0.00252030700514491,1.32851037456168
,1880936,9,0.00244643106933982,1.33318119259046
,1888269,11,0.00238324675010517,1.33785689639608
,1895366,7,0.00232862221985302,1.34308301430757
,1902699,10,0.00250781593419512,1.32285693549615
,1910032,12,0.00243636760194182,1.32824812717238
,1916893,1,0.00237566068215751,1.33344499859088
,1924226,4,0.00232582309981808,1.3380974515974
,1931322,12,0.00250962992640433,1.32215695384204
,1938656,2,0.00243948363749673,1.32782506398992
,1945752,10,0.00237716684524034,1.3330135643891
,1953086,1,0.00231933802146756,1.33888752264262
,1960419,3,0.00248412904982768,1.32768028343615
,1967515,11,0.0024152014356103,1.33342896133931
,1974849,1,0.00235488416310684,1.3391795938671
,1981945,9,0.00230324334084618,1.34462516146111
,1989278,12,0.00249850190767151,1.33312840629938
,1996612,2,0.00243241554837077,1.33868457538765
,2003235,9,0.00237399798387818,1.34374225615197
,2010568,11,0.00232300755175947,1.34878760345861
,2017665,7,0.00249921280214428,1.33228051872775
,2024998,10,0.00243375080594089,1.33792904034643
,2032095,6,0.00237389709067332,1.34348898038929
,2039428,8,0.00232233725970732,1.34818263799565
,2046761,11,0.00258898344446322,1.33061476058792
,2053858,7,0.00251445746016404,1.33566882122381
,2061191,9,0.00244856194538804,1.34077070727109
,2068288,5,0.00238885886163828,1.34550743553972
,2075621,7,0.0026013215008469,1.32607045006789
,2082954,10,0.00252106062115262,1.33170992833214
,2089578,5,0.00245102917951468,1.33685245152069
,2096911,7,0.00239232245522537,1.34193852999895
,2104008,3,0.00261565874990979,1.32860566270289
,2111341,5,0.00253896516430519,1.33349427995663
,2118438,1,0.00247236582275501,1.33832744508964
,2125771,4,0.0024126453580644,1.34315148492251
,2133104,6,0.00258189374007789,1.33147906901649
,2140201,2,0.00250782883252401,1.33668195138568
,2147534,5,0.00244200004629954,1.34150441520499
,2154631,1,0.00238537769120379,1.34643783018789
,2161964,3,0.00257747620872919,1.33372316786749
,2169297,6,0.00250168752155395,1.33890454882884
,2175920,12,0.00243583692425243,1.34413127181021
,2183254,3,0.00237767473427501,1.34923409934436
,2190350,11,0.0024885235076596,1.33932505160346
,2197684,1,0.00241952100053309,1.34421299228903
,2204780,9,0.00235739976077924,1.34928737017859
,2212113,11,0.00230507659183758,1.35321220470297
,2219447,2,0.00252745936376768,1.33652554637973
,2226543,10,0.0024571317627507,1.34134018552305
,2233876,12,0.00239501723562872,1.34528679536186
,2240973,8,0.00234028433213181,1.34944220744642
,2248306,11,0.00252771608643447,1.32854400384204
,2255640,1,0.00245620470933033,1.33294836757598
,2262500,2,0.00239336543871118,1.33779811483545
,2269833,5,0.0023410310861228,1.34184151877656
,2276930,1,0.00253741745277173,1.32151102934545
,2284263,3,0.00246453835204144,1.32698957392989
,2291359,11,0.0024022703084789,1.33240261458124
,2298693,2,0.00234860820626442,1.33828620557382
,2306026,4,0.00251661864671863,1.31895911595598
,2313122,12,0.00244387945907638,1.32484153769848
,2320456,3,0.00237768224448513,1.33062449483599
,2327552,10,0.0023200808791888,1.3360373435805
,2334886,1,0.00249366276512697,1.32588037047109
,2342219,4,0.00242559812933683,1.33165616720048
,2348842,10,0.00236600492738777,1.33690615302513
,2356176,1,0.00231469508757253,1.34251591568219
,2363272,8,0.00247688682919603,1.33045493228333
,2370605,11,0.0024128126545244,1.33634603030247
,2377702,7,0.00235469333009034,1.34220141948028
,2385035,9,0.00230533640581994,1.3471570154955
,2392368,12,0.00249505892039618,1.33345708940587
,2399465,8,0.00243020332716085,1.33822981968828
,2406798,10,0.00237222231710365,1.34304187395055
,2413895,6,0.00232001881071594,1.34735979831201
,2421228,9,0.00256946898969281,1.33051613553157
,2428561,11,0.00249709183379531,1.33626028755075
,2435185,6,0.0024316466583618,1.34160322032741
,2442518,8,0.00237561474898155,1.34646335457245
,2449615,4,0.00261305355296278,1.32572725516005
,2456948,7,0.00253568720712348,1.33050669101134
,2464045,2,0.00246794051668457,1.33538639989536
,2471378,5,0.00240912223296979,1.34006352595459
,2478711,8,0.00258676158739716,1.32747017652763
,2485808,3,0.00251051646347143,1.33279099418775
,2493141,6,0.00244339474166729,1.33776969736342
,2500238,2,0.00238671034911313,1.34234988914931
,2507571,4,0.0025636421317032,1.32966968910055
,2514904,7,0.00249043455314538,1.33431248479462
,2521528,1,0.00242810866129869,1.33914276721909
,2528861,4,0.00237160407229796,1.344146921987
,2535957,12,0.00253420392693845,1.33265358269471
,2543291,2,0.00246134787786375,1.33824609303492
,2550387,10,0.00239588970399305,1.34420126841452
,2557721,1,0.00234077628697482,1.34944289016399
,2565054,3,0.00246608787716565,1.33895063924262
,2572150,11,0.00239874717049862,1.34401146614114
,2579484,1,0.0023391742255265,1.34852896412152
,2586580,9,0.00228729682316015,1.35335652534885
,2593913,12,0.00250580165751158,1.33622357373247
,2601247,2,0.00243855056180512,1.34079558159161
,2608107,4,0.00237856944018747,1.34523778926787
,2615440,6,0.00232710201383874,1.34888812621597
,2622537,2,0.00253318915088512,1.33082009851399
,2629870,5,0.00246562745043553,1.33589618712849
,2636966,12,0.00240658167349743,1.34040325032014
,2644300,3,0.00235501821392806,1.34498026250535
,2651633,5,0.00255335446541333,1.32119981202062
,2658730,1,0.00248076318032713,1.32611828254454
,2666063,4,0.00241606374891503,1.33151066908897
,2673159,12,0.00236195139844639,1.33657609021419
,2680493,2,0.00254459285611848,1.32080291946852
,2687826,5,0.00247079091247008,1.32684670572315
,2694449,11,0.00240560783706925,1.332407161383
,2701783,2,0.00234632733769409,1.33893009574608
,2708879,10,0.00248402786305181,1.32625756466727
,2716212,12,0.00241412301241235,1.33254830500907
,2723309,8,0.00235392103191174,1.33838945959716
,2730642,11,0.00230373026290375,1.34295309283095
,2737976,1,0.00248202430488691,1.33066332277394
,2745072,9,0.00241883348487851,1.33552460578476
,2752405,11,0.00236289548658311,1.34045304988617
,2759502,7,0.00231239188401178,1.34521330689073
,2766835,10,0.00250106124622385,1.33147433694027
,2774168,12,0.0024360500780407,1.3371329744879
,2780792,7,0.0023770249569131,1.3419250328563
,2788125,9,0.00232600647390052,1.34645925219711
,2795222,5,0.00259642587652082,1.32907827029712
,2802555,8,0.0025235274689759,1.33410556424189
,2809652,4,0.00245829771556323,1.33932966548125
,2816985,6,0.00240038362174394,1.34378113595148
,2824318,9,0.00264982259383546,1.3233659059195
,2831415,5,0.00257313171959703,1.32836795343825
,2838748,7,0.00250513198312713,1.33301380679361
,2845845,3,0.00244582871682515,1.33761808892769
,2853178,5,0.00263156841352639,1.32367504500777
,2860511,8,0.00255326547874102,1.32853885400642
,2867135,3,0.00248618070156143,1.3334001443523
,2874468,5,0.00242649687872666,1.33862855219556
,2881565,1,0.00259213441110195,1.32664872832149
,2888898,3,0.0025166914927176,1.33179088819733
,2895994,11,0.00245051013122718,1.33677412264852
,2903328,2,0.00239403848474106,1.34133322888582
,2910661,4,0.00256973133073188,1.32803608751554
,2917757,12,0.00249499953756258,1.33340739720494
,2925091,3,0.00242904376799333,1.33891407241121
,2932187,11,0.00237105580820802,1.34483381047177
,2939521,1,0.00249561265707265,1.33523982217187
,2946854,4,0.00242429839012583,1.34058959520244
,2953714,5,0.00236093359088475,1.34616591410128
,2961047,7,0.00230745976690366,1.35036570496203
,2968144,3,0.00254330899906771,1.33394608866452
,2975477,6,0.00247386649250096,1.33867408077069
,2982574,1,0.00241263877037906,1.34270277620428
,2989907,4,0.0023590664848959,1.34722616249617
,2997240,7,0.00256088744584144,1.32671170673997
,3004337,2,0.0024930638432652,1.33212474045319
,3011670,5,0.00243190983105949,1.33733802814059
,3018767,1,0.00238043744346298,1.34219489624681
,3026100,3,0.00259105452338148,1.32214294642562
,3033433,6,0.00251598392359074,1.32743552420537
,3040056,12,0.00244935629222869,1.33254165734015
,3047390,3,0.00239038807419946,1.33781824482761
,3054486,11,0.00255944424789605,1.31993953808005
,3061820,1,0.00248456551406341,1.32603725242919
,3068916,9,0.00241599590913037,1.33258195561126
,3076249,12,0.00235708055076659,1.3386439080766
,3083583,2,0.00250644744795975,1.32994422689862
,3090679,10,0.00243580596275336,1.33601869087993
,3098013,1,0.00237511226490588,1.34095600973242
,3105109,8,0.00232243950595148,1.34565107505129
,3112442,11,0.00247733580683472,1.33288255837019
,3119776,1,0.00241243586842618,1.3381067618405
,3126399,8,0.00235446114906195,1.34287619351139
,3133732,11,0.00230517029821809,1.34748825697754
,3140829,6,0.00250829685748669,1.33418635491403
,3148162,9,0.00244377850255403,1.33877794782574
,3155259,5,0.00238533084087948,1.34342808317542
,3162592,7,0.00233245853326667,1.34756392092721
,3169925,10,0.00257862688896232,1.33050088926346
,3177022,6,0.00250628966511981,1.33605755038136
,3184355,8,0.00243998490623198,1.34177143315586
,3191452,4,0.00238363776948722,1.34693140549539
,3198785,7,0.0026492677624995,1.32619875909739
,3206118,9,0.00257456061560909,1.33096133519056
,3212742,4,0.00250734197196217,1.3354608632067
,3220075,6,0.00244729115577941,1.34002811957954
,3227172,2,0.00260159651240519,1.32647506865132
,3234505,5,0.00252668544550547,1.3316460756521
,3241601,12,0.00245929766297056,1.33691151813241
,3248935,3,0.00240231938837878,1.34214362982476
,3256268,5,0.00258276120551599,1.32955571478517
,3263365,1,0.00250866475669696,1.33520270767373
,3270698,4,0.0024439868711838,1.34036582382627
,3277794,12,0.00238655980859478,1.34566768926661
,3285128,2,0.00256322537782559,1.33234596610823
,3292461,5,0.0024893588419801,1.33734719701154
,3299321,6,0.00242328921609331,1.34321061337743
,3306654,8,0.00236674463212,1.34821039065363
,3313751,4,0.00250957738301532,1.33680389192451
,3321084,7,0.00243976705841798,1.34193048797484
,3328181,3,0.00237787014903422,1.3467877000357
,3335514,5,0.00232396984898542,1.35206265097132
,3342847,8,0.00253897606771091,1.33353026335462
,3349944,4,0.00246999215433296,1.33826184898796
,3357277,6,0.00240766148252647,1.3423829489025
,3364374,2,0.00235383891485425,1.34592622075699
,3371707,5,0.00256705904012468,1.32653847125657
,3379040,7,0.0024980811021408,1.33117705001318
,3385664,2,0.00243706088953026,1.33652232223375
,3392997,4,0.00238327693977511,1.34233033319452
,3400093,12,0.00260637644125159,1.32098254434772
,3407427,3,0.00253097471043037,1.32695955218132
,3414523,10,0.00246145700489772,1.33275098179126
,3421857,1,0.00240275334042074,1.33802713259045
,3429190,3,0.00259132162545175,1.32207352023408
,3436286,11,0.00251573349574922,1.3278655204858
,3443620,2,0.00244965117970368,1.3333643086898
,3450716,10,0.00238905914460188,1.33915413886563
,3458049,12,0.00254737679572876,1.32864669194847
,3465383,3,0.00247422064857145,1.33537415610875
,3472006,9,0.00240983717936226,1.34106890783638
,3479339,12,0.00235538551111116,1.34586869827027
,3486436,8,0.00251667149887484,1.33358476312426
,3493769,10,0.00244753604189614,1.33790186299602
,3500866,6,0.00238678342723181,1.34216029569667
,3508199,8,0.00233171574810506,1.34642154046988
,3515532,11,0.00252501533014828,1.3337142054619
,3522629,7,0.00245463765219195,1.33896923059782
,3529962,9,0.00239185277481016,1.34381742656945
,3537059,5,0.00233734116990844,1.3482258362197
,3544392,8,0.00259347278562566,1.32991453929318
,3551725,10,0.00251960826883064,1.33471916230371
,3558349,5,0.00245325014658116,1.33970409281612
,3565682,7,0.00239477950256702,1.34465005490573
,3572779,3,0.00262068528166567,1.32468272665931
,3580112,6,0.00254394293119349,1.32987482033489
,3587209,2,0.00247544785055069,1.33519917829033
,3594542,4,0.0024147764237985,1.33963818644948
,3601875,7,0.00258330209896089,1.32515540101551
,3608972,2,0.00250732661904732,1.33036006047099
,3616305,5,0.00244342796526714,1.33545270128574
,3623402,1,0.00238636405520916,1.34110338285935
,3630735,3,0.00254759019510003,1.32796702351642
,3638068,6,0.00247468346146021,1.3336782028017
,3644928,7,0.00241009234250808,1.33960245128238
,3652261,10,0.00235510782622164,1.34516993251537
,3659358,5,0.00254771398493259,1.33356682160684
,3666691,8,0.00247736059192334,1.33951902524621
,3673788,4,0.00241492092302816,1.34450793542858
,3681121,6,0.00235952965089632,1.3499638654428
,3688454,9,0.00251554543421718,1.33755417555146
,3695551,5,0.00244689705787859,1.34286640775994
,3702884,7,0.00238587804763393,1.34810965503104
,3709981,3,0.00233393169007307,1.35276902510059
,3717314,6,0.00257312977621652,1.3373594286944
,3724647,8,0.00250441394724087,1.34209372143466
,3731271,3,0.00244137568782325,1.34606258431574
,3738604,5,0.00238512549775951,1.34972128479862
,3745701,1,0.00257748708849638,1.32836250528659
,3753034,4,0.00250436722630642,1.33292881517763
,3760130,11,0.0024395999151641,1.33791698242701
,3767464,2,0.00238311678463974,1.34309894491726
,3774797,5,0.00261834336403413,1.323516333475
,3781893,12,0.00254045552340823,1.32928610139225
,3789227,3,0.0024730082602864,1.33514270400324
,3796323,11,0.00241300379090946,1.34070187512792
,3803657,1,0.00258469262919282,1.32523775378807
,3810990,4,0.00251102935272191,1.33151101357097
,3817613,10,0.00244459973866802,1.33729179608813
,3824947,1,0.00238668206636616,1.3427015687355
,3832043,9,0.00255601172857982,1.33179462756606
,3839376,11,0.00248284033368136,1.33739272000176
,3846473,7,0.00241994288419409,1.34290288726831
,3853806,10,0.00236278659262417,1.34788005626227
,3861139,12,0.00249474781035723,1.33535082888086
,3868236,8,0.00242621139854278,1.34080823866885
,3875569,11,0.00236511994179921,1.34585765910171
,3882666,6,0.00231371076541192,1.35034589732886
,3889999,9,0.00252700222128263,1.33656056303209
,3897332,11,0.00245824315672285,1.34106205272069
,3903956,6,0.00239676688664472,1.34521744610273
,3911289,8,0.00234162264711487,1.34965702941009
,3918386,4,0.00254095983558214,1.33371514444922
,3925719,7,0.00246875852902726,1.33882176209639
,3932816,3,0.00240463617565253,1.34392951666733
,3940149,5,0.00234986185780478,1.3482143045763
,3947482,8,0.00259114269865677,1.32681165200086
,3954579,4,0.00251828933202214,1.33188852365058
,3961912,6,0.00245262131837858,1.33694736684047
,3969009,2,0.00239363459262371,1.34184732704516
,3976342,5,0.00252734471098271,1.32721572838802
,3983675,7,0.00245500019300935,1.33217337007451
,3990535,8,0.00239237590363242,1.33753936710263
,3997868,11,0.00233996776416933,1.34252340621017
,4004965,7,0.00252005689264673,1.3297510219841
,4012298,9,0.00245368811528497,1.33546722305775
,4019395,5,0.00239611680220407,1.34104269823977
,4026728,8,0.00234571470437351,1.34739574423302
,4034061,10,0.00253826589088084,1.33335831764808
,4041158,6,0.00247274932379564,1.33887976670517
,4048491,8,0.00241187401946798,1.34422659445823
,4055588,4,0.00236015224394758,1.34918863957789
,4062921,7,0.00252990910818068,1.33695555348945
,4070254,9,0.00246393857785956,1.34203270462605
,4076878,4,0.00240515725032199,1.3467902819722
,4084211,6,0.00235336430647183,1.35185382220297
,4091308,2,0.00257044869651911,1.33513817384711
,4098641,5,0.00250142172511262,1.34107975879967
,4105738,1,0.00243921745866217,1.34600275559315
,4113071,3,0.00238580635570182,1.34972519809558
,4120404,6,0.00258957113611213,1.33128692072297
,4127501,2,0.00251525972204688,1.33490744980002
,4134834,4,0.00244969138160227,1.33863368254948
,4141930,12,0.00239098360464297,1.34241129044507
,4149264,2,0.00260915602475159,1.32226639685944
,4156597,5,0.00253071097702851,1.32800729991726
,4163220,11,0.00246112305439479,1.3336781767496
,4170554,2,0.00240212698937625,1.33924599811328
,4177650,10,0.00259035804179206,1.32513264627658
,4184983,12,0.00251579935411844,1.33108093195225
,4192080,8,0.00245037688793728,1.33675180537598
,4199413,11,0.00239031776307748,1.34255690899009
,4206747,1,0.00254010435865609,1.33452483157748
,4213843,9,0.00246669783146753,1.34067369012859
,4221176,12,0.00240227789955768,1.3463182080466
,4228273,8,0.00234814548486389,1.35141377833011
,4235606,10,0.00249636206759908,1.33909437626757
,4242940,1,0.00242901347881496,1.34395334298459
,4249563,7,0.00237175609644517,1.34904025023526
,4256896,10,0.00232027125934082,1.3538016109187
,4263993,6,0.0025124650650288,1.33911252678052
,4271326,8,0.0024458750918017,1.34346353999723
,4278423,4,0.00238512342143448,1.34817571681462
,4285756,6,0.00233285407231808,1.35232768300352
,4293089,9,0.00254881404640636,1.33535499320373
,4300186,5,0.00247879874304236,1.3404607658733
,4307519,7,0.00241680395307787,1.34488281711495
,4314616,3,0.00236222801831345,1.34898708553075
,4321949,6,0.0025846584708046,1.32754524196889
,4329282,8,0.00251103513500874,1.33235395847969
,4336142,9,0.002445287328704,1.3372324792814
,4343475,12,0.00238821660612802,1.3414869669345
,4350572,8,0.00254051702786664,1.32762569571803
,4357905,10,0.00246750758214363,1.33306936623194
,4365002,6,0.00240530864489336,1.33809101009983
,4372335,9,0.00235034512673178,1.34351055416268
,4379668,11,0.00251816877058195,1.3297013335161
,4386765,7,0.00244980339855773,1.33501995785077
,4394098,10,0.00239097425151609,1.34083741221218
,4401195,5,0.00234288092403147,1.34636873432003
,4408528,8,0.00255250241052011,1.33607741061541
,4415861,10,0.00248754776970711,1.34182954538287
,4422485,5,0.00242959219008819,1.34729964277042
,4429818,8,0.00237622475051606,1.35330041283777
,4436915,3,0.00252923393521621,1.33945928024393
,4444248,6,0.0024636100289387,1.34500481336065
,4451345,2,0.00240383867777792,1.3500140466059
,4458678,4,0.00235179484771202,1.35466901369958
,4466011,7,0.00258231403689142,1.33799665406851
,4473108,3,0.0025130492032111,1.34300356672807
,4480441,5,0.00245168773996829,1.34762122594869
,4487538,1,0.00239708896362905,1.35177779959547
,4494871,4,0.00260653796260075,1.33459644560517
,4502204,6,0.00253174659260193,1.33931312301687
,4508828,1,0.00246528787471759,1.34330878991683
,4516161,3,0.00240747484343859,1.34691106088651
,4523257,11,0.00264716661514764,1.32581101043655
,4530591,2,0.00256758039407983,1.33039563452285
,4537687,9,0.00249748742552243,1.33513581674717
,4545020,12,0.00243579723242624,1.33974890048786
,4552354,3,0.00259026282507827,1.32683257941185
,4559450,10,0.00251325837839466,1.33309641257658
,4566784,1,0.00244410934756716,1.33922688213269
,4573880,9,0.00238277287469494,1.34520003001298
,4581213,11,0.00254334986364497,1.33600407394879
,4588547,2,0.00246916240719254,1.34139053384446
,4595170,8,0.00240592583827319,1.3465610919227
,4602503,11,0.00235074063405778,1.35177862566846
,4609600,7,0.00249600165678217,1.34120408603495
,4616933,9,0.00242836764108973,1.34707394948883
,4624030,5,0.00236971547661833,1.35287303106561
,4631363,8,0.0023211884801987,1.35769185061417
,4638696,10,0.00253020170320693,1.34312120062647
,4645793,6,0.00246331316040374,1.34723840638167
,4653126,8,0.00240375822585943,1.35179700605102
,4660223,4,0.00234918656842499,1.35709227593509
,4667556,7,0.00255775553847926,1.33991044697668
,4674889,9,0.00248776423195661,1.34473685020801
,4681749,11,0.00242538157777633,1.34929196328238
,4689083,1,0.0023730373314852,1.35293213459343
,4696179,9,0.00261059853538003,1.33051041414755
,4703512,11,0.00253680503984046,1.33556373356948
,4710609,7,0.00247043234701375,1.34045814538147
,4717942,10,0.00241150993121546,1.34523605345784
,4725275,12,0.00254838693947425,1.33010622182957
,4732372,8,0.00247485321779373,1.33546835397555
,4739705,11,0.00240982913870706,1.34083515230765
,4746802,7,0.00235413663526499,1.34568842035071
,4754135,9,0.00254250872357684,1.33243723881239
,4761468,12,0.00247284488411236,1.33800172146813
,4768092,6,0.00241370325693008,1.34308917692823
,4775425,9,0.00236309617357897,1.34884921251103
,4782522,5,0.00253604158060625,1.33688388667478
,4789855,7,0.00246879596126316,1.34306122572463
,4796952,3,0.00240771990146787,1.3495007598239
,4804285,5,0.00235558622649992,1.35525883637473
,4811618,8,0.00252135312744551,1.34466392769628
,4818715,4,0.00245483402573354,1.34991117909058
,4826048,6,0.00239568876363835,1.35463308464586
,4833145,2,0.0023406051873329,1.35915647385616
