Year,Month,YearMonth,basin_precip_total_mm,n_valid_stations,basin_weight_coverage_pct
1895,1,1895-01,31.699999999999996,1,0
1895,2,1895-02,44.699999999999996,1,0
1895,3,1895-03,29,1,0
1895,4,1895-04,16.5,1,0
1895,5,1895-05,41.2,1,0
1895,6,1895-06,23.099999999999998,1,0
1895,7,1895-07,57.599999999999994,1,0
1895,8,1895-08,63.8,1,0
1895,9,1895-09,52.5,1,0
1895,10,1895-10,43,1,0
1895,11,1895-11,83.4,1,0
1895,12,1895-12,38.1,1,0
1896,1,1896-01,108.2,1,0
1896,2,1896-02,87.6,1,0
1896,3,1896-03,24.3,1,0
1896,4,1896-04,21.2,1,0
1896,5,1896-05,5.9,1,0
1896,6,1896-06,38.4,1,0
1896,7,1896-07,32.4,1,0
1896,8,1896-08,10.2,1,0
1896,9,1896-09,9.1,1,0
1896,10,1896-10,45.199999999999996,1,0
1896,11,1896-11,28.7,1,0
1896,12,1896-12,77.9,1,0
1897,1,1897-01,65.6,1,0
1897,2,1897-02,36.4,1,0
1897,3,1897-03,13.2,1,0
1897,4,1897-04,36.2,1,0
1897,5,1897-05,47.9,1,0
1897,6,1897-06,48.4,1,0
1897,7,1897-07,59.89999999999999,1,0
1897,8,1897-08,26.3,1,0
1897,9,1897-09,35.3,1,0
1897,10,1897-10,37.6,1,0
1897,11,1897-11,49.4,1,0
1897,12,1897-12,18.3,1,0
1898,1,1898-01,NA,0,0
1898,2,1898-02,NA,0,0
1898,3,1898-03,11.5,1,0
1898,4,1898-04,1.8,1,0
1898,5,1898-05,7.7,1,0
1898,6,1898-06,23.9,1,0
1898,7,1898-07,77.2,1,0
1898,8,1898-08,9.7,1,0
1898,9,1898-09,16.5,1,0
1898,10,1898-10,33.8,1,0
1898,11,1898-11,22.299999999999997,1,0
1898,12,1898-12,18,1,0
1899,1,1899-01,99.8,1,0
1899,2,1899-02,4.6,1,0
1899,3,1899-03,25.4,1,0
1899,4,1899-04,0.8,1,0
1899,5,1899-05,20.2,1,0
1899,6,1899-06,NA,0,0
1899,7,1899-07,NA,0,0
1899,8,1899-08,NA,0,0
1899,9,1899-09,24.2,1,0
1899,10,1899-10,40.699999999999996,1,0
1899,11,1899-11,8.8,1,0
1899,12,1899-12,43.6,1,0
1900,1,1900-01,12.700000000000001,1,0
1900,2,1900-02,31.9,1,0
1900,3,1900-03,26.9,1,0
1900,4,1900-04,7.6000000000000005,1,0
1900,5,1900-05,37.699999999999996,1,0
1900,6,1900-06,34.8,1,0
1900,7,1900-07,39.4,1,0
1900,8,1900-08,17.299999999999997,1,0
1900,9,1900-09,12.7,1,0
1900,10,1900-10,8.1,1,0
1900,11,1900-11,30.5,1,0
1900,12,1900-12,19.599999999999998,1,0
1901,1,1901-01,30.5,1,0
1901,2,1901-02,6.3999999999999995,1,0
1901,3,1901-03,18,1,0
1901,4,1901-04,30.400000000000002,1,0
1901,5,1901-05,34.3,1,0
1901,6,1901-06,42,1,0
1901,7,1901-07,36.8,1,0
1901,8,1901-08,3.8000000000000003,1,0
1901,9,1901-09,10.2,1,0
1901,10,1901-10,7.6000000000000005,1,0
1901,11,1901-11,67,1,0
1901,12,1901-12,36.2,1,0
1902,1,1902-01,29.1,1,0
1902,2,1902-02,36.9,1,0
1902,3,1902-03,10.9,1,0
1902,4,1902-04,12.6,1,0
1902,5,1902-05,33,1,0
1902,6,1902-06,48.3,1,0
1902,7,1902-07,40.5,1,0
1902,8,1902-08,51.5,1,0
1902,9,1902-09,29.4,1,0
1902,10,1902-10,14.5,1,0
1902,11,1902-11,46.4,1,0
1902,12,1902-12,53.1,1,0
1903,1,1903-01,45.3,1,0
1903,2,1903-02,17,1,0
1903,3,1903-03,14.2,1,0
1903,4,1903-04,38.8,1,0
1903,5,1903-05,13.2,1,0
1903,6,1903-06,86.4,1,0
1903,7,1903-07,33,1,0
1903,8,1903-08,78.6,1,0
1903,9,1903-09,37.3,1,0
1903,10,1903-10,42.1,1,0
1903,11,1903-11,55.1,1,0
1903,12,1903-12,33,1,0
1904,1,1904-01,32.6,1,0
1904,2,1904-02,31.2,1,0
1904,3,1904-03,20.3,1,0
1904,4,1904-04,4.5,1,0
1904,5,1904-05,29,1,0
1904,6,1904-06,41.699999999999996,1,0
1904,7,1904-07,22.1,1,0
1904,8,1904-08,5.1,1,0
1904,9,1904-09,53.4,1,0
1904,10,1904-10,30.200000000000003,1,0
1904,11,1904-11,50.4,1,0
1904,12,1904-12,62.1,1,0
1905,1,1905-01,22.9,1,0
1905,2,1905-02,22.7,1,0
1905,3,1905-03,31.499999999999996,1,0
1905,4,1905-04,25.799999999999997,1,0
1905,5,1905-05,31.400000000000002,1,0
1905,6,1905-06,14.5,1,0
1905,7,1905-07,8.399999999999999,1,0
1905,8,1905-08,75.1,1,0
1905,9,1905-09,24.3,1,0
1905,10,1905-10,33,1,0
1905,11,1905-11,25.8,1,0
1905,12,1905-12,61.4,1,0
1906,1,1906-01,45.1,1,0
1906,2,1906-02,15.200000000000001,1,0
1906,3,1906-03,2.6,1,0
1906,4,1906-04,20.5,1,0
1906,5,1906-05,8.3,1,0
1906,6,1906-06,44.3,1,0
1906,7,1906-07,24.9,1,0
1906,8,1906-08,22.099999999999998,1,0
1906,9,1906-09,39.3,1,0
1906,10,1906-10,56.199999999999996,1,0
1906,11,1906-11,59.4,1,0
1906,12,1906-12,45.199999999999996,1,0
1907,1,1907-01,36.6,1,0
1907,2,1907-02,17.2,1,0
1907,3,1907-03,12.6,1,0
1907,4,1907-04,25.9,1,0
1907,5,1907-05,18.8,1,0
1907,6,1907-06,43,1,0
1907,7,1907-07,23.9,1,0
1907,8,1907-08,71,1,0
1907,9,1907-09,42.9,1,0
1907,10,1907-10,16,1,0
1907,11,1907-11,36.6,1,0
1907,12,1907-12,32.8,1,0
1908,1,1908-01,17.9,1,0
1908,2,1908-02,52,1,0
1908,3,1908-03,48.8,1,0
1908,4,1908-04,22.4,1,0
1908,5,1908-05,83.2,1,0
1908,6,1908-06,51,1,0
1908,7,1908-07,40.9,1,0
1908,8,1908-08,35.800000000000004,1,0
1908,9,1908-09,54.1,1,0
1908,10,1908-10,11.7,1,0
1908,11,1908-11,42,1,0
1908,12,1908-12,29.5,1,0
1909,1,1909-01,26.7,1,0
1909,2,1909-02,41.4,1,0
1909,3,1909-03,9.7,1,0
1909,4,1909-04,3.3,1,0
1909,5,1909-05,5.7,1,0
1909,6,1909-06,31.9,1,0
1909,7,1909-07,12.5,1,0
1909,8,1909-08,47.3,1,0
1909,9,1909-09,33.199999999999996,1,0
1909,10,1909-10,32.3,1,0
1909,11,1909-11,40.3,1,0
1909,12,1909-12,27.5,1,0
1910,1,1910-01,18.8,1,0
1910,2,1910-02,33.6,1,0
1910,3,1910-03,16,1,0
1910,4,1910-04,14.299999999999999,1,0
1910,5,1910-05,59.300000000000004,1,0
1910,6,1910-06,39.3,1,0
1910,7,1910-07,NA,0,0
1910,8,1910-08,43.9,1,0
1910,9,1910-09,29,1,0
1910,10,1910-10,49.3,1,0
1910,11,1910-11,84.8,1,0
1910,12,1910-12,49.8,1,0
1911,1,1911-01,33.1,1,0
1911,2,1911-02,17.5,1,0
1911,3,1911-03,18.599999999999998,1,0
1911,4,1911-04,42.699999999999996,1,0
1911,5,1911-05,6.3,1,0
1911,6,1911-06,41.1,1,0
1911,7,1911-07,26.1,1,0
1911,8,1911-08,19.3,1,0
1911,9,1911-09,24.8,1,0
1911,10,1911-10,16.6,1,0
1911,11,1911-11,50.8,1,0
1911,12,1911-12,48,1,0
1912,1,1912-01,34.699999999999996,1,0
1912,2,1912-02,17.9,1,0
1912,3,1912-03,3.5,1,0
1912,4,1912-04,26.4,1,0
1912,5,1912-05,8.9,1,0
1912,6,1912-06,28.5,1,0
1912,7,1912-07,6.4,1,0
1912,8,1912-08,57.5,1,0
1912,9,1912-09,17.4,1,0
1912,10,1912-10,19,1,0
1912,11,1912-11,20.3,1,0
1912,12,1912-12,32.8,1,0
1913,1,1913-01,66,1,0
1913,2,1913-02,15.000000000000002,1,0
1913,3,1913-03,25.7,1,0
1913,4,1913-04,21.099999999999998,1,0
1913,5,1913-05,37.3,1,0
1913,6,1913-06,32.3,1,0
1913,7,1913-07,82.4,1,0
1913,8,1913-08,47.5,1,0
1913,9,1913-09,78.2,1,0
1913,10,1913-10,45.4,1,0
1913,11,1913-11,32.199999999999996,1,0
1913,12,1913-12,20.4,1,0
1914,1,1914-01,33.1,1,0
1914,2,1914-02,36,1,0
1914,3,1914-03,29.1,1,0
1914,4,1914-04,18.7,1,0
1914,5,1914-05,10.9,1,0
1914,6,1914-06,27.9,1,0
1914,7,1914-07,69.2,1,0
1914,8,1914-08,8.1,1,0
1914,9,1914-09,25.5,1,0
1914,10,1914-10,22.599999999999998,1,0
1914,11,1914-11,18.4,1,0
1914,12,1914-12,19.799999999999997,1,0
1915,1,1915-01,9.2,1,0
1915,2,1915-02,21.3,1,0
1915,3,1915-03,18.6,1,0
1915,4,1915-04,18.5,1,0
1915,5,1915-05,34.699999999999996,1,0
1915,6,1915-06,39.1,1,0
1915,7,1915-07,90,1,0
1915,8,1915-08,24.2,1,0
1915,9,1915-09,22.599999999999998,1,0
1915,10,1915-10,57.199999999999996,1,0
1915,11,1915-11,23,1,0
1915,12,1915-12,21.8,1,0
1916,1,1916-01,8,1,0
1916,2,1916-02,12.2,1,0
1916,3,1916-03,28.599999999999998,1,0
1916,4,1916-04,19.353007527601797,2,1.4
1916,5,1916-05,9.258491064939916,2,1.4
1916,6,1916-06,10.375324081978471,2,1.4
1916,7,1916-07,38.85239183039466,2,1.4
1916,8,1916-08,0.040212607146192215,2,1.4
1916,9,1916-09,17.108756823872657,2,1.4
1916,10,1916-10,14.978979773537217,2,1.4
1916,11,1916-11,26.86618485308161,2,1.4
1916,12,1916-12,11.010967074676234,2,1.4
1917,1,1917-01,78.11980807789055,2,1.4
1917,2,1917-02,33.55521777840538,2,1.4
1917,3,1917-03,46.33823564852554,2,1.4
1917,4,1917-04,21.10182784577937,2,1.4
1917,5,1917-05,20.020255416414372,2,1.4
1917,6,1917-06,82.21668390419728,2,1.4
1917,7,1917-07,54.22794920455606,2,1.4
1917,8,1917-08,29.13107337824933,2,1.4
1917,9,1917-09,23.157959547074434,2,1.4
1917,10,1917-10,71.75666321916054,2,1.4
1917,11,1917-11,29.199999999999996,2,1.4
1917,12,1917-12,66.07897977353721,2,1.4
1918,1,1918-01,76.70403809658295,2,1.4
1918,2,1918-02,45.267481180995496,2,1.4
1918,3,1918-03,26.79215709901703,2,1.4
1918,4,1918-04,5.0881190024340786,2,1.4
1918,5,1918-05,11.390860771103137,2,1.4
1918,6,1918-06,23.31005315178654,2,1.4
1918,7,1918-07,56.37296471833362,2,1.4
1918,8,1918-08,32.965802448057396,2,1.4
1918,9,1918-09,0.8109670746762342,2,1.4
1918,10,1918-10,28.42391110797311,2,1.4
1918,11,1918-11,17.534729069808073,2,1.4
1918,12,1918-12,45.603506578717464,2,1.4
1919,1,1919-01,16.200913922889686,2,1.4
1919,2,1919-02,15.121934149352466,2,1.4
1919,3,1919-03,44.31409124836949,2,1.4
1919,4,1919-04,9.020637821438575,2,1.4
1919,5,1919-05,7.733432741894182,2,1.4
1919,6,1919-06,50.9936025397722,2,1.4
1919,7,1919-07,29.465802448057403,2,1.4
1919,8,1919-08,10.554452968356964,2,1.4
1919,9,1919-09,4.722465667217948,2,1.4
1919,10,1919-10,39.08369850082692,2,1.4
1919,11,1919-11,79.45757714205023,2,1.4
1919,12,1919-12,24.371817503261006,2,1.4
1920,1,1920-01,63.53015945535964,2,1.4
1920,2,1920-02,3.335642992697761,2,1.4
1920,3,1920-03,22.840212607146196,2,1.4
1920,4,1920-04,12.08133913718207,2,1.4
1920,5,1920-05,18.444399816570417,2,1.4
1920,6,1920-06,33.378746481354284,2,1.4
1920,7,1920-07,37.9043363222655,2,1.4
1920,8,1920-08,25.28446331087533,2,1.4
1920,9,1920-09,60.41568580196595,2,1.4
1920,10,1920-10,80.4272685738493,2,1.4
1920,11,1920-11,35.635111474832286,2,1.4
1920,12,1920-12,29.15262512257759,2,1.4
1921,1,1921-01,28.031604896114807,2,1.4
1921,2,1921-02,10.199617594975793,2,1.4
1921,3,1921-03,22.686673561678916,2,1.4
1921,4,1921-04,6.3959619034170485,2,1.4
1921,5,1921-05,31.670903580371316,2,1.4
1921,6,1921-06,40.75681233200181,2,1.4
1921,7,1921-07,30.679128886378493,2,1.4
1921,8,1921-08,19.67562230766102,2,1.4
1921,9,1921-09,59.42102022646278,2,1.4
1921,10,1921-10,61.913028212638544,2,1.4
1921,11,1921-11,16.678214963488806,2,1.4
1921,12,1921-12,16.525589840911213,2,1.4
1922,1,1922-01,34.13640780274616,2,1.4
1922,2,1922-02,54.29253950404124,2,1.4
1922,3,1922-03,8.81462276623498,2,1.4
1922,4,1922-04,26.830541860383846,2,1.4
1922,5,1922-05,25.6721999082852,2,1.4
1922,6,1922-06,0.055749296270857375,2,1.4
1922,7,1922-07,10.59543038555157,2,1.4
1922,8,1922-08,15.31370884334529,2,1.4
1922,9,1922-09,57.39634430844125,2,1.4
1922,10,1922-10,20.622848072242157,2,1.4
1922,11,1922-11,29.31424036121077,2,1.4
1922,12,1922-12,20.41606820699014,2,1.4
1923,1,1923-01,37.979362178561416,2,1.4
1923,2,1923-02,9.690478366078931,2,1.4
1923,3,1923-03,32.92635465095962,2,1.4
1923,4,1923-04,2.1063974602278033,2,1.4
1923,5,1923-05,31.35483537338117,2,1.4
1923,6,1923-06,31.48956444318924,2,1.4
1923,7,1923-07,38.205101132313914,2,1.4
1923,8,1923-08,21.62558984091121,2,1.4
1923,9,1923-09,5.506015055203597,2,1.4
1923,10,1923-10,21.118278457793725,2,1.4
1923,11,1923-11,21.630159455359646,2,1.4
1923,12,1923-12,17.88773659740987,2,1.4
1924,1,1924-01,38.063443084412555,2,1.4
1924,2,1924-02,27.92376199513184,2,1.4
1924,3,1924-03,32.79162558115155,2,1.4
1924,4,1924-04,10.21462276623498,2,1.4
1924,5,1924-05,0.8721999082852087,2,1.4
1924,6,1924-06,60.83001034251837,2,1.4
1924,7,1924-07,8.938002356342613,2,1.4
1924,8,1924-08,23.149500948884327,2,1.4
1924,9,1924-09,69.62582313309414,2,1.4
1924,10,1924-10,24.240744125011673,2,1.4
1924,11,1924-11,28.15353904546728,2,1.4
1924,12,1924-12,53.33602539772197,2,1.4
1925,1,1925-01,34.26344308441254,2,1.4
1925,2,1925-02,65.71173188472463,2,1.4
1925,3,1925-03,54.519574785707604,2,1.4
1925,4,1925-04,5.556131701295063,2,1.4
1925,5,1925-05,2.510053151786548,2,1.4
1925,6,1925-06,22.285759638789226,2,1.4
1925,7,1925-07,18.511880997565918,2,1.4
1925,8,1925-08,57.571817503261,2,1.4
1925,9,1925-09,42.3405950121704,2,1.4
1925,10,1925-10,39.827800091714785,2,1.4
1925,11,1925-11,16.531073378249328,2,1.4
1925,12,1925-12,32.13959690993906,2,1.4
1926,1,1926-01,25.554464292961065,3,4.7
1926,2,1926-02,17.354199020003062,3,4.7
1926,3,1926-03,23.216481447970065,3,4.7
1926,4,1926-04,12.632793665378378,3,4.7
1926,5,1926-05,36.121613897864286,3,4.7
1926,6,1926-06,64.61611868659708,3,4.7
1926,7,1926-07,34.018772489132814,3,4.7
1926,8,1926-08,37.11606246590923,3,4.7
1926,9,1926-09,47.11304990942912,3,4.7
1926,10,1926-10,52.13229416238021,3,4.7
1926,11,1926-11,48.453323795582854,3,4.7
1926,12,1926-12,72.26032343588699,3,4.7
1927,1,1927-01,33.622010496862536,3,4.7
1927,2,1927-02,35.35145465012367,3,4.7
1927,3,1927-03,40.12706633591799,3,4.7
1927,4,1927-04,16.099599413093895,2,3.3
1927,5,1927-05,56.658592822143724,2,3.3
1927,6,1927-06,27.110415259558817,2,3.3
1927,7,1927-07,49.5238884878394,2,3.3
1927,8,1927-08,12.347669841826907,2,3.3
1927,9,1927-09,19.00921349884049,2,3.3
1927,10,1927-10,47.42723990961537,2,3.3
1927,11,1927-11,74.15178284473988,2,3.3
1927,12,1927-12,51.01375545372466,3,4.7
1928,1,1928-01,68.04750568251346,3,4.7
1928,2,1928-02,19.396677620702043,3,4.7
1928,3,1928-03,54.24806817047311,3,4.7
1928,4,1928-04,12.902314323351126,3,4.7
1928,5,1928-05,16.013154221585367,3,4.7
1928,6,1928-06,7.426913076378048,3,4.7
1928,7,1928-07,39.17399989576597,3,4.7
1928,8,1928-08,18.42639766182571,3,4.7
1928,9,1928-09,22.29538882980594,3,4.7
1928,10,1928-10,36.47394852216486,3,4.7
1928,11,1928-11,26.905198835923713,3,4.7
1928,12,1928-12,30.29155338110018,3,4.7
1929,1,1929-01,50.053655514038,3,4.7
1929,2,1929-02,12.466350699886892,2,3.3
1929,3,1929-03,32.74229719027866,3,4.7
1929,4,1929-04,14.73170995718622,3,4.7
1929,5,1929-05,14.564140471096369,3,4.7
1929,6,1929-06,42.98565883559495,3,4.7
1929,7,1929-07,95.70232581577619,3,4.7
1929,8,1929-08,29.805496559955888,3,4.7
1929,9,1929-09,3.1205558764726873,3,4.7
1929,10,1929-10,30.966942567149996,3,4.7
1929,11,1929-11,26.35171110642873,3,4.7
1929,12,1929-12,51.132906556316975,3,4.7
1930,1,1930-01,24.624545873939425,3,4.7
1930,2,1930-02,31.714190856370216,3,4.7
1930,3,1930-03,18.638168496137467,3,4.7
1930,4,1930-04,14.642352024415434,3,4.7
1930,5,1930-05,32.475746921933116,3,4.7
1930,6,1930-06,32.27470983758537,3,4.7
1930,7,1930-07,12.000423791285183,3,4.7
1930,8,1930-08,7.41030264751226,3,4.7
1930,9,1930-09,62.13659846126154,3,4.7
1930,10,1930-10,35.83184278871285,3,4.7
1930,11,1930-11,23.63765516917419,2,3.3
1930,12,1930-12,53.43954701471909,3,4.7
1931,1,1931-01,34.78694025585685,3,4.7
1931,2,1931-02,6.710841344252976,3,4.7
1931,3,1931-03,30.727548714640797,3,4.7
1931,4,1931-04,18.18050063943253,3,4.7
1931,5,1931-05,9.000451433135016,3,4.7
1931,6,1931-06,80.02066302119874,3,4.7
1931,7,1931-07,16.193369766407173,3,4.7
1931,8,1931-08,14.470954400786386,3,4.7
1931,9,1931-09,25.21744248997723,3,4.7
1931,10,1931-10,34.11190763540458,3,4.7
1931,11,1931-11,34.63670726883487,2,3.3
1931,12,1931-12,31.512312887188557,3,4.2
1932,1,1932-01,46.79260441816991,3,4.2
1932,2,1932-02,102.06072449705695,3,4.2
1932,3,1932-03,52.79000224138641,3,4.2
1932,4,1932-04,48.66227964153695,3,4.2
1932,5,1932-05,8.877939077450641,3,4.2
1932,6,1932-06,7.613136076482922,3,4.2
1932,7,1932-07,38.02934186891253,3,4.2
1932,8,1932-08,36.98308034829488,3,4.2
1932,9,1932-09,35.36739098717292,3,4.2
1932,10,1932-10,59.037723601649304,3,4.2
1932,11,1932-11,96.87693130988808,3,4.2
1932,12,1932-12,44.29655516479458,3,4.2
1933,1,1933-01,34.00921349884049,2,3.3
1933,2,1933-02,21.709614085746605,2,3.3
1933,3,1933-03,24.793737336029377,2,3.3
1933,4,1933-04,14.861543657013591,2,3.3
1933,5,1933-05,68.37701981982471,2,3.3
1933,6,1933-06,47.77651209906671,2,3.3
1933,7,1933-07,9.860088035916267,2,3.3
1933,8,1933-08,5.701602347624434,2,3.3
1933,9,1933-09,48.97476302491517,2,3.3
1933,10,1933-10,51.021885553308856,2,3.3
1933,11,1933-11,66.41802641077489,2,3.3
1933,12,1933-12,107.05564198727384,2,3.3
1934,1,1934-01,63.48423038413467,2,3.3
1934,2,1934-02,13.293590609502266,2,3.3
1934,3,1934-03,17.655280993042965,2,3.3
1934,4,1934-04,7.583976523755662,2,3.3
1934,5,1934-05,14.266096839507894,2,3.3
1934,6,1934-06,21.163146004638023,2,3.3
1934,7,1934-07,73.0763653725396,2,3.3
1934,8,1934-08,26.022032279835962,2,3.3
1934,9,1934-09,65.3088129119344,2,3.3
1934,10,1934-10,88.73623960637113,3,4.5
1934,11,1934-11,85.41936573909734,4,5.9
1934,12,1934-12,45.834697267961374,4,5.9
1935,1,1935-01,68.2011184137196,4,5.9
1935,2,1935-02,26.528710968431323,4,5.9
1935,3,1935-03,49.0929781863142,4,5.9
1935,4,1935-04,10.65302225184607,4,5.9
1935,5,1935-05,5.085552652627274,4,5.9
1935,6,1935-06,36.31012984136304,4,5.9
1935,7,1935-07,38.28059818709788,4,5.9
1935,8,1935-08,17.874169875081027,4,5.9
1935,9,1935-09,28.7622237388345,4,5.9
1935,10,1935-10,46.57679559485232,4,5.9
1935,11,1935-11,42.328149717963264,4,5.9
1935,12,1935-12,55.58881543669666,4,5.9
1936,1,1936-01,65.78262540679836,4,5.9
1936,2,1936-02,37.60213622229686,4,5.9
1936,3,1936-03,26.198066391895264,4,5.9
1936,4,1936-04,16.228633313566416,4,5.9
1936,5,1936-05,18.921851482871336,4,5.9
1936,6,1936-06,52.362375179973434,4,5.9
1936,7,1936-07,45.677353309733945,4,5.9
1936,8,1936-08,27.30077748642035,3,4.5
1936,9,1936-09,41.83887270025473,4,5.9
1936,10,1936-10,24.134561984924797,4,5.9
1936,11,1936-11,62.61734858415032,4,5.9
1936,12,1936-12,83.87119574565793,4,5.9
1937,1,1937-01,33.153059200471695,4,5.9
1937,2,1937-02,42.93752811286364,4,5.9
1937,3,1937-03,22.639046587045595,4,5.9
1937,4,1937-04,35.180984747729234,4,5.9
1937,5,1937-05,16.310169415943285,4,5.9
1937,6,1937-06,46.73675120898077,4,5.9
1937,7,1937-07,21.905756073661138,4,5.9
1937,8,1937-08,70.26607875345127,4,5.9
1937,9,1937-09,39.00951383614047,4,5.9
1937,10,1937-10,55.84148912483621,4,5.9
1937,11,1937-11,36.743933943722475,4,5.9
1937,12,1937-12,40.93380551453441,4,5.9
1938,1,1938-01,18.316350943979522,4,5.9
1938,2,1938-02,26.538495165931074,4,5.9
1938,3,1938-03,35.02036523347372,4,5.9
1938,4,1938-04,12.523064755873994,4,5.9
1938,5,1938-05,4.103774984223374,4,5.9
1938,6,1938-06,7.800903184485073,4,5.9
1938,7,1938-07,12.203085746548398,4,5.9
1938,8,1938-08,32.690848301733965,4,5.9
1938,9,1938-09,35.85812777443961,4,5.9
1938,10,1938-10,44.35670573190158,4,5.9
1938,11,1938-11,27.136057765815416,4,5.9
1938,12,1938-12,64.11291659250772,4,5.9
1939,1,1939-01,34.485292585878234,4,5.9
1939,2,1939-02,19.712238916159674,4,5.9
1939,3,1939-03,37.21354663135362,4,5.9
1939,4,1939-04,19.405948927352675,4,5.9
1939,5,1939-05,34.341926655234545,4,5.9
1939,6,1939-06,45.049456953602586,4,5.9
1939,7,1939-07,57.052584430134615,4,5.9
1939,8,1939-08,12.224008854637999,4,5.9
1939,9,1939-09,15.949600426397035,4,5.9
1939,10,1939-10,51.18285842694106,4,5.9
1939,11,1939-11,67.15475855533971,4,5.9
1939,12,1939-12,77.83943919963717,4,5.9
1940,1,1940-01,22.682665871353574,4,5.9
1940,2,1940-02,25.20962297609418,4,5.9
1940,3,1940-03,35.38946384632564,4,5.9
1940,4,1940-04,25.097255752666996,4,5.9
1940,5,1940-05,15.223188560383713,4,5.9
1940,6,1940-06,19.847412147203173,4,5.9
1940,7,1940-07,66.67570219435052,4,5.9
1940,8,1940-08,24.49799088672296,4,5.9
1940,9,1940-09,5.863968321037965,4,5.9
1940,10,1940-10,46.03180152909249,4,5.9
1940,11,1940-11,59.4158454148765,4,5.9
1940,12,1940-12,38.0400864364766,4,5.9
1941,1,1941-01,69.22449312371332,4,5.9
1941,2,1941-02,30.702870624911252,4,5.9
1941,3,1941-03,18.26540028355475,3,4.5
1941,4,1941-04,15.029427578850337,4,5.9
1941,5,1941-05,31.217764790299693,4,5.9
1941,6,1941-06,58.36101257259996,4,5.9
1941,7,1941-07,17.812674743751426,4,5.9
1941,8,1941-08,44.19326318025624,4,5.9
1941,9,1941-09,63.30254858627082,4,5.9
1941,10,1941-10,34.1698724280126,4,5.9
1941,11,1941-11,42.95354975404768,4,5.9
1941,12,1941-12,38.24654200257968,4,5.9
1942,1,1942-01,13.383253983425034,4,5.9
1942,2,1942-02,7.184200236548704,4,5.9
1942,3,1942-03,23.721159065420128,4,5.9
1942,4,1942-04,9.331217518866199,4,5.9
1942,5,1942-05,46.987876659653224,4,5.9
1942,6,1942-06,42.61084478467894,3,4.5
1942,7,1942-07,41.23333574389749,3,4.5
1942,8,1942-08,6.674507100956557,3,4.5
1942,9,1942-09,29.68834785038862,3,4.5
1942,10,1942-10,39.50225954197082,3,4.5
1942,11,1942-11,53.7019795928838,3,4.5
1942,12,1942-12,56.35281119569057,3,4.5
1943,1,1943-01,43.107690808285476,3,4.5
1943,2,1943-02,16.605123056172594,3,4.5
1943,3,1943-03,28.722329351827803,3,4.5
1943,4,1943-04,17.950721932995076,3,4.5
1943,5,1943-05,24.482148892238854,3,4.5
1943,6,1943-06,26.254888327824364,3,4.5
1943,7,1943-07,46.73188680177317,3,4.5
1943,8,1943-08,22.09254174125539,3,4.5
1943,9,1943-09,8.435354963380464,3,4.5
1943,10,1943-10,40.22967483976668,3,4.5
1943,11,1943-11,16.52769888597817,3,4.5
1943,12,1943-12,13.292367284783513,3,4.5
1944,1,1944-01,35.00195766773686,3,4.5
1944,2,1944-02,22.305437959905856,3,4.5
1944,3,1944-03,27.560148192163044,3,4.5
1944,4,1944-04,26.133842852053004,3,4.5
1944,5,1944-05,23.181369203762063,3,4.5
1944,6,1944-06,38.920471739735575,3,4.5
1944,7,1944-07,21.634637007067962,3,4.5
1944,8,1944-08,32.64443244352471,3,4.5
1944,9,1944-09,77.20221537733875,3,4.5
1944,10,1944-10,23.924818208425414,3,4.5
1944,11,1944-11,50.69941089848843,3,4.5
1944,12,1944-12,48.917493522932816,3,4.5
1945,1,1945-01,51.47442169226827,3,4.5
1945,2,1945-02,21.229443008745243,3,4.5
1945,3,1945-03,24.42902602772909,3,4.5
1945,4,1945-04,32.01354341323103,3,4.5
1945,5,1945-05,45.44229416382602,3,4.5
1945,6,1945-06,29.4897951750559,3,4.5
1945,7,1945-07,51.51283394838492,3,4.5
1945,8,1945-08,13.638196194752219,3,4.5
1945,9,1945-09,15.07314630767823,3,4.5
1945,10,1945-10,48.04883916084183,3,4.5
1945,11,1945-11,103.77045509439006,3,4.5
1945,12,1945-12,48.912030222547784,3,4.5
1946,1,1946-01,59.48484967634923,3,4.5
1946,2,1946-02,31.619103353928445,3,4.5
1946,3,1946-03,26.146327346239648,3,4.5
1946,4,1946-04,17.18596197001151,3,4.5
1946,5,1946-05,8.332110141328204,3,4.5
1946,6,1946-06,116.39295926352608,3,4.5
1946,7,1946-07,60.3076663667439,3,4.5
1946,8,1946-08,2.960437036897691,3,4.5
1946,9,1946-09,33.521676900694914,3,4.5
1946,10,1946-10,26.14485832018849,3,4.5
1946,11,1946-11,41.59440115122284,3,4.5
1946,12,1946-12,38.852004011176305,3,4.5
1947,1,1947-01,48.43584540294138,3,4.5
1947,2,1947-02,24.06509297235029,3,4.5
1947,3,1947-03,28.667729150218655,3,4.5
1947,4,1947-04,16.427242996882278,3,4.5
1947,5,1947-05,18.67825903116433,3,4.5
1947,6,1947-06,66.3797774783999,3,4.5
1947,7,1947-07,98.53969653635433,3,4.5
1947,8,1947-08,44.75005209474815,3,4.5
1947,9,1947-09,34.19972854237939,3,4.5
1947,10,1947-10,75.72547389447237,3,4.5
1947,11,1947-11,27.522021322103914,3,4.5
1947,12,1947-12,75.46279326567903,3,4.5
1948,1,1948-01,26.13811294162222,3,4.5
1948,2,1948-02,44.595787642663424,3,4.5
1948,3,1948-03,14.642884882794625,3,4.5
1948,4,1948-04,20.88528727939348,3,4.5
1948,5,1948-05,42.645457711041665,3,4.5
1948,6,1948-06,18.403905226550293,3,4.5
1948,7,1948-07,73.41210260173676,3,4.5
1948,8,1948-08,84.0990433386567,3,4.5
1948,9,1948-09,29.784204817745135,3,4.5
1948,10,1948-10,22.38494124052745,3,4.5
1948,11,1948-11,24.71230513884552,3,4.5
1948,12,1948-12,27.87411923343491,3,4.5
1949,1,1949-01,62.19562531675326,3,4.5
1949,2,1949-02,30.6467555588799,3,4.5
1949,3,1949-03,29.13820910174767,4,4.8
1949,4,1949-04,12.623927732120466,4,4.8
1949,5,1949-05,38.517737304097786,3,4.5
1949,6,1949-06,27.264499917405228,3,4.5
1949,7,1949-07,48.4055722516773,3,4.5
1949,8,1949-08,58.599781612386295,4,4.8
1949,9,1949-09,22.54852860746029,4,4.8
1949,10,1949-10,39.489616422818635,4,4.8
1949,11,1949-11,52.20916927952182,4,4.8
1949,12,1949-12,50.90752273136284,4,4.8
1950,1,1950-01,42.93361493145757,4,4.8
1950,2,1950-02,33.91772639309962,4,4.8
1950,3,1950-03,13.16817714736152,4,4.8
1950,4,1950-04,32.29370279216667,4,4.8
1950,5,1950-05,20.429290147532498,4,4.8
1950,6,1950-06,10.90160385592386,3,4.5
1950,7,1950-07,52.66465626824363,3,4.5
1950,8,1950-08,64.82038776808614,3,4.5
1950,9,1950-09,5.989668836649603,3,4.5
1950,10,1950-10,37.23685674202143,3,4.5
1950,11,1950-11,94.58383087866041,3,4.5
1950,12,1950-12,70.61565491541165,3,4.5
1951,1,1951-01,32.916403468755675,3,4.5
1951,2,1951-02,27.394471014017178,3,4.5
1951,3,1951-03,37.040021772774075,3,4.5
1951,4,1951-04,2.0611490181384284,3,4.5
1951,5,1951-05,52.63715244209223,4,5.9
1951,6,1951-06,2.265041997287762,4,5.9
1951,7,1951-07,43.51678118354409,4,5.9
1951,8,1951-08,50.152135899979235,4,5.9
1951,9,1951-09,31.980436879459383,4,5.9
1951,10,1951-10,81.33834608572735,4,5.9
1951,11,1951-11,48.19487631158182,4,5.9
1951,12,1951-12,56.789440605430215,4,5.9
1952,1,1952-01,50.909334491473615,4,5.9
1952,2,1952-02,28.839388607625427,4,5.9
1952,3,1952-03,26.940177895298532,4,5.9
1952,4,1952-04,36.634876575572704,4,5.9
1952,5,1952-05,9.071562142867213,4,5.9
1952,6,1952-06,74.94051339653757,4,5.9
1952,7,1952-07,7.854130514322182,4,5.9
1952,8,1952-08,11.966530685599542,4,5.9
1952,9,1952-09,40.19991884870935,4,5.9
1952,10,1952-10,7.078334709157434,4,5.9
1952,11,1952-11,32.43185911531957,5,6.2
1952,12,1952-12,50.85865775615868,5,6.2
1953,1,1953-01,92.9769537912688,5,6.2
1953,2,1953-02,10.919963313143288,5,6.2
1953,3,1953-03,17.076108519017332,5,6.2
1953,4,1953-04,22.36843531122127,5,6.2
1953,5,1953-05,28.742443736298068,4,5.9
1953,6,1953-06,81.92805593302964,4,5.9
1953,7,1953-07,58.331720336341455,4,5.9
1953,8,1953-08,47.15960767577638,5,6.2
1953,9,1953-09,39.66654488910782,5,6.2
1953,10,1953-10,26.915002997119892,5,6.2
1953,11,1953-11,55.01182221705266,5,6.2
1953,12,1953-12,35.070122240814676,5,6.2
1954,1,1954-01,28.85382977701578,4,5.9
1954,2,1954-02,65.67275109149902,4,5.9
1954,3,1954-03,14.229721614320809,4,5.9
1954,4,1954-04,12.034198138827497,4,5.9
1954,5,1954-05,44.5139898543446,5,6.2
1954,6,1954-06,67.51440048214063,5,6.2
1954,7,1954-07,61.095041686350676,5,6.2
1954,8,1954-08,95.18895646363023,5,6.2
1954,9,1954-09,50.810377799937,5,6.2
1954,10,1954-10,40.50842276112015,5,6.2
1954,11,1954-11,43.40427020166015,5,6.2
1954,12,1954-12,59.210365972652745,5,6.2
1955,1,1955-01,30.421291217300297,5,6.2
1955,2,1955-02,20.40505804838331,5,6.2
1955,3,1955-03,31.583927827087525,5,6.2
1955,4,1955-04,14.845027274360188,5,6.2
1955,5,1955-05,16.692436873648617,5,6
1955,6,1955-06,16.846967956382038,6,6.3
1955,7,1955-07,67.22233585573848,6,6.3
1955,8,1955-08,11.989642787309197,6,6.3
1955,9,1955-09,18.109001718142167,6,6.3
1955,10,1955-10,49.360731977649,6,6.3
1955,11,1955-11,54.87671285102621,6,6.3
1955,12,1955-12,36.54453550553411,6,6.3
1956,1,1956-01,42.918438484270034,6,6.3
1956,2,1956-02,33.38714682236757,6,6.3
1956,3,1956-03,28.65935087566384,6,6.3
1956,4,1956-04,8.429132193744445,6,6.3
1956,5,1956-05,0.7085965490310717,6,6.3
1956,6,1956-06,43.87208376960399,6,6.3
1956,7,1956-07,37.31997119903683,6,6.3
1956,8,1956-08,29.192411154474776,6,6.3
1956,9,1956-09,21.53853204138299,6,6.3
1956,10,1956-10,37.85450128783902,6,6.3
1956,11,1956-11,23.515364729779666,6,6.3
1956,12,1956-12,103.1635570227783,7,6.6
1957,1,1957-01,24.1646951556083,7,6.6
1957,2,1957-02,23.013111147349875,6,6.5
1957,3,1957-03,20.239753401823826,7,6.6
1957,4,1957-04,15.615450098406766,7,6.6
1957,5,1957-05,29.699952295311412,7,6.6
1957,6,1957-06,44.552432922876456,8,7.5
1957,7,1957-07,70.72406135892157,9,9.8
1957,8,1957-08,89.5545374224358,9,9.8
1957,9,1957-09,18.829554604034634,9,9.8
1957,10,1957-10,48.01947231736116,8,7.5
1957,11,1957-11,43.244143755112745,9,9.8
1957,12,1957-12,91.9644467632129,9,9.8
1958,1,1958-01,33.41050222779415,9,9.8
1958,2,1958-02,60.16606625232413,9,9.8
1958,3,1958-03,35.24905526846871,9,9.8
1958,4,1958-04,17.366466868702926,8,9.5
1958,5,1958-05,7.175354439648834,8,9.8
1958,6,1958-06,41.75685482337304,8,9.8
1958,7,1958-07,19.44692179916689,7,9.4
1958,8,1958-08,45.97986759854815,8,9.8
1958,9,1958-09,76.79657860147158,8,9.8
1958,10,1958-10,26.896701587687172,8,9.8
1958,11,1958-11,24.359702902600027,8,9.8
1958,12,1958-12,80.00809822761028,8,9.8
1959,1,1959-01,66.92496987903625,8,9.8
1959,2,1959-02,33.01387376950434,8,9.8
1959,3,1959-03,7.144702499844157,7,9.4
1959,4,1959-04,42.96019121926872,8,9.8
1959,5,1959-05,38.50703650037291,7,9.4
1959,6,1959-06,85.36999740620352,7,9.4
1959,7,1959-07,38.98293578520758,8,9.8
1959,8,1959-08,67.97185444483834,7,9.4
1959,9,1959-09,51.19225375482815,7,9.4
1959,10,1959-10,64.9702470360662,7,9.4
1959,11,1959-11,79.74816911507294,7,9.4
1959,12,1959-12,29.110120311021124,7,9.4
1960,1,1960-01,15.272654070688384,7,9.4
1960,2,1960-02,26.860257463621252,7,9.4
1960,3,1960-03,24.921285748090593,7,9.4
1960,4,1960-04,22.88004231123748,6,8.5
1960,5,1960-05,73.01004471239341,7,9.4
1960,6,1960-06,37.04036282990861,7,9.4
1960,7,1960-07,7.864155370970459,7,9.4
1960,8,1960-08,53.31533803271729,7,9.4
1960,9,1960-09,10.043306524073792,7,9.4
1960,10,1960-10,42.35599210647626,7,9.4
1960,11,1960-11,42.215882972617514,7,9.4
1960,12,1960-12,48.197314955143064,7,9.4
1961,1,1961-01,34.20292330882168,7,9.4
1961,2,1961-02,42.06630311937848,7,9.4
1961,3,1961-03,20.492242593655156,7,9.4
1961,4,1961-04,5.9683502980132825,7,9.4
1961,5,1961-05,50.56938200730811,7,9.4
1961,6,1961-06,22.50217018135408,8,9.8
1961,7,1961-07,28.03402441648971,8,9.8
1961,8,1961-08,16.08602840094681,7,7.4
1961,9,1961-09,41.64039205971378,10,13.6
1961,10,1961-10,34.68979412476906,10,13.6
1961,11,1961-11,37.691251447738345,7,8.4
1961,12,1961-12,57.10132047092172,9,12.7
1962,1,1962-01,58.76427381270536,7,7.3
1962,2,1962-02,19.956511247727594,10,13.6
1962,3,1962-03,10.000479354411192,9,10.8
1962,4,1962-04,24.010083204091824,9,12.2
1962,5,1962-05,36.219153956752066,10,13.6
1962,6,1962-06,80.34836908210782,10,12.9
1962,7,1962-07,27.596648097398358,10,12.9
1962,8,1962-08,60.52261823345317,9,10.1
1962,9,1962-09,10.940059641914491,10,12.9
1962,10,1962-10,70.65937583831645,8,9.6
1962,11,1962-11,53.34248669001578,9,10.3
1962,12,1962-12,68.0564492253456,9,11.7
1963,1,1963-01,8.20105045673498,9,11.7
1963,2,1963-02,34.478142780314116,10,11.7
1963,3,1963-03,23.85801500318064,8,10.3
1963,4,1963-04,18.051299775835872,8,10.1
1963,5,1963-05,10.553293144554301,9,8.5
1963,6,1963-06,28.388118585812066,10,11.7
1963,7,1963-07,70.04426339208074,10,11.7
1963,8,1963-08,29.123674319087108,10,11.7
1963,9,1963-09,73.4027396459419,10,11.7
1963,10,1963-10,12.697029033406515,9,11.5
1963,11,1963-11,44.9039375440157,10,11.7
1963,12,1963-12,39.447672469870085,9,11.5
1964,1,1964-01,40.49997841895488,7,7.1
1964,2,1964-02,21.374489343130517,10,11.7
1964,3,1964-03,38.45670896063791,8,10.1
1964,4,1964-04,14.590316689457204,9,10.3
1964,5,1964-05,21.386697184896576,9,10.3
1964,6,1964-06,81.60452343360274,10,11.7
1964,7,1964-07,95.0897278269416,10,11.7
1964,8,1964-08,32.453541712061615,10,11.7
1964,9,1964-09,67.77576189917293,11,12.3
1964,10,1964-10,32.51806925231987,11,12.3
1964,11,1964-11,45.255589406591916,8,8.1
1964,12,1964-12,33.74548862396998,8,9
1965,1,1965-01,82.23817261406553,10,11.3
1965,2,1965-02,18.70352931765721,10,11.3
1965,3,1965-03,9.20293027682678,9,9
1965,4,1965-04,30.587681795742572,10,10
1965,5,1965-05,19.150603605058667,10,10
1965,6,1965-06,6.742036004197381,11,10.6
1965,7,1965-07,74.3262989950054,11,10.6
1965,8,1965-08,40.72180434411057,11,10.6
1965,9,1965-09,17.818531785298802,10,10
1965,10,1965-10,66.78210227403423,9,7.9
1965,11,1965-11,27.828778803536032,11,10.5
1965,12,1965-12,40.39733594288993,10,10
1966,1,1966-01,117.82966984954187,11,10.5
1966,2,1966-02,17.481326183915296,10,9.5
1966,3,1966-03,27.668918957990225,9,8.1
1966,4,1966-04,21.21859157872611,9,8.1
1966,5,1966-05,8.328979677412123,9,8.1
1966,6,1966-06,34.560985254827585,9,8.1
1966,7,1966-07,22.273663636211655,11,9.2
1966,8,1966-08,78.73874668720948,11,9.2
1966,9,1966-09,36.85865683307172,11,9.2
1966,10,1966-10,43.31116168578323,11,9.2
1966,11,1966-11,66.00020392830157,11,9.2
1966,12,1966-12,66.48169970786319,10,8.6
1967,1,1967-01,52.929765083765695,10,8.6
1967,2,1967-02,28.938113974728626,11,9.2
1967,3,1967-03,29.61459933038885,11,9.2
1967,4,1967-04,20.616633869162975,10,9.1
1967,5,1967-05,35.35076398395389,11,9.2
1967,6,1967-06,9.441596592148295,11,9.2
1967,7,1967-07,39.03066508403753,11,9.2
1967,8,1967-08,21.018545567397794,11,9.2
1967,9,1967-09,37.406470612266745,11,9.2
1967,10,1967-10,79.35622319120681,10,8.6
1967,11,1967-11,24.805989000013312,9,7.6
1967,12,1967-12,62.813032142790476,9,7.6
1968,1,1968-01,72.40103780253493,9,7.6
1968,2,1968-02,37.82734378211378,9,7.6
1968,3,1968-03,24.928789357555086,9,7.6
1968,4,1968-04,12.03926803522651,9,7.6
1968,5,1968-05,50.312078282396726,10,8.2
1968,6,1968-06,36.576080606979986,10,8.2
1968,7,1968-07,54.58123932680847,10,8.2
1968,8,1968-08,65.5297196211649,10,8.2
1968,9,1968-09,46.57559005338708,10,8.2
1968,10,1968-10,71.03805059707865,10,8.2
1968,11,1968-11,28.81396639603932,9,7.6
1968,12,1968-12,44.43317601250798,9,7.6
1969,1,1969-01,22.975577735018522,11,11.8
1969,2,1969-02,11.931433699075251,13,14.6
1969,3,1969-03,24.473357985149697,13,14.6
1969,4,1969-04,36.66732062010605,13,14.6
1969,5,1969-05,27.901877317302652,14,15.2
1969,6,1969-06,22.14532308193797,13,13.1
1969,7,1969-07,7.583134481421555,13,13.1
1969,8,1969-08,52.8034512753722,14,15.2
1969,9,1969-09,89.57373532419182,14,15.2
1969,10,1969-10,39.09110693458846,14,15.2
1969,11,1969-11,44.582969204999486,14,16.8
1969,12,1969-12,32.21099205547998,14,16.8
1970,1,1970-01,45.62555353968398,13,16.7
1970,2,1970-02,16.6958664528875,13,16.7
1970,3,1970-03,16.210182473376864,13,16.7
1970,4,1970-04,8.083554214830938,13,16.7
1970,5,1970-05,42.57828758163624,15,20.6
1970,6,1970-06,14.163194547071493,18,30.3
1970,7,1970-07,68.32359123107896,18,30.3
1970,8,1970-08,14.833371343581613,18,30.3
1970,9,1970-09,52.836922026114586,17,29.4
1970,10,1970-10,18.211827893577762,17,26.2
1970,11,1970-11,66.81081721284426,19,27.8
1970,12,1970-12,39.55563217533686,19,27.8
1971,1,1971-01,79.82882671929711,18,27.5
1971,2,1971-02,30.731757381940255,18,27.5
1971,3,1971-03,38.24641737508011,18,27.5
1971,4,1971-04,10.336582646956465,18,27.5
1971,5,1971-05,19.49450956778254,18,27.5
1971,6,1971-06,60.504756223628895,16,25.9
1971,7,1971-07,66.46895505161736,16,27.1
1971,8,1971-08,53.4712661414224,17,27.4
1971,9,1971-09,45.16677537895043,17,27.4
1971,10,1971-10,52.148333695886386,15,25.5
1971,11,1971-11,51.152858560463144,17,27.4
1971,12,1971-12,101.49283199185858,17,27.4
1972,1,1972-01,54.30281461022319,17,27.4
1972,2,1972-02,71.08976306812298,17,27.4
1972,3,1972-03,51.810604973726576,17,27.4
1972,4,1972-04,15.207824658062771,17,27.4
1972,5,1972-05,1.6898841421874762,17,27.4
1972,6,1972-06,104.08022192732997,17,27.4
1972,7,1972-07,63.1575611822038,17,27.4
1972,8,1972-08,18.223291013220553,16,27.1
1972,9,1972-09,42.58236256911927,16,27.1
1972,10,1972-10,50.52520386603474,16,27.1
1972,11,1972-11,50.97393444053607,17,27.4
1972,12,1972-12,58.71217315460482,17,27.4
1973,1,1973-01,42.129167522206224,17,27.4
1973,2,1973-02,20.61525432673241,16,27.1
1973,3,1973-03,20.448472846389897,16,27.1
1973,4,1973-04,13.675571912055336,16,27.1
1973,5,1973-05,34.048888412299725,16,27.1
1973,6,1973-06,54.02234421587472,16,27.1
1973,7,1973-07,27.83976549558674,16,27.1
1973,8,1973-08,29.079894910797883,18,37.8
1973,9,1973-09,48.67117869125487,18,37.8
1973,10,1973-10,55.025381921732624,18,37.9
1973,11,1973-11,76.80086848368802,18,37.9
1973,12,1973-12,63.0078635895616,18,37.9
1974,1,1974-01,111.11690182091517,18,37.9
1974,2,1974-02,52.69487149234176,18,37.9
1974,3,1974-03,46.64507176324961,18,37.9
1974,4,1974-04,25.878569943024228,18,37.9
1974,5,1974-05,32.745707419868495,19,38
1974,6,1974-06,14.260258046889271,19,38
1974,7,1974-07,44.44032242727703,19,38
1974,8,1974-08,6.135451291438327,19,38
1974,9,1974-09,40.22037270086023,19,38
1974,10,1974-10,41.78359573781851,19,38
1974,11,1974-11,33.89114376317489,20,53.6
1974,12,1974-12,55.30641986721421,18,48.1
1975,1,1975-01,45.965351673065165,20,53.6
1975,2,1975-02,13.291875067333873,19,38
1975,3,1975-03,30.94308758347019,20,53.6
1975,4,1975-04,13.86257186308585,20,53.6
1975,5,1975-05,24.02524186781907,19,51.7
1975,6,1975-06,49.06626696110143,19,51.7
1975,7,1975-07,36.21885945696672,19,50.5
1975,8,1975-08,71.43643672844156,20,53.6
1975,9,1975-09,16.8954110930503,18,36.4
1975,10,1975-10,64.22525569952691,16,33.8
1975,11,1975-11,98.01222127097199,17,33.8
1975,12,1975-12,73.41868375893183,18,36.4
1976,1,1976-01,81.18744668991481,18,36.4
1976,2,1976-02,41.52113628930431,18,36.4
1976,3,1976-03,34.730785199010796,18,36.4
1976,4,1976-04,19.240137660311284,17,34.6
1976,5,1976-05,49.39243104878682,18,36.1
1976,6,1976-06,70.30324656456345,17,34.6
1976,7,1976-07,56.58926393830878,16,31.3
1976,8,1976-08,73.87333267529227,15,28.2
1976,9,1976-09,35.43826095029614,16,30.8
1976,10,1976-10,32.87791006593326,16,31.6
1976,11,1976-11,33.3418826513891,15,31.6
1976,12,1976-12,71.49765599293119,15,31.6
1977,1,1977-01,41.43265232877688,15,31.6
1977,2,1977-02,31.707756323787155,14,28.4
1977,3,1977-03,59.55143657262254,15,31.2
1977,4,1977-04,18.907499524807594,15,31.2
1977,5,1977-05,50.88199064171333,15,31.2
1977,6,1977-06,30.294604703759667,15,31.2
1977,7,1977-07,80.22162135769481,15,31.2
1977,8,1977-08,38.637208965827924,15,31.2
1977,9,1977-09,68.91639670370137,15,31.2
1977,10,1977-10,40.52114171490299,15,31.2
1977,11,1977-11,63.77241129990126,15,31.2
1977,12,1977-12,55.25446599658571,15,31.2
1978,1,1978-01,30.988611790645344,15,31.2
1978,2,1978-02,17.389477840228707,15,31.2
1978,3,1978-03,30.224875103048873,15,31.2
1978,4,1978-04,20.931648652951814,15,31.2
1978,5,1978-05,36.390051746617225,15,31.2
1978,6,1978-06,36.67388995782643,15,31.2
1978,7,1978-07,33.90484622257282,15,31.2
1978,8,1978-08,77.80838705685824,15,31.2
1978,9,1978-09,61.36256836605097,15,31.2
1978,10,1978-10,45.1233929627577,15,31.2
1978,11,1978-11,78.39719601296947,15,31.2
1978,12,1978-12,87.29874875410749,14,30.1
1979,1,1979-01,51.738078332782244,15,31.2
1979,2,1979-02,77.77921797268516,15,31.2
1979,3,1979-03,21.95599206154969,14,28
1979,4,1979-04,27.084251892223897,15,31.2
1979,5,1979-05,55.83057303850358,16,32.5
1979,6,1979-06,36.56186386249387,16,32.5
1979,7,1979-07,49.16600493319026,16,32.5
1979,8,1979-08,20.80771211734896,16,32.5
1979,9,1979-09,48.16476758322428,16,32.5
1979,10,1979-10,33.443514753449186,15,31.4
1979,11,1979-11,4.826798140094443,15,31.4
1979,12,1979-12,64.00316271211395,15,31.4
1980,1,1980-01,47.1371428739118,15,31.4
1980,2,1980-02,30.088410226846115,14,30.1
1980,3,1980-03,32.23462343828134,14,30.1
1980,4,1980-04,7.226186005822451,14,30.1
1980,5,1980-05,41.91413792812594,13,26.9
1980,6,1980-06,53.145164068537625,14,28.3
1980,7,1980-07,50.53352265749184,14,28.3
1980,8,1980-08,67.29726912818244,13,28
1980,9,1980-09,69.99269073805452,14,28.3
1980,10,1980-10,37.558803012705745,14,28.3
1980,11,1980-11,46.35503350388356,14,28.3
1980,12,1980-12,90.25320011894725,13,25.1
1981,1,1981-01,17.53609223377234,14,28.3
1981,2,1981-02,26.25528291503047,14,28.3
1981,3,1981-03,14.162213844456472,14,28.3
1981,4,1981-04,67.2668147219447,15,39.7
1981,5,1981-05,57.41937939296407,15,39.7
1981,6,1981-06,53.9254572405005,15,39.7
1981,7,1981-07,23.822796260118213,16,42.2
1981,8,1981-08,25.99220102238834,16,42.2
1981,9,1981-09,62.495867202008164,17,42.6
1981,10,1981-10,47.886176477631224,17,42.6
1981,11,1981-11,58.86034952513177,17,42.6
1981,12,1981-12,43.32622325557902,17,42.6
1982,1,1982-01,124.41876945199532,17,42.6
1982,2,1982-02,98.56936303313871,17,42.6
1982,3,1982-03,21.974330196990074,16,40.2
1982,4,1982-04,14.676380717433434,16,42.2
1982,5,1982-05,26.887129783666516,14,39.5
1982,6,1982-06,37.437017601141626,16,40.2
1982,7,1982-07,69.80658945020753,17,42.6
1982,8,1982-08,47.74568021499186,16,40
1982,9,1982-09,50.22741237794102,16,40
1982,10,1982-10,65.99518880297641,16,40
1982,11,1982-11,48.11144537919657,16,40
1982,12,1982-12,53.66722517840511,16,40
1983,1,1983-01,61.224606735461165,15,37.5
1983,2,1983-02,34.33119533290747,15,37.5
1983,3,1983-03,14.913853060485003,14,34.3
1983,4,1983-04,8.717894162571799,16,40
1983,5,1983-05,23.760243162014707,16,40
1983,6,1983-06,97.66261915199641,16,40
1983,7,1983-07,99.38640759422223,16,40
1983,8,1983-08,27.711521562123252,16,40
1983,9,1983-09,45.86007898226043,16,40
1983,10,1983-10,44.74910027291784,15,37.5
1983,11,1983-11,56.68009596625314,16,40
1983,12,1983-12,34.75603223316328,14,34.9
1984,1,1984-01,68.70816333197185,16,40
1984,2,1984-02,48.16589156605554,15,37.5
1984,3,1984-03,38.624319357541836,14,34.3
1984,4,1984-04,17.009771838466232,14,37
1984,5,1984-05,60.267001180257125,14,33.9
1984,6,1984-06,60.428221889599065,16,37.5
1984,7,1984-07,23.465529238239313,16,37.5
1984,8,1984-08,61.63055796689223,16,37.5
1984,9,1984-09,62.10624092681627,16,37.5
1984,10,1984-10,73.5197942511405,16,37.5
1984,11,1984-11,71.85064216919807,15,34.6
1984,12,1984-12,64.54067834752392,16,37.2
1985,1,1985-01,29.75440180656316,16,37.2
1985,2,1985-02,64.1892545312958,17,37.7
1985,3,1985-03,35.569161614203146,17,37.7
1985,4,1985-04,24.536983972557266,16,34.5
1985,5,1985-05,28.614831048214274,16,37.2
1985,6,1985-06,42.427717404953405,15,37.1
1985,7,1985-07,12.491371160496936,17,37.7
1985,8,1985-08,32.46025005726941,16,37.5
1985,9,1985-09,57.828463710691466,16,34.5
1985,10,1985-10,83.99907161384733,15,34.3
1985,11,1985-11,31.625433056898057,16,34.5
1985,12,1985-12,19.48262450107127,16,34.5
1986,1,1986-01,79.98195175091112,16,34.5
1986,2,1986-02,43.49746618933563,16,34.5
1986,3,1986-03,45.404091077238476,16,34.5
1986,4,1986-04,33.610904003226345,16,34.5
1986,5,1986-05,47.59526606729988,14,33.8
1986,6,1986-06,56.13291318917415,16,34.5
1986,7,1986-07,44.392662859921785,16,34.5
1986,8,1986-08,16.94988885960074,16,34.5
1986,9,1986-09,60.988975514399655,16,34.5
1986,10,1986-10,39.832836548183096,16,34.5
1986,11,1986-11,110.66187765896171,16,34.5
1986,12,1986-12,44.36203032911216,16,34.5
1987,1,1987-01,47.8145614861221,16,34.5
1987,2,1987-02,39.13559865595669,16,34.5
1987,3,1987-03,48.56924558402111,16,34.5
1987,4,1987-04,37.772058463743654,16,34.5
1987,5,1987-05,25.253347645884894,15,34.4
1987,6,1987-06,23.561282849977466,16,34.5
1987,7,1987-07,57.92846926781893,17,36.7
1987,8,1987-08,52.40871442149437,17,36.7
1987,9,1987-09,33.53112499550175,16,33.4
1987,10,1987-10,51.13551288515157,17,36.7
1987,11,1987-11,81.07858835735249,17,36.7
1987,12,1987-12,41.54490512110025,17,36.7
1988,1,1988-01,72.55943684304007,17,36.7
1988,2,1988-02,53.82081152925901,17,36.7
1988,3,1988-03,32.66031001629492,17,36.7
1988,4,1988-04,29.706001047827865,17,36.7
1988,5,1988-05,62.54507827283571,16,36.2
1988,6,1988-06,66.56842969857087,17,36.7
1988,7,1988-07,36.8115729132758,17,36.7
1988,8,1988-08,41.70803140902088,17,36.7
1988,9,1988-09,74.37060331657919,15,25.3
1988,10,1988-10,36.254579058584994,14,16.7
1988,11,1988-11,45.85951651429348,14,14.5
1988,12,1988-12,60.43517028139236,14,14.5
1989,1,1989-01,48.10109894429042,15,17.2
1989,2,1989-02,10.89954308683273,15,17.2
1989,3,1989-03,38.43509546346203,15,17.2
1989,4,1989-04,14.418602848916773,15,17.2
1989,5,1989-05,29.44084024185754,14,16.7
1989,6,1989-06,32.609587888988074,15,17.2
1989,7,1989-07,76.03066607776202,14,16.7
1989,8,1989-08,76.28706695884676,15,17.2
1989,9,1989-09,16.841907355023235,15,17.2
1989,10,1989-10,35.561210225081076,15,17.2
1989,11,1989-11,47.206545954381376,14,16.9
1989,12,1989-12,92.22192872072014,14,16.7
1990,1,1990-01,41.202272083231186,15,17.2
1990,2,1990-02,30.693091249795614,15,17.2
1990,3,1990-03,23.22944602794127,16,19.7
1990,4,1990-04,16.971678677415586,15,19.2
1990,5,1990-05,56.53790192081225,14,19
1990,6,1990-06,82.94971417485938,16,19.7
1990,7,1990-07,51.949611514056066,16,19.7
1990,8,1990-08,42.678259469718164,16,19.7
1990,9,1990-09,12.096034012963115,16,19.7
1990,10,1990-10,73.16606701450286,15,19.2
1990,11,1990-11,67.04438842155572,16,19.7
1990,12,1990-12,70.52327614716864,15,20.2
1991,1,1991-01,15.130797891135987,15,20.2
1991,2,1991-02,28.14195750672606,15,20.2
1991,3,1991-03,10.358002688914114,15,20.2
1991,4,1991-04,19.12190478682024,15,20.4
1991,5,1991-05,25.03622357553907,16,20.7
1991,6,1991-06,71.85872292661533,16,20.7
1991,7,1991-07,45.762749184994945,14,16
1991,8,1991-08,30.893729361124816,15,19.3
1991,9,1991-09,18.870518107746356,14,19.1
1991,10,1991-10,62.048459853555244,15,19.3
1991,11,1991-11,63.77207725148917,15,19.3
1991,12,1991-12,46.28034880104609,15,19.3
1992,1,1992-01,44.442907809509705,15,19.3
1992,2,1992-02,47.181114817422255,15,19.3
1992,3,1992-03,10.511979007630444,15,19.3
1992,4,1992-04,29.619425912848016,15,19.3
1992,5,1992-05,25.3538545057955,15,19.3
1992,6,1992-06,35.31017704146057,15,19.3
1992,7,1992-07,27.01972386857145,15,18.4
1992,8,1992-08,19.539502563712233,15,18.4
1992,9,1992-09,64.35961285344891,13,14.9
1992,10,1992-10,56.04231468028752,16,19.6
1992,11,1992-11,38.990982595683974,15,18.4
1992,12,1992-12,73.86812913232824,14,18
1993,1,1993-01,20.043250905998647,15,18.4
1993,2,1993-02,3.422685712778876,15,18.4
1993,3,1993-03,6.277612044410585,15,18.4
1993,4,1993-04,53.66470530103015,15,18.4
1993,5,1993-05,65.65561508856302,15,18.4
1993,6,1993-06,129.15922752209656,16,19.6
1993,7,1993-07,74.24517064165697,15,18.4
1993,8,1993-08,56.81605472100799,16,19.6
1993,9,1993-09,13.459203830614879,16,19.6
1993,10,1993-10,28.087232518639794,15,19.4
1993,11,1993-11,46.242428125305096,15,18.4
1993,12,1993-12,33.92082742766564,15,18.4
1994,1,1994-01,99.91177132115818,14,14.8
1994,2,1994-02,61.531035331314165,13,14.5
1994,3,1994-03,8.376541167022683,14,14.8
1994,4,1994-04,23.191458346906494,15,16
1994,5,1994-05,19.51382944372358,15,16
1994,6,1994-06,70.48731744615833,15,16
1994,7,1994-07,25.413602462076078,15,16
1994,8,1994-08,29.926736495245482,14,14.8
1994,9,1994-09,71.70025267992615,13,14.5
1994,10,1994-10,52.22713468931206,14,15.7
1994,11,1994-11,48.58520493737407,12,12
1994,12,1994-12,38.43660902259976,12,14.2
1995,1,1995-01,27.307212536276932,13,14.5
1995,2,1995-02,32.508741905579946,13,14.5
1995,3,1995-03,40.98184476673461,13,14.5
1995,4,1995-04,18.45749273212406,14,15.7
1995,5,1995-05,11.66608444315208,13,15.7
1995,6,1995-06,42.367148051068305,14,18.3
1995,7,1995-07,62.601843396077555,14,18.3
1995,8,1995-08,60.113492765918636,14,18.3
1995,9,1995-09,15.910842041343345,14,18.3
1995,10,1995-10,49.474274689673074,14,18.3
1995,11,1995-11,71.89677268165741,13,17.1
1995,12,1995-12,76.33116998950322,12,16.9
1996,1,1996-01,69.19369946811317,13,17.1
1996,2,1996-02,19.35608029718289,12,14.7
1996,3,1996-03,22.210274602256906,13,17.1
1996,4,1996-04,50.293888015849646,13,15.7
1996,5,1996-05,42.79284287573087,13,15.7
1996,6,1996-06,41.56529630468316,14,18.3
1996,7,1996-07,51.656932427291835,14,18.3
1996,8,1996-08,47.99391259834505,14,18.3
1996,9,1996-09,64.8116195577189,13,15.9
1996,10,1996-10,60.37332610287818,13,15.9
1996,11,1996-11,95.61070897535929,11,14.4
1996,12,1996-12,55.18083995767066,12,14.7
1997,1,1997-01,53.99819890927658,12,14.7
1997,2,1997-02,20.26092232661761,13,15.9
1997,3,1997-03,46.3359027878915,13,15.9
1997,4,1997-04,22.930448304562145,12,15.6
1997,5,1997-05,36.91785580249362,12,15.6
1997,6,1997-06,54.088716920192496,12,15.7
1997,7,1997-07,41.562113647689834,13,15.9
1997,8,1997-08,34.7856289541017,13,15.9
1997,9,1997-09,75.87169991349751,13,15.9
1997,10,1997-10,64.70839356679359,13,15.9
1997,11,1997-11,25.75509342859832,12,14.7
1997,12,1997-12,43.998910828731105,13,15.9
1998,1,1998-01,39.55873379447675,12,14.7
1998,2,1998-02,18.190454876453682,13,15.9
1998,3,1998-03,20.034076801479188,13,15.9
1998,4,1998-04,17.095644897906098,13,15.9
1998,5,1998-05,28.241636102651327,12,15.4
1998,6,1998-06,60.28993014269106,13,15.9
1998,7,1998-07,49.46841880541535,13,15.9
1998,8,1998-08,35.569855046156825,13,15.9
1998,9,1998-09,23.617759844170184,13,15.9
1998,10,1998-10,92.24613155621365,13,15.9
1998,11,1998-11,29.412152994475722,12,14.7
1998,12,1998-12,69.29776654944052,12,14.7
1999,1,1999-01,48.69680054374026,12,14.7
1999,2,1999-02,25.81840239074739,13,15.9
1999,3,1999-03,26.16021117497366,13,15.9
1999,4,1999-04,11.541686860264232,12,14.7
1999,5,1999-05,45.910337484692185,12,15.7
1999,6,1999-06,69.48301600650136,13,15.9
1999,7,1999-07,53.34020663980221,13,15.9
1999,8,1999-08,64.13603314585139,13,15.9
1999,9,1999-09,36.239311443947045,13,15.9
1999,10,1999-10,20.14026332921405,13,15.9
1999,11,1999-11,29.628767913093892,13,15.9
1999,12,1999-12,30.684141085185725,12,14.7
2000,1,2000-01,35.17787327060745,12,14.7
2000,2,2000-02,15.793444522802826,13,15.9
2000,3,2000-03,30.658393628834244,11,14.5
2000,4,2000-04,16.96686031732644,13,15.9
2000,5,2000-05,40.96706008216685,13,15.9
2000,6,2000-06,56.09300134849986,12,15.4
2000,7,2000-07,72.0704764844643,12,15.6
2000,8,2000-08,45.382207990900625,13,15.9
2000,9,2000-09,21.443661065191247,13,15.9
2000,10,2000-10,66.02931543039313,11,14.4
2000,11,2000-11,27.684214779004623,12,14.7
2000,12,2000-12,33.48347271190827,12,14.7
2001,1,2001-01,29.329868289411962,11,14.4
2001,2,2001-02,23.09351114002606,12,14.7
2001,3,2001-03,21.737414124827197,12,14.7
2001,4,2001-04,11.399393945975776,12,14.7
2001,5,2001-05,46.56508462701404,13,15.9
2001,6,2001-06,44.35450092136226,13,15.9
2001,7,2001-07,33.967078887979106,13,15.9
2001,8,2001-08,65.18837824168607,12,14.7
2001,9,2001-09,27.91298129292562,13,15.9
2001,10,2001-10,29.578535539587147,13,15.9
2001,11,2001-11,62.28874180357871,12,14.7
2001,12,2001-12,32.953499500243204,11,12
2002,1,2002-01,39.66968461859877,11,12
2002,2,2002-02,25.752117786626073,11,12
2002,3,2002-03,54.8536698141656,11,12
2002,4,2002-04,47.7791153301329,11,12
2002,5,2002-05,59.5053720863745,12,13.2
2002,6,2002-06,46.10941768461641,12,13.2
2002,7,2002-07,30.721079649892857,11,9.9
2002,8,2002-08,11.29156327138218,11,13
2002,9,2002-09,87.55694717673013,11,13
2002,10,2002-10,20.513729299389883,11,13
2002,11,2002-11,38.364911618883795,10,11.8
2002,12,2002-12,13.401885115164504,10,11.8
2003,1,2003-01,55.10755117486072,10,11.8
2003,2,2003-02,28.858835101381242,10,11.8
2003,3,2003-03,40.12795969725484,10,11.8
2003,4,2003-04,19.75034674569795,10,11.8
2003,5,2003-05,25.450565669345472,11,13
2003,6,2003-06,40.519293189759374,11,13
2003,7,2003-07,43.62334025790417,11,13
2003,8,2003-08,46.000048013567145,11,13
2003,9,2003-09,55.37320816165313,11,13
2003,10,2003-10,69.0717230014017,11,13
2003,11,2003-11,32.784146844736846,10,11.8
2003,12,2003-12,11.564039299132686,10,11.8
2004,1,2004-01,56.06658835321886,10,11.8
2004,2,2004-02,20.39980019554829,10,11.8
2004,3,2004-03,20.874916062240658,10,11.8
2004,4,2004-04,15.199972925849092,10,11.8
2004,5,2004-05,40.77689363418636,11,13
2004,6,2004-06,63.16362004395834,11,13
2004,7,2004-07,60.40521484280441,10,13
2004,8,2004-08,56.95939863182862,10,13
2004,9,2004-09,76.48577261442725,10,13
2004,10,2004-10,51.080215091443556,10,13
2004,11,2004-11,50.01660307993352,9,11.8
2004,12,2004-12,47.920708031373884,9,11.8
2005,1,2005-01,47.11523715927378,8,8.5
2005,2,2005-02,17.437085173003513,8,8.5
2005,3,2005-03,30.46698203811621,8,8.5
2005,4,2005-04,19.19498127121974,8,8.5
2005,5,2005-05,38.50547918286295,9,9.7
2005,6,2005-06,60.07796972125632,8,7.1
2005,7,2005-07,99.24913727150934,9,9.7
2005,8,2005-08,48.47127702742722,9,9.7
2005,9,2005-09,58.63041274421777,10,14.6
2005,10,2005-10,141.54329378948998,10,14.6
2005,11,2005-11,118.60892749590774,10,14.6
2005,12,2005-12,87.45269938358919,10,14.6
2006,1,2006-01,80.17201457101703,10,14.6
2006,2,2006-02,35.44279430535016,10,14.6
2006,3,2006-03,30.89856382589632,10,14.6
2006,4,2006-04,10.268246324226322,10,14.6
2006,5,2006-05,25.892917881981948,10,14.6
2006,6,2006-06,32.89239675523964,10,14.6
2006,7,2006-07,81.83729009897863,10,14.6
2006,8,2006-08,13.665378042131104,10,14.6
2006,9,2006-09,36.41795254783206,10,14.6
2006,10,2006-10,115.45586603785044,9,12.4
2006,11,2006-11,65.2916812197934,7,8
2006,12,2006-12,67.86930004899777,6,7.7
2007,1,2007-01,50.970620446307066,8,8.5
2007,2,2007-02,31.849586808358044,8,12.9
2007,3,2007-03,31.289380007220753,8,13.1
2007,4,2007-04,22.127033867148697,9,13.4
2007,5,2007-05,27.309927142128245,10,14.6
2007,6,2007-06,99.1595445598366,9,12.4
2007,7,2007-07,76.19858086853466,8,11.2
2007,8,2007-08,78.90246716430747,8,11.2
2007,9,2007-09,37.75732128753463,9,12.4
2007,10,2007-10,62.81732174881629,7,9.3
2007,11,2007-11,59.798137638085464,8,11.2
2007,12,2007-12,39.90463258418864,6,8.1
2008,1,2008-01,14.800113582005082,8,11.2
2008,2,2008-02,19.898092070051458,8,11.2
2008,3,2008-03,10.570684387914941,7,8.6
2008,4,2008-04,7.945829563587189,6,8.1
2008,5,2008-05,13.523567835355243,7,9.3
2008,6,2008-06,23.77047774757854,8,9.8
2008,7,2008-07,41.677962427492574,7,9.3
2008,8,2008-08,75.40203209089593,7,11.7
2008,9,2008-09,20.501241465560643,7,9.3
2008,10,2008-10,44.243818727253014,5,6.8
2008,11,2008-11,53.48539197562417,6,9
2008,12,2008-12,31.369173976677928,6,9
2009,1,2009-01,40.40858458883884,8,9.8
2009,2,2009-02,24.08753841291132,8,9.8
2009,3,2009-03,21.83038368538257,6,9
2009,4,2009-04,30.864575183083986,8,9.8
2009,5,2009-05,30.941705761177335,7,9.5
2009,6,2009-06,24.504157155504352,8,9.8
2009,7,2009-07,49.28011241283952,6,9
2009,8,2009-08,9.620292161181926,7,9.3
2009,9,2009-09,40.806526191013425,8,9.8
2009,10,2009-10,30.61799902841083,7,9.5
2009,11,2009-11,21.692022009050998,7,9.5
2009,12,2009-12,17.411203092098873,7,9.5
2010,1,2010-01,15.105784152835806,6,9
2010,2,2010-02,19.636737556570328,4,3
2010,3,2010-03,1.8719215377420235,5,7.8
2010,4,2010-04,15.69252677119636,5,7.8
2010,5,2010-05,42.607357700237586,6,9
2010,6,2010-06,42.405048671720216,6,9
2010,7,2010-07,9.382981924689984,6,9
2010,8,2010-08,30.770239014703826,7,7.6
2010,9,2010-09,64.87188404466647,5,6.9
2010,10,2010-10,36.22073962010434,4,6.9
2010,11,2010-11,42.08183154219959,3,5.7
2010,12,2010-12,19.58013147047755,4,6.9
2011,1,2011-01,68.31542010457,4,6.9
2011,2,2011-02,34.0566783415989,4,6.9
2011,3,2011-03,28.700834888531354,4,6.9
2011,4,2011-04,24.96181039582889,4,6.9
2011,5,2011-05,83.6412444200576,4,6.9
2011,6,2011-06,44.54873529853026,4,6.9
2011,7,2011-07,91.30035263268053,4,6.9
2011,8,2011-08,18.121741429901576,3,2
2011,9,2011-09,39.34413356029828,4,6.9
2011,10,2011-10,10.202802338123115,4,6.9
2011,11,2011-11,42.3900092022806,4,6.9
2011,12,2011-12,24.992456191971627,5,7.1
2012,1,2012-01,40.14469605994063,5,9.5
2012,2,2012-02,32.33838241432278,4,6.9
2012,3,2012-03,21.560396307426927,5,7.1
2012,4,2012-04,40.12473192301965,4,6.9
2012,5,2012-05,8.864435234201856,6,7.1
2012,6,2012-06,42.1573314393408,5,7.1
2012,7,2012-07,18.611980678577645,6,7.6
2012,8,2012-08,20.526736612957123,6,7.6
2012,9,2012-09,7.961528825972502,6,7.6
2012,10,2012-10,56.45262478756382,5,7.3
2012,11,2012-11,37.94096789957594,6,7.6
2012,12,2012-12,25.59942715125594,5,7.1
2013,1,2013-01,27.463947713158177,6,7.6
2013,2,2013-02,15.93224688648413,4,2.4
2013,3,2013-03,25.10953949202507,6,7.6
2013,4,2013-04,33.37030027929268,6,7.6
2013,5,2013-05,47.06952523376525,5,7.1
2013,6,2013-06,61.290825191772,7,7.8
2013,7,2013-07,32.53063199032842,5,1.7
2013,8,2013-08,64.38431967257151,6,7.5
2013,9,2013-09,37.853738507209286,6,2.9
2013,10,2013-10,31.959494895044973,6,7.5
2013,11,2013-11,20.446006380330967,6,7.3
2013,12,2013-12,29.957563122808963,5,7
2014,1,2014-01,35.44955034439422,5,7
2014,2,2014-02,20.93745541475525,5,6.8
2014,3,2014-03,20.07030957703952,5,6.8
2014,4,2014-04,21.132818691122495,5,6.8
2014,5,2014-05,45.632856490372404,4,6.7
2014,6,2014-06,17.51651735613484,4,5.8
2014,7,2014-07,24.968587072969516,6,7.3
2014,8,2014-08,11.511274787440518,5,7
2014,9,2014-09,17.598158022145725,6,7.3
2014,10,2014-10,45.832977756223535,6,7.3
2014,11,2014-11,79.3966668160212,6,7.3
2014,12,2014-12,32.79279549783605,5,2.4
2015,1,2015-01,95.93131688487357,5,7.1
2015,2,2015-02,66.78351236019353,6,7.3
2015,3,2015-03,39.54428855949174,6,7.3
2015,4,2015-04,28.20598932170706,4,6.7
2015,5,2015-05,66.30375114151028,5,7
2015,6,2015-06,21.33219361636951,4,6.8
2015,7,2015-07,18.67529508606291,4,6.8
2015,8,2015-08,31.6219558811001,5,7
2015,9,2015-09,20.793664241105375,5,7
2015,10,2015-10,34.947988539955126,5,7
2015,11,2015-11,7.5798766098256145,6,7.5
2015,12,2015-12,51.842562774964065,6,7.5
2016,1,2016-01,91.20980561542427,6,7.5
2016,2,2016-02,19.46370577679083,6,7.5
2016,3,2016-03,24.994968402651384,6,7.5
2016,4,2016-04,27.272803220834234,6,7.5
2016,5,2016-05,7.6310971418082145,5,7
2016,6,2016-06,63.430731106602735,5,7
2016,7,2016-07,55.508936033967736,5,7
2016,8,2016-08,36.916752512716435,5,7
2016,9,2016-09,37.14506556694391,5,7
2016,10,2016-10,54.6926097010575,4,6.5
2016,11,2016-11,41.5172428885822,5,7
2016,12,2016-12,28.168915928628667,5,7
2017,1,2017-01,28.433243445840873,5,7
2017,2,2017-02,18.51846644701685,5,7
2017,3,2017-03,17.234477938570613,5,7
2017,4,2017-04,29.704811235502294,5,7
2017,5,2017-05,51.8610269436948,5,7
2017,6,2017-06,33.13687692275942,5,7
2017,7,2017-07,13.12961142536624,5,7
2017,8,2017-08,11.102753756012584,5,7
2017,9,2017-09,50.95713413834321,5,7
2017,10,2017-10,60.41386240509175,5,7
2017,11,2017-11,62.63849457337953,5,7
2017,12,2017-12,7.6174547654816775,5,7
2018,1,2018-01,37.89627731968456,5,7
2018,2,2018-02,76.98223188308471,4,2.1
2018,3,2018-03,38.100357836531025,4,2.1
2018,4,2018-04,15.676702175740594,5,7
2018,5,2018-05,9.057694665400954,5,7
2018,6,2018-06,28.798042215497986,4,6.5
2018,7,2018-07,26.16474826584271,4,6.5
2018,8,2018-08,2.2407476069033816,4,6.5
2018,9,2018-09,50.60650788813502,4,6.5
2018,10,2018-10,37.76770809538137,4,6.5
2018,11,2018-11,44.025644064185364,4,6.5
2018,12,2018-12,56.157640113103625,3,5.3
2019,1,2019-01,22.839025440413565,3,5.3
2019,2,2019-02,22.453447693321117,4,6.5
2019,3,2019-03,2.0364813542027256,5,7
2019,4,2019-04,9.333794091190057,5,7
2019,5,2019-05,37.14945928982962,5,7
2019,6,2019-06,34.198786918132875,5,7
2019,7,2019-07,81.83125539997148,5,7
2019,8,2019-08,9.393400980064559,5,7
2019,9,2019-09,29.652339157255938,5,7
2019,10,2019-10,57.4889412631453,4,6.5
2019,11,2019-11,29.782630249990476,5,7
2019,12,2019-12,23.331429692638952,5,7
2020,1,2020-01,79.38010339483097,4,6.5
2020,2,2020-02,16.80169101732691,4,6.5
2020,3,2020-03,9.858847539349167,4,6.5
2020,4,2020-04,15.271634550722725,5,7
2020,5,2020-05,18.519168458218573,4,5.8
2020,6,2020-06,64.54318098991011,4,5.8
2020,7,2020-07,43.28516333172294,4,5.8
2020,8,2020-08,42.344994463056544,4,5.8
2020,9,2020-09,26.62300525434586,4,5.8
2020,10,2020-10,74.65553422519491,4,5.8
2020,11,2020-11,62.37697063037125,4,6.5
2020,12,2020-12,29.682500311734046,4,6.5
2021,1,2021-01,17.154528935436574,5,7
2021,2,2021-02,29.82168000640855,4,6.5
2021,3,2021-03,6.482795319098173,4,6.5
2021,4,2021-04,7.754823013215987,4,6.5
2021,5,2021-05,63.42502699696588,4,6.5
2021,6,2021-06,20.250842153783992,4,6.5
2021,7,2021-07,34.58645714057848,4,6.5
2021,8,2021-08,27.619785547969162,4,6.5
2021,9,2021-09,49.84518220205507,4,6.5
2021,10,2021-10,14.621648689921674,4,6.5
2021,11,2021-11,44.046171174719326,3,6.3
2021,12,2021-12,31.38775702437048,3,6.3
2022,1,2022-01,39.65698980156295,3,6.3
2022,2,2022-02,15.471270147915632,3,6.3
2022,3,2022-03,6.94734432053135,3,6.3
2022,4,2022-04,26.348095583975592,3,6.3
2022,5,2022-05,50.527097334313126,3,6.3
2022,6,2022-06,74.78102615150189,3,6.3
2022,7,2022-07,40.14084720882129,4,6.9
2022,8,2022-08,27.787712968325838,4,6.9
2022,9,2022-09,4.305011805959266,4,6.9
2022,10,2022-10,19.894649151575276,4,6.9
2022,11,2022-11,30.904828819929893,4,6.9
2022,12,2022-12,27.170104955488462,4,6.9
2023,1,2023-01,25.12712013594393,3,2.1
2023,2,2023-02,41.68166356599455,2,1.4
2023,3,2023-03,9.113415351377137,2,1.4
2023,4,2023-04,23.921909620125966,2,1.4
2023,5,2023-05,9.36830702754277,2,1.4
2023,6,2023-06,18.866178279718998,3,2.1
2023,7,2023-07,76.63415365188395,3,2.1
2023,8,2023-08,21.195292423241685,4,6.9
2023,9,2023-09,12.458062754296776,4,6.9
2023,10,2023-10,24.779061688353693,4,6.9
2023,11,2023-11,23.525750091598262,4,6.9
2023,12,2023-12,25.981777656379112,4,6.9
2024,1,2024-01,32.77666723321286,4,6.9
2024,2,2024-02,14.02301659262831,4,6.9
2024,3,2024-03,12.461157036199852,4,6.9
2024,4,2024-04,8.53649453642996,4,6.9
2024,5,2024-05,21.903276780377332,4,6.9
2024,6,2024-06,51.45486715889194,4,6.9
2024,7,2024-07,13.778163888381155,4,6.9
2024,8,2024-08,18.274340693055148,4,6.9
2024,9,2024-09,41.63314567760446,4,6.9
2024,10,2024-10,36.524926724264276,4,6.9
2024,11,2024-11,46.77675459065199,4,6.9
2024,12,2024-12,43.762441032256525,4,6.9
2025,1,2025-01,12.873896322869028,4,6.9
2025,2,2025-02,16.956754224927675,4,6.9
2025,3,2025-03,14.88458744405986,4,6.9
2025,4,2025-04,15.658473435361458,4,6.9
2025,5,2025-05,25.648540754556727,4,6.9
2025,6,2025-06,18.301728146868506,3,5.7
2025,7,2025-07,13.853280893360857,3,6.8
2025,8,2025-08,29.419742859588723,3,6.8
2025,9,2025-09,25.209639956772026,3,6.8
2025,10,2025-10,19.296706480890816,3,6.8
2025,11,2025-11,32.69303383733425,3,6.8
2025,12,2025-12,65.57286274323779,3,6.8
